PK,NOMBRE,DESCRIPCION-ENTIDAD,HORARIO,TRANSPORTE,ACCESIBILIDAD,CONTENT-URL,NOMBRE-VIA,CLASE-VIAL,NUM,LOCALIDAD,PROVINCIA,CODIGO-POSTAL,BARRIO,DISTRITO,COORDENADA-X,COORDENADA-Y,LATITUD,LONGITUD,TELEFONO,Column
4949641,Casa - Museo del Ratoncito Pérez," La residencia de la familia Pérez está  situada en los sótanos de la confitería Prasi,  en el número ocho de la calle del Arenal, según cita Luis Coloma. ","  Lunes  de 17 a 20 horas.  De martes a viernes de 11 a 14 horas y de 17 a 20 horas.  Sábados de 11 a 15 horas y de 16 a 20 horas.  Domingos y festivos de 12 a 15 horas y de 16 a 19 horas.  Horario orientativo, consultar disponiblidad en la web del Museo.    "," Metro: Sol (líneas: 1, 2 y 3)  Bus: 3, 50 ",0,http://www.madrid.es/vgn-ext-templating/v/index.jsp?vgnextchannel=9e4c43db40317010VgnVCM100000dc0ca8c0RCRD&vgnextoid=990950e86d4ca110VgnVCM2000000c205a0aRCRD,ARENAL,CALLE,8,MADRID,MADRID,28013,SOL,CENTRO,440254,4474494,40.41704834412296,-3.7055288844865233,915 226 968, 
4847190,Casa Museo Lope de Vega,"&quot;Mi casilla, mi quietud, mi g&uuml;ertecillo y estudio&quot;. Así define su casa Félix Lope de Vega (1562-1635) en una carta dirigida a un amigo. Situada en pleno centro histórico, en el Barrio de las Letras, la Casa Museo Lope de Vega se ubica en el edificio donde el escritor vivió sus últimos 25 años. La recreación de ambientes, cuyo objetivo es que se respire la presencia de Lope, evoca la vida cotidiana del Siglo de Oro y nos acerca a su intimidad. El equipamiento de la casa incorpora obras de arte, mobiliario, enseres y ediciones bibliográficas vinculadas al literato y su tiempo. "," Para la visita es  imprescindible reserva anticipada  en:  casamuseolopedevega@madrid.org  o en el teléfono: 914 299 216, en horario del museo   De martes a domingo de 10 a 18 horas.   Cerrado los lunes, días 1 y 6 de enero, 1 y 15 de mayo y 24, 25 y 31 de diciembre   Este horario puede sufrir alteraciones por actividades extraordinarias que se celebran en este espacio. "," Metro: Antón Martín (línea 1)   Bus: 6, 9, 10, 14, 26, 27, 32, 34, 37, 45, 57 ",0,http://www.madrid.es/vgn-ext-templating/v/index.jsp?vgnextchannel=9e4c43db40317010VgnVCM100000dc0ca8c0RCRD&vgnextoid=4eff8c46145e8110VgnVCM2000000c205a0aRCRD,CERVANTES,CALLE,11,MADRID,MADRID,28014,CORTES,CENTRO,440935,4474190,40.414358466555235,-3.6974741545860015,914 299 216, 
5682031,Castillo de la Alameda,El edificio está incorporado al sistema &quot;museosdemadrid&quot; donde se realizan talleres para escolares y actividades en verano.,"  Abierto fines de semana y festivos (incluso los lunes festivos)  De abril a septiembre: sábados, domingos y festivos de 10 a 21 horas  De octubre a marzo: sábados, domingos y festivos de 10 a 18 horas  Cerrado: 24, 25, 31 de diciembre, 1 de enero, 6 de enero, 1 de mayo.  "," Metro: Alameda de Osuna (línea 5), El Capricho (línea 5)  Autobuses: 101, 105, 112, 114, 115 y 151 ",0,http://www.madrid.es/vgn-ext-templating/v/index.jsp?vgnextchannel=9e4c43db40317010VgnVCM100000dc0ca8c0RCRD&vgnextoid=fe43c4be8e688210VgnVCM1000000b205a0aRCRD,ANTONIO SANCHA,CALLE,1,MADRID,MADRID,28042,ALAMEDA DE OSUNA,BARAJAS,449807,4479009,40.45835460563491,-3.5932903820278788,"913 667 415                                                                   
", 
2064,Casón del Buen Retiro," Edificio que forma parte del Museo Nacional del Prado, donde pueden consultarse fondos de la Biblioteca, del Archivo y del Servicio de Documentación de la colección del Museo y de otras fuentes relativas a la historia del arte. ","  Mañanas    De lunes a jueves, de 9 a 15 horas. (Servicio de libros y otros materiales hasta las 14:30 horas)   Viernes, de 9 a 14:30 horas. (Servicio de libros y otros materiales hasta las 14 horas)     Tardes.  Lunes y miércoles, de 15 a 18 horas. (Servicio de libros y otros materiales hasta las 17:30 horas)   Horario de verano     Desde el 16 de junio al 15 de septiembre  Lunes a viernes, de 9 a 14:30 horas   "," Metro: Atocha (Línea 1)  Bus: 19, 10, 14, 27, 34, 37, 45  Renfe: Atocha ",0,http://www.madrid.es/vgn-ext-templating/v/index.jsp?vgnextchannel=9e4c43db40317010VgnVCM100000dc0ca8c0RCRD&vgnextoid=f0443d0b5e71c010VgnVCM1000000b205a0aRCRD,ALFONSO XII,CALLE,28,MADRID,MADRID,28014,LOS JERONIMOS,RETIRO,441635,4474285,40.415263749471535,-3.689232811717636,902 107 077, 
103331,Centro Social y Cultural la Casa Encendida," Edificio de carácter monumental. De estilo neomudéjar, fue diseñado por el arquitecto Fernando Arbós e inaugurado en el año 1913. Cuenta con más de 6.000 metros cuadrados de instalaciones divididas en 4 plantas y una azotea. ","  De lunes a domingo de 10 a 22 horas (todos los días del año, excepto festividades nacionales y de la Comunidad de Madrid)  Exposiciones: de 10 a 21:45 horas  "," Metro: Embajadores (línea 3), Lavapies (línea 3), Atocha (línea 1)   Bus: 27, 34, 36, 41, 68, 69, 119   Renfe: Embajadores ",1,http://www.madrid.es/vgn-ext-templating/v/index.jsp?vgnextchannel=9e4c43db40317010VgnVCM100000dc0ca8c0RCRD&vgnextoid=c27f8899fc81c010VgnVCM1000000b205a0aRCRD,VALENCIA,RONDA,2,MADRID,MADRID,28012,EMBAJADORES,CENTRO,440732,4473259,40.40595710517701,-3.699779793558763,"902 430 322                                              
", 
6469186,Ermita de San Antonio de la Florida (Museo)," Ermita dedicada a San Antonio de Padua y pequeño museo. Las pinturas murales que la decoran son de Francisco de Goya. Alberga los restos mortales del artista desde 1919. Para preservar sus pinturas, en 1929 se trasladó el culto a una ermita gemela construida a su lado, dejando el edificio original como museo. ","  De martes a domingos y festivos de 9:30 a 20 horas.   Cerrado  los lunes, incluidos festivos, y los días 1 y 6 de enero, 1 de mayo y 24, 25 y 31 de diciembre.   Último pase de visita:  20 minutos antes del cierre (el desalojo de las salas comenzará 10 minutos antes)   Por motivos de conservación, el aforo máximo es de 50 personas en el interior de la capilla.  Los sábados que se celebren Visitas animadas para familias se interrumpirá la visita durante el desarrollo de las mismas.  Este horario y la apertura de salas pueden sufrir modificaciones, por favor, confírmelo en el teléfono de información del museo.  "," Metro: Príncipe Pío (líneas 5, 10 y ramal Ópera - Príncipe Pío)  Bus: 41, 46 y 75 (Intercambiador Príncipe Pío)  Renfe: Príncipe Pío ",0,http://www.madrid.es/vgn-ext-templating/v/index.jsp?vgnextchannel=9e4c43db40317010VgnVCM100000dc0ca8c0RCRD&vgnextoid=75950204770e7310VgnVCM2000000c205a0aRCRD,SAN ANTONIO DE LA FLORIDA,GLORIETA,5,MADRID,MADRID,28008,CASA DE CAMPO,MONCLOA-ARAVACA,438548,4475419,40.425256682855846,-3.725725718176111,"915 420 722 / 917 011 863                                                                                                                              
", 
3348,Monasterio de las Descalzas Reales," Convento fundado por la Princesa Juana de Austria, transformando un antiguo palacio de su madre Isabel de Portugal. "," Sólo con visita guiada.    De martes a sábado de 10 a 14 horas y de 16 a 18:30 horas  Domingos y festivos, de 10 a 15 horas. Cerrado los lunes  Cierre de taquillas una hora antes  Cerrado:   Enero: días 1, 6.  Abril: del 1 al 4 inclusive, semana santa.  Mayo: día 1.  Diciembre: 24, 25 y 31 de diciembre.    El  7 de diciembre  abierto en horario de mañana y tarde.     Atención telefónica:    De lunes a sábados de 9:30 a 17 horas  Domingos y festivos de 9 a 14 horas  "," Metro: Callao (líneas 3, 5) , Santo Domingo (línea 2) , Sol (líneas 1, 2, 3) Gran Vía (líneas 1, 5)  Bus: 1, 2, 3, 5, 15, 20, 25, 39, 40, 44, 46, 50, 51, 52, 53, 74, 75, 133, 146, 147, 148, 149, 150, 202 ",0,http://www.madrid.es/vgn-ext-templating/v/index.jsp?vgnextchannel=9e4c43db40317010VgnVCM100000dc0ca8c0RCRD&vgnextoid=12e113db5b71c010VgnVCM1000000b205a0aRCRD,DESCALZAS,PLAZA,3,MADRID,MADRID,28013,SOL,CENTRO,440197,4474626,40.418233359889484,-3.706213134639163,"914 548 700                                                      
", 
5873478,Museo ABC,"Centro de arte, dibujo e ilustración. ",  De martes a sábados: de 11 a 20 horas  Domingos: de 10 a 14 horas   ," Metro: San Bernardo (líneas 2, 4), Noviciado (línea 2), Ventura Rodríguez (línea 3), Plaza de España (líneas 3, 10)  Bus: M2, 3, 147 ",0,http://www.madrid.es/vgn-ext-templating/v/index.jsp?vgnextchannel=9e4c43db40317010VgnVCM100000dc0ca8c0RCRD&vgnextoid=f0103fee6537c210VgnVCM1000000b205a0aRCRD,AMANIEL,CALLE,29,MADRID,MADRID,28015,UNIVERSIDAD,CENTRO,439922,4475646,40.42740213531285,-3.70955095379701,917 588 379, 
2067,Museo Africano Mundo Negro,"Situado en los locales de los Misioneros de Madrid y abierto al público en 1985, se propone divulgar la cultura africana, promoviendo el conocimiento de la vida, de la historia y de las diversas culturas africanas. ","   Grupos con cita previa : de lunes a sábado   Particulares  (visitas guiadas): domingos a las 11,30 horas   Cerrado : julio, agosto y septiembre  ","Bus: 11, 70, 114, 115, 122, 200",0,http://www.madrid.es/vgn-ext-templating/v/index.jsp?vgnextchannel=9e4c43db40317010VgnVCM100000dc0ca8c0RCRD&vgnextoid=6ab8ef4d7f71c010VgnVCM1000000b205a0aRCRD,ARTURO SORIA,CALLE,101,MADRID,MADRID,28043,SAN JUAN BAUTISTA,CIUDAD LINEAL,444864,4478056,40.449455579055886,-3.651503432956766,914 152 412, 
2050,Museo Arqueológico Nacional, Construído en 1866 según proyectos de Jareño y Alarcón y terminado por Ruiz de Salces. Ocupa el mismo edificio que la Biblioteca Nacional. De estilo neoclásico. ,"  De martes a sábados de 9:30 a 20 horas  Domingos y festivos de 9:30 a 15 horas     Cerrado    Todos los lunes del año.  1 y 6 de enero, 1de mayo y 24, 25 y 31 de diciembre    Horario de cierre de las taquillas: 15 minutos antes del cierre del Museo.  En caso de que el aforo esté completo, el Museo podrá cerrar el acceso con anterioridad, lo que se comunicará in situ a los visitantes. "," Metro: Serrano (línea 4), Colón (línea 4), Velázquez (línea 4)  Bus: 1, 2, 5, 9, 14, 15, 19, 20, 21, 27, 28, 37, 45, 51, 52, 53, 74, 146, 150, 203  Renfe: Recoletos (línea C-1, C-2, C-7, C-8 y C-10) ",1,http://www.madrid.es/vgn-ext-templating/v/index.jsp?vgnextchannel=9e4c43db40317010VgnVCM100000dc0ca8c0RCRD&vgnextoid=8fd8ef4d7f71c010VgnVCM1000000b205a0aRCRD,SERRANO,CALLE,13,MADRID,MADRID,28001,RECOLETOS,SALAMANCA,441711,4475173,40.42326842040792,-3.6884539762461968,"915 777 912                                                            
                                                                            
", 
2072,Museo Casa de la Moneda," El Museo Casa de la Moneda alberga colecciones numismáticas y de artes gráficas: importantes dibujos, estampas, loterías, sellos,... Se trata de la que posiblemente sea la mayor exposición numismática del mundo, cubriendo la historia de la moneda desde el siglo  VII a.C.  hasta nuestros días. ","  De martes a viernes ininterrumpidamente de 10 a 17:30 horas. Sábados, domingos y festivos de 10 a 14 horas.  Cerrado los lunes, y los días 1 y 6 de enero; 19 de marzo, 2, 3, 4 y 5 de abril; 1, 2, 3 y 15 de mayo; 24, 25 y 31 de diciembre.  "," Metro: O&acute;Donnell (línea 6)  Bus: 2, 28, 30, 56, 71, 143, C ",1,http://www.madrid.es/vgn-ext-templating/v/index.jsp?vgnextchannel=9e4c43db40317010VgnVCM100000dc0ca8c0RCRD&vgnextoid=12f8ef4d7f71c010VgnVCM1000000b205a0aRCRD,DOCTOR ESQUERDO,CALLE,36,MADRID,MADRID,28028,GOYA,SALAMANCA,443345,4475085,40.42258896520152,-3.6691501169061067,"915 666 544                      
", 
4112,Museo Cerralbo," Este Palacio, construido entre 1883 y 1893, fue concebido como vivienda y como museo para sede de las obras de arte reunidas por los Marqueses de Cerralbo y sus hijos, los Marqueses de Villa Huerta, durante los numerosos viajes que realizaron por España y Europa.   Objetivos y Fines de la Fundación Cerralbo (en la misma sede)    Velar porque las colecciones no se disgreguen ni enajenen y permanezcan reunidas en su sede de Ventura Rodríguez.   Conceder premios y becas para artistas e investigadores y celebrar actos culturales.   Colaborar en la custodia, exhibición y mejora del patrimonio que el Estado heredó del Marqués, perpetuando así su memoria.   ","  De martes a sábado de 9:30 a 15 horas   Jueves de 17 a 20 horas. Excepto festivos.   Domingos y festivos de 10 a 15 horas.    Cerrado todos los lunes, y los días 1 y 6 de enero, 1 de mayo, 24, 25 y 31 de diciembre y una fiesta local.   "," Metro: Ventura Rodríguez (línea 3), Plaza de España (líneas 3, 10)  Bus: 1, 2, 3, 25, 39, 44, 46, 74, 75, 133, 138, 148, 202, 749, C1, C2 ",1,http://www.madrid.es/vgn-ext-templating/v/index.jsp?vgnextchannel=9e4c43db40317010VgnVCM100000dc0ca8c0RCRD&vgnextoid=a4efb0c40971c010VgnVCM1000000b205a0aRCRD,VENTURA RODRIGUEZ,CALLE,17,MADRID,MADRID,28008,ARGUELLES,MONCLOA-ARAVACA,439489,4475246,40.42376732078657,-3.7146170388153497,915 473 646 / 47, 
18176,Museo Colecciones del Instituto de Crédito Oficial (ICO)," El Museo Colecciones  ICO  abrió sus puertas al público en marzo de 1996. Su objetivo era difundir la colección de arte del Instituto de Crédito Oficial, una de las más importantes de arte español contemporáneo.  ","  De martes a domingo: de 11 a 20 horas  Festivos: de 10 a  14 horas      Cerrado:  Todos los lunes del año (incluidos festivos) y los días 1 de enero, 1 de mayo y 25 de diciembre.   "," Metro: Banco de España (línea 2) , Sevilla (línea 2)  Bus: 5, 9, 15, 10, 14, 27, 34, 37, 45, 51, 150 ",1,http://www.madrid.es/vgn-ext-templating/v/index.jsp?vgnextchannel=9e4c43db40317010VgnVCM100000dc0ca8c0RCRD&vgnextoid=2886444a2951c010VgnVCM2000000c205a0aRCRD,ZORRILLA,CALLE,3,MADRID,MADRID,28014,CORTES,CENTRO,440915,4474456,40.41675330128869,-3.6977346235068373,914 201 242, 
2068,Museo de Aeronáutica y Astronáutica," Emplazado en Cuatro Vientos desde 1966, tiene como objetivo narrar la historia y el desarrollo científico - técnico de la Aeronáutica y Astronaútica españolas con 150 aeronaves, uniformes, condecoraciones, maquetas, armamento y una destacada colección de motores en 70.000  m2  , distribuidos en siete hangares y siete plataformas al aire libre.  ","  De martes a domingo de 10 a 14 horas.  Cerrado los días 1 y 6 de enero, el mes de agosto, Jueves y Viernes Santos, 12 de octubre, 10 de diciembre (Patrona de Aviación), 24,25 y 31 de diciembre.  "," Metro: Cuatro Vientos (línea 10)  Bus: 518, 521, 522, 523 ",1,http://www.madrid.es/vgn-ext-templating/v/index.jsp?vgnextchannel=9e4c43db40317010VgnVCM100000dc0ca8c0RCRD&vgnextoid=90aaef4d7f71c010VgnVCM1000000b205a0aRCRD,A-5,AUTOVIA,10.5,MADRID,MADRID,28024,CUATRO VIENTOS,LATINA,432348,4469705,40.3733013700739,-3.798200034372686,915 091 690 (centralita), 
2091,Museo de América," Colecciones arqueológicas, etnográficas y de arte colonial traídas a España entre los siglos XVI y XX, cuya temática abarca desde la Prehistoria americana hasta la actualidad. Destacan el Tesoro de los Quimbayas, los Enonchados de la Conquista de México y las colecciones europeas más antiguas sobre los indios de las praderas.   Página web del Museo de América  ","  Horario:    De martes a sábado, de 9:30 a 15 horas  Jueves, apertura continuada de 9:30 a 19 horas  Domingos y festivos de 10 a 15 horas     Cerrado:  todos los lunes del año, día 1 y 6 de enero, día 1 de mayo, días 24, 25 y 31 de diciembre y un festivo local. "," Bus: 1, 12, 44, 82, 132  Metro: Moncloa (Líneas 3, 6) ",1,http://www.madrid.es/vgn-ext-templating/v/index.jsp?vgnextchannel=9e4c43db40317010VgnVCM100000dc0ca8c0RCRD&vgnextoid=c929ef4d7f71c010VgnVCM1000000b205a0aRCRD,REYES CATOLICOS,AVENIDA,6,MADRID,MADRID,28040,CIUDAD UNIVERSITARIA,MONCLOA-ARAVACA,438889,4476828,40.43797469898852,-3.721841843311362,915 439 437 / 915 492 641, 
2092,Museo de Astronomía y Geodesia," La colección se compone de objetos relacionados con el mundo de la Astronomía, como teodolitos, cronómetros, brújulas topográficas, sextantes giroscópicos, astrolabios de prisma, cámaras fotográficas para eclipse,  etc   ",Visita con cita previa,"Bus: 82 , F , 132 , I , G ",0,http://www.madrid.es/vgn-ext-templating/v/index.jsp?vgnextchannel=9e4c43db40317010VgnVCM100000dc0ca8c0RCRD&vgnextoid=ee49ef4d7f71c010VgnVCM1000000b205a0aRCRD,CIENCIAS,PLAZA,3,MADRID,MADRID,28040,CIUDAD UNIVERSITARIA,MONCLOA-ARAVACA,438528,4478102,40.44942472705852,-3.7262214898219117,913 944 615, 
2090,Museo de Calcografía Nacional, Expone colecciones de planchas y grabados.  ,"  De octubre a junio de lunes a viernes de 9 a 17 horas.  Verano: de julio a septiembre de 9 a 15 horas.   Agosto cerrado   En el caso de que se celebren exposiciones, consultar horario, ya que puede variar.  "," Metro: Sol (líneas 1, 2, 3), Sevilla (línea 2)  Bus: 5, 15, 20, 51, 52, 53, 150 ",0,http://www.madrid.es/vgn-ext-templating/v/index.jsp?vgnextchannel=9e4c43db40317010VgnVCM100000dc0ca8c0RCRD&vgnextoid=7169ef4d7f71c010VgnVCM1000000b205a0aRCRD,ALCALA,CALLE,13,MADRID,MADRID,28014,SOL,CENTRO,440667,4474557,40.41764548040709,-3.700667044636178,915 240 864, 
2108,Museo de Farmacia Militar,"Superficie de 600  m/2  donde se exponen fondos de carácter histórico y científico. Las colecciones abarcan desde los orígenes de la ciencia farmacéutica, recreado en el laboratorio yatroquímico del siglo  XVII , hasta los actuales procesos para la elaboración de preparados."," De lunes a viernes de 10 a 13 horas, sólo visitas concertadas "," Metro: Embajadores (línea 3)  Bus: 6, 27, 34, 36, 41, 55, 59, 60, 78, 85, 116, 118, 119, 148, C2. E1  Renfe :  Embajadores ",0,http://www.madrid.es/vgn-ext-templating/v/index.jsp?vgnextchannel=9e4c43db40317010VgnVCM100000dc0ca8c0RCRD&vgnextoid=ea0aef4d7f71c010VgnVCM1000000b205a0aRCRD,EMBAJADORES,CALLE,75,MADRID,MADRID,28012,PALOS DE MOGUER,ARGANZUELA,440636,4472954,40.403202661477145,-3.7008825895813167,"915 399 503 / 915 273 623                    
", 
4591873,Museo de la Biblioteca Nacional, El Museo cuenta con unos 1.400 m2 y se distribuye en ocho salas.  ," De martes a sábados de 10 a 20 horas. Domingos y festivos de 10 a 14 horas. Último pase 30 minutos antes del cierre.  Cerrados: 1 de mayo, 12 de octubre, 9 de noviembre, 8, 24, 25 y 31 de diciembre.  "," Metro: Colón, Serrano (línea 4)  Bus: 1, 5, 9, 14, 19, 21, 27, 37, 45, 51, 53, 74, 150  Cercanías: Recoletos ",0,http://www.madrid.es/vgn-ext-templating/v/index.jsp?vgnextchannel=9e4c43db40317010VgnVCM100000dc0ca8c0RCRD&vgnextoid=05920d3b4c503110VgnVCM2000000c205a0aRCRD,RECOLETOS,PASEO,20,MADRID,MADRID,28001,RECOLETOS,SALAMANCA,441505,4475144,40.42299290045965,-3.690844141741069,"915 807 759 / 915 168 967     
", 
2073,Museo de la Farmacia Hispana," Entre sus fondos destacan las colecciones de botes cerámicos, morteros y cajas de madera policromadas, relacionados con la práctica docente, cuatro boticas históricas y tres instalaciones que recrean un laboratorio alquimista, una botica árabe y la botica del Hospital de San Juan de las Afueras (Toledo). ", De lunes a viernes de 9 a 14 horas (periodo lectivo).  ," Metro: Ciudad Universitaria  Bus: 82 , 132 , G ",0,http://www.madrid.es/vgn-ext-templating/v/index.jsp?vgnextchannel=9e4c43db40317010VgnVCM100000dc0ca8c0RCRD&vgnextoid=58f9ef4d7f71c010VgnVCM1000000b205a0aRCRD,RAMON Y CAJAL,PLAZA,0,MADRID,MADRID,28040,CIUDAD UNIVERSITARIA,MONCLOA-ARAVACA,438524,4477559,40.4445328804645,-3.7262160043788155,913 941 797, 
2107,Museo de la Guardia Civil," El Museo se crea por Orden General del Cuerpo de 23 de junio de 1982 y se inaugura el día 12 de octubre de 1982.  Los fondos que forman el Museo han sido aportados o depositados bien por entidades públicas o privadas, bien por las distintas Unidades del Cuerpo, todos los cuales están vinculados de alguna manera a las vicisitudes e historia de la Guardia Civil desde su creación hasta nuestros días. Existen cuatro salas denominadas: banderas (rellano de la  2&ordf;  Planta), sala de arma, sala de uniformes y maniquies, sala de objetos varios y dioramas.  Los primeros indicios y escritos en los que se refleja la inquietud de recopilar objetos de marcado carácter histórico relacionados con las actividades de la Guardia Civil datan del año 1914 (desaparecerá en 1936 con motivo de la Guerra Civil), si bien sería a principios de 1982, cuando por iniciativa del entonces Director General, Jose Luis Aramburu Topete, se inician las labores para la formación del actual Museo de la Guardia Civil. ","  De lunes a viernes de 9 a 14 horas  Sábados, domingos y festivos cerrado    Visita:  previa identificación personal   Visita de grupos:  debe concertarse cita previa por escrito "," Metro: Guzmán el Bueno (línea 6, 7)  Bus: 2,  44, 45, C1, C2 ",0,http://www.madrid.es/vgn-ext-templating/v/index.jsp?vgnextchannel=9e4c43db40317010VgnVCM100000dc0ca8c0RCRD&vgnextoid=003aef4d7f71c010VgnVCM1000000b205a0aRCRD,GUZMAN EL BUENO,CALLE,110,MADRID,MADRID,28003,VALLEHERMOSO,CHAMBERI,439705,4477551,40.44454745648486,-3.7122900396933813,915 146 000 (extensiones 8477 / 8495 /48477), 
2114,Museo de la Real Academia de Bellas Artes de San Fernando,"Construido inicialmente para palacio de D. Juan de Goyeneche, el edificio fue adquirido por la Academia de Bellas Artes en 1773 y reformado bajo la dirección de Fernando Chueca Goitia en 1973 y la fachada por Diego de Villanueva en 1774.","  Colección permanente:  de martes a domingos de 10 a 15 horas., incluyendo festivos. Lunes cerrado.      Exposiciones temporales:  consultar telefónicamente  Cerrado mes de agosto y días 1 y 6 de enero, 1 y 30 de mayo, 9 de noviembre; 24, 25 y 31 de diciembre.  "," Metro: Sol (línea 3), Sevilla (línea 2)  Bus: 3, 5, 15, 20, 50, 51, 55, 53, 150 ",1,http://www.madrid.es/vgn-ext-templating/v/index.jsp?vgnextchannel=9e4c43db40317010VgnVCM100000dc0ca8c0RCRD&vgnextoid=924aef4d7f71c010VgnVCM1000000b205a0aRCRD,ALCALA,CALLE,13,MADRID,MADRID,28014,SOL,CENTRO,440667,4474557,40.41764548040709,-3.700667044636178,"915 240 864 (Centralita)                                    
", 
2112,Museo de San Isidro. Los orígenes de Madrid," Este espacio museográfico propone un viaje por la historia de la ciudad de Madrid desde la Prehistoria hasta el establecimiento de la Corte, a través de distintas salas como la de San Isidro, el Patio Renacentista, el Jardín Arqueobotánico o el Almacén Visitable.  ","   General:  de martes a domingo y festivos de 9:30 a 20 horas   Agosto:  de martes a viernes de 9:30 a 14:30 horas y sábados, domingos y festivos de 9:30 a 20 horas   Cerrado:  todos los lunes, 1 y 6 de enero, 1 de mayo y 24, 25 y 31 de diciembre  "," Metro: Latina , Tirso de Molina  Bus: 3 , 17 , 18 , 23 , 35 , 60 , 65 , 148 ",1,http://www.madrid.es/vgn-ext-templating/v/index.jsp?vgnextchannel=9e4c43db40317010VgnVCM100000dc0ca8c0RCRD&vgnextoid=7b7aef4d7f71c010VgnVCM1000000b205a0aRCRD,SAN ANDRES,PLAZA,2,MADRID,MADRID,28005,PALACIO,CENTRO,439795,4473945,40.412069631779325,-3.710874934826838,913 667 415, 
85301,Museo de Sanidad e Higiene Pública," Con sede en el Instituto de Salud Carlos III, ocupa las antiguas dependencias del Laboratorio de Microbiología del Hospital del Rey. 300  m2  conservados tal cual su antiguo uso, con fondos de mobiliario, instrumental y bibliografía de los antiguos hospitales para enfermos infecciosos del complejo. Se resaltan hitos históricos relevantes en salud pública mediante láminas enmarcadas.  "," Sólo visitas de grupo con cita previa: de lunes a viernes, de 10 a 14 horas.  Cita previa por teléfono: 918 222 414  o a través del correo electrónico:  museodesanidad@isciii.es  "," Metro: Chamartín (líneas 1, 10), Plaza de Castilla (1, 9, 10)  Bus: 67, 124, 134, 135, 147  Renfe: Chamartín ",0,http://www.madrid.es/vgn-ext-templating/v/index.jsp?vgnextchannel=9e4c43db40317010VgnVCM100000dc0ca8c0RCRD&vgnextoid=3e755c2cdc41c010VgnVCM2000000c205a0aRCRD,MONFORTE DE LEMOS,AVENIDA,5,MADRID,MADRID,28029,LA PAZ,FUENCARRAL-EL PARDO,441617,4480968,40.47546597881768,-3.6900603941123107,918 222 414  (Cita previa), 
187029,Museo del Atlético de Madrid," En el Museo del Atlético de Madrid &amp; Colección Pablo Ornaque se puede disfrutar de un recorrido histórico por el fútbol en general, y del Atlético de Madrid, en particular, donde los aficionados al fútbol no sólo contemplarán trofeos y objetos, sino también  un museo deportivo con piezas de gran valor museístico que alberga en sus vitrinas.   Se realizan visitas guiadas al estadio y a las instalaciones del Museo ","   Horarios del Museo    De martes a domingo, de 11 a 19 horas.  Días de partido: desde las 11 horas hasta el inicio del encuentro.     Horarios de las visitas guiadas    De martes a domingo a las 12, 13, 16:30 y 17:30 horas  Verano (de 28 de junio al 14 de septiembre): de martes a domingo a las 12, 13, 16:30 y 17:30 horas    "," Metro: Pirámides (línea 5), Marqués de Vadillo (línea 5)  Bus: 23, 34, 35, 36, 50, 116, 118, 119 ",0,http://www.madrid.es/vgn-ext-templating/v/index.jsp?vgnextchannel=9e4c43db40317010VgnVCM100000dc0ca8c0RCRD&vgnextoid=e41ad2bec675e010VgnVCM1000000b205a0aRCRD,VIRGEN DEL PUERTO,PASEO,67,MADRID,MADRID,28005,IMPERIAL,ARGANZUELA,438909,4472774,40.401455987482606,-3.721215933848041,913 650 931 / 902 260 403, 
2066,Museo del Ferrocarril de Madrid,Edificio de caracter monumental. Construido como cabecera de la línea Madrid - Extremadura - Portugal en el año 1880 por E. Cachelievre.,"  De martes a viernes de 9:30 a 15 horas.   Sábados de 10 a 15 horas.   Domingos de 10 a 15 horas.   Cerrado los lunes (incluidos festivos), del 16 al 31 de agosto (ambos inclusive), y los días 1 y 6 de enero, 1 de mayo y 25 de diciembre.  "," Metro: Delicias (línea 3)  Bus: 8, 19, 45, 47, 59, 85, 86  Renfe: Delicias ",1,http://www.madrid.es/vgn-ext-templating/v/index.jsp?vgnextchannel=9e4c43db40317010VgnVCM100000dc0ca8c0RCRD&vgnextoid=091c4291ae91f010VgnVCM2000000c205a0aRCRD,DELICIAS,PASEO,61,MADRID,MADRID,28045,DELICIAS,ARGANZUELA,441233,4472625,40.400281290485566,-3.693817192160563,"902 228 822                                                                                           
", 
2058,Museo del Prado," Construido inicialmente como Museo de Ciencias Naturales, este edificio neoclásico fue transformado en pinacoteca de las Colecciones Reales en 1818 con colecciones de pintura, dibujos, grabados, monedas y medallas desde el Románico hasta el siglo  XIX . ","  De lunes a sábado de 10 a 20 horas  Domingos y festivos de 10 a 19 horas  Cerrado los días 1 de enero, 1 de mayo y 25 de diciembre  Horario reducido, de 10 a 14 horas, los días 6 de enero, 24 y 31 de diciembre  Acceso al museo hasta 30 minutos antes del cierre (el desalojo de las salas comienza 10 minutos antes del cierre)  "," Metro: Atocha (línea 1), Banco de España (línea 2), Retiro (línea 2)  Bus: 9, 10, 14, 19, 27, 34, 37, 45  Renfe: Atocha ",1,http://www.madrid.es/vgn-ext-templating/v/index.jsp?vgnextchannel=9e4c43db40317010VgnVCM100000dc0ca8c0RCRD&vgnextoid=060079262ef5d010VgnVCM1000000b205a0aRCRD,RUIZ DE ALARCON,CALLE,23,MADRID,MADRID,28014,LOS JERONIMOS,RETIRO,441456,4474099,40.41357557281165,-3.6913253533221817,913 302 800, 
2086,Museo del Reloj Grassy,"  Arquitecto : Eladio Laredo Carranza (1916 - 1917).  Fundado por el relojero francés Grassy en 1955, este museo narra la historia de este aparato de medición. Sus fondos, colección privada, consta de una amplia y variada colección de diferentes nacionalidades y los más variados estilos.  ", Jueves a las 17 y viernes a las 12 horas (excepto festivos).  Las visitas se efectúan con cita previa   Inscripción telefónica: 915 321 007  Inscripción por correo electrónico:  marta@grassy.es    La visita puede ser individual o en grupos de máximo 10 a 12 personas. ," Metro: Banco de España (línea 2), Sevilla (línea 2)  Bus: 1, 2, 3, 5, 9, 15, 20, 46, 51, 52, 53, 74, 146, 150, M2 ",0,http://www.madrid.es/vgn-ext-templating/v/index.jsp?vgnextchannel=9e4c43db40317010VgnVCM100000dc0ca8c0RCRD&vgnextoid=daeaef4d7f71c010VgnVCM1000000b205a0aRCRD,GRAN VIA,CALLE,1,MADRID,MADRID,28013,CORTES,CENTRO,440889,4474721,40.41913869883697,-3.6980657388420255,915 321 007, 
7685664,Museo del Robot, El Museo del Robot  nace con la idea de acercar de una forma directa y real el apasionante mundo de los robots de entretenimiento a cualquier tipo de público.,"  Visitas guiadas regulares  (entrada libre NO disponible):   Martes a viernes: pases a las 13, 17 y 20 horas    Visitas guiadas para grupos:    Martes, miércoles y Jueves, pases (solo mañanas) de 10:30 a 12:00 horas  "," Metro: San Bernardo (líneas 2, 4)  Bus: 3, 21, 147 ",0,http://www.madrid.es/vgn-ext-templating/v/index.jsp?vgnextchannel=9e4c43db40317010VgnVCM100000dc0ca8c0RCRD&vgnextoid=e0b7b8dc8f719410VgnVCM1000000b205a0aRCRD,ALBERTO AGUILERA,CALLE,1,MADRID,MADRID,28015,UNIVERSIDAD,CENTRO,440151,4475876,40.42949061464909,-3.7068731815207014,914 478 808, 
6337393,Museo del Seguro. Fundación Mapfre, Ubicado en el edificio de FUundación MAPFRE exhibe una amplia colección de piezas relacionadas con la historia de la actividad aseguradora desde el siglo  XVIII  hasta nuestros días.  , De lunes a Viernes previa petición de hora.  ," Metro: Colón (línea 4)  Bus: 5, 14, 21, 27, 37, 45, 53, 150  Renfe: Recoletos ",0,http://www.madrid.es/vgn-ext-templating/v/index.jsp?vgnextchannel=9e4c43db40317010VgnVCM100000dc0ca8c0RCRD&vgnextoid=479b95f8c72d5310VgnVCM2000000c205a0aRCRD,BARBARA DE BRAGANZA,CALLE,14,MADRID,MADRID,28004,JUSTICIA,CENTRO,441233,4475245,40.42388355388781,-3.694059645939101,"916 025 221 (para reservas)                                      
", 
2115,Museo del Traje. Centro de Investigación del Patrimonio Etnológico (CIPE)," Edificio de carácter monumental, construido por Jaime López de Asiaín en 1969. Se caracteriza por su estructura de hormigón y su exterior de placas metálicas y triple acristalamiento. "," De martes a sábado de 9:30 a 19 horas. Domingos y festivos de 10 a 15 horas.  Verano (julio y agosto): los jueves se amplia el horario hasta las 22:30 horas.  Cerrado: todos los lunes, 1 y 6 de enero, 1 de mayo, 9 de noviembre, 24, 25 y 31 de diciembre. "," Metro: Moncloa (líneas 3, 6), Ciudad Universitaria (línea 6)  Bus: 46, 82, 83, 132, 133, G ",1,http://www.madrid.es/vgn-ext-templating/v/index.jsp?vgnextchannel=9e4c43db40317010VgnVCM100000dc0ca8c0RCRD&vgnextoid=053c4291ae91f010VgnVCM2000000c205a0aRCRD,JUAN DE HERRERA,AVENIDA,2,MADRID,MADRID,28040,CIUDAD UNIVERSITARIA,MONCLOA-ARAVACA,438382,4477019,40.439657822278555,-3.7278378564088275,915 504 700 (Información), 
2074,Museo Geominero," Construcción típica de la arquitectura en hierro y cristal de principios del siglo XX que alberga colecciones de minerales, rocas y fósiles procedentes de todas las regiones españolas y de antiguos territorios coloniales, así como de yacimientos significados del registro mundial.   Objetivos del museo : conservar, investigar y difundir el patrimonio geológico, paleontológico y mineralógico ","  De lunes a domingo y festivos de 9 a 14 horas  Cerrado los días 1 y 6 de enero y 24, 25 y 31 de diciembre  Visitas guiadas para grupos de lunes a viernes, previa petición cita  "," Metro: Ríos Rosas (línea 1)  Bus: 3, 5, 12, 37, 45, 149 ",0,http://www.madrid.es/vgn-ext-templating/v/index.jsp?vgnextchannel=9e4c43db40317010VgnVCM100000dc0ca8c0RCRD&vgnextoid=ff0bef4d7f71c010VgnVCM1000000b205a0aRCRD,RIOS ROSAS,CALLE,23,MADRID,MADRID,28003,RIOS ROSAS,CHAMBERI,440773,4477266,40.44205696051332,-3.6996705622841457,913 495 759, 
2075,Museo Histórico Minero Don Felipe de Borbón y Grecia,Ubicado en la Escuela Técnica Superior de Ingenieros de Minas," Previa cita concertada para grupos   Mercadillo de minerales y fósiles:  primer domingo de cada mes de 10 a 14 horas (en este período se podrá visitar también el museo y la mina)   Exposición anual  el segundo fin de semana (viernes, sábado y domingo) de marzo (el Museo permanecerá abierto todo el día) "," Metro: Ríos Rosas (línea 1)  Bus: 3, 12, 37, 45, 149 ",0,http://www.madrid.es/vgn-ext-templating/v/index.jsp?vgnextchannel=9e4c43db40317010VgnVCM100000dc0ca8c0RCRD&vgnextoid=822bef4d7f71c010VgnVCM1000000b205a0aRCRD,RIOS ROSAS,CALLE,21,MADRID,MADRID,28003,RIOS ROSAS,CHAMBERI,440712,4477269,40.44207963042673,-3.7003900716027776,913 367 029, 
5349304,Museo Nacional Centro de Arte Reina Sofía (MNCARS),"  Edificio Sabatini:  calle Santa Isabel 52.   Edificio Nouvel  (ampliación): ronda de Atocha, esquina a plaza del Emperador Carlos V.   Espacios en el parque del Retiro:  Palacio de Velázquez y Palacio de Cristal ","  De lunes a sábado de 10 a 21 horas y domingos de 10 a 19 horas. A partir de las 14:15 solamente permanecerá abierta la Colección 1, Richard Serra y una exposición temporal, por favor consulte en las web del Museo ( http://www.museoreinasofia.es/ ). El resto del Museo permanecerá cerrado.  Martes cerrado (incluso festivos). Las sedes del Parque del Retiro abren todos los días.  Cerrado los días 1 y 6 de enero, 1 de mayo, 15 de mayo, 9 de noviembre y 24, 25 y 31 de diciembre  "," Metro: Atocha (línea 1)  Bus:  6 , 8 , 10 , 14 , 19 , 24 , 26 , 27 , 32 , 34 , 36 , 37 , 41 , 45 , 47 , 54 , 55 , 57 , 59 , 60 , 78 , 85 , 86 , 102 , 116 , 118 , 119 , 141 , 148 , 247 , E3 , Circular  Renfe: C2, C3, C4, C5, C7, C8, C10 ",1,http://www.madrid.es/vgn-ext-templating/v/index.jsp?vgnextchannel=9e4c43db40317010VgnVCM100000dc0ca8c0RCRD&vgnextoid=69d8275bad5a1210VgnVCM2000000c205a0aRCRD,SANTA ISABEL,CALLE,52,MADRID,MADRID,28012,EMBAJADORES,CENTRO,441222,4473541,40.40853230723727,-3.6940315586451433,"917 741 000                                                                                                          
", 
2057,Museo Nacional de Antropología," El Museo Nacional de Antropología ofrece al público una visión global de la cultura de diferentes pueblos y  establece las semejanzas o diferencias culturales que les unen o separan para poner de manifiesto la riqueza y diversidad de las culturas existentes a lo largo del mundo, favorece la comprensión intelectual y promueve la tolerancia hacia otros pueblos y otras culturas. El Museo está instalado en el edificio de estilo clasicista construido por el Marqués de Cubas en 1875 por encargo del Doctor González Velasco, fundador de la institución. ","  De martes a sábado de 9:30 a 20 horas   Domingos y festivos: de 10 a 15 horas   Cerrado todos los lunes del año, 1 y 6 de enero, 1 de mayo, 24, 25 y 31 de diciembre y un festivo local.   "," Metro: Atocha  Bus: 6, 7,10, 14, 19, 24, 26, 27, 32, 34, 37, 45, 85, 150, C  Renfe: Atocha ",1,http://www.madrid.es/vgn-ext-templating/v/index.jsp?vgnextchannel=9e4c43db40317010VgnVCM100000dc0ca8c0RCRD&vgnextoid=456079262ef5d010VgnVCM1000000b205a0aRCRD,ALFONSO XII,CALLE,68,MADRID,MADRID,28014,LOS JERONIMOS,RETIRO,441659,4473466,40.40788746746481,-3.6888747083604834,"915 306 418                                                                                                                                      
", 
2055,Museo Nacional de Artes Decorativas," Inaugurado en 1912, su sede es un típico palacete madrileño del último tercio del siglo XIX. El museo posee muebles, cerámicas, vidrios, joyas, tejidos, arte oriental, y hasta 30.000 objetos distintos que a lo largo de la historia han servido para embellecer las casas, palacios y los monumentos de distintas culturas.  El museo posee muestras como el Jarrón de Sevres regalo de Napoleón III, la Cocina Valenciana del siglo XVIII compuesta por más de 1.500 azulejos de Manises, la Mesa de plata del siglo XVI o la colección de alfombras españolas de los siglos XV al XVII. ","  De martes a sábados de 9:30 a 15 horas.   Jueves tarde de 17 a 20 horas.  Cerrado los jueves de julio y agosto.  Domingos y festivos de 10 a 15 horas.   Cerrado: todos los lunes del año, y los días 1 y 6 de enero, 1 y 15 de mayo, 24, 25 y 31 de diciembre.  "," Metro: Banco de España (línea 2) , Retiro (línea 2)  Bus: 1, 2, 5, 9, 10, 14, 15, 16, 19, 20, 27, 28, 34, 37, 45, 51, 52, 53, 74, 146, 148, 150  Cercanías: Recoletos ",0,http://www.madrid.es/vgn-ext-templating/v/index.jsp?vgnextchannel=9e4c43db40317010VgnVCM100000dc0ca8c0RCRD&vgnextoid=287079262ef5d010VgnVCM1000000b205a0aRCRD,MONTALBAN,CALLE,12,MADRID,MADRID,28014,LOS JERONIMOS,RETIRO,441590,4474576,40.4178910680573,-3.689790044810553,915 326 499 / 915 326 845, 
2056,Museo Nacional de Ciencias Naturales,"Construido por Fernando de la Torriente en 1881 con hierro y cristal. De estructura muy similar a los pabellones con destino a exposiciones construídos en la época. Sus jardines albergan un estanque, el monumento a Isabel la Católica y el monumento a la Constitución de 1978."," De martes a viernes, domingos, festivos y lunes festivos de 10 a 17 horas. Sábados, domingos previos a festivos de 10 a 20 horas. Sábados de julio y agosto de 10 a 15 horas.   Cerrado : todos los lunes no festivos, 1 y 6 de enero, 1 de mayo y 25 de diciembre   Biblioteca : de lunes a viernes de 9 a 15 horas. Julio y agosto: de lunes a viernes de 9 a 14,30 horas   Mediateca  (cerrada por obras). "," Metro: Gregorio Marañón (líneas 7, 10)  Bus: 7, 12, 14, 27, 40, 45, 147, 150 ",1,http://www.madrid.es/vgn-ext-templating/v/index.jsp?vgnextchannel=9e4c43db40317010VgnVCM100000dc0ca8c0RCRD&vgnextoid=8edbef4d7f71c010VgnVCM1000000b205a0aRCRD,JOSE GUTIERREZ ABASCAL,CALLE,2,MADRID,MADRID,28006,EL VISO,CHAMARTIN,441578,4477079,40.44042943656617,-3.690161856630636,914 111 328 (centralita), 
2076,Museo Naval, Temática: historia de la navegación española  ,"  De martes a domingo de 10 a 19 horas  Cerrado los lunes y los días 1 y 6 de enero, 24 y 25 diciembre  Agosto de 10 a 15 horas  "," Metro: Banco de España (línea 2)  Bus: 1, 2, 5, 9, 10, 14, 15, 20, 27, 34, 37, 45, 51, 52, 53, 74, 146 ",1,http://www.madrid.es/vgn-ext-templating/v/index.jsp?vgnextchannel=9e4c43db40317010VgnVCM100000dc0ca8c0RCRD&vgnextoid=a30cef4d7f71c010VgnVCM1000000b205a0aRCRD,PRADO,PASEO,5,MADRID,MADRID,28014,LOS JERONIMOS,RETIRO,441337,4474537,40.41751289873052,-3.692768317427539,915 238 516 (cita previa visitas grupo), 
2085,Museo Postal y Telegráfico," Recorrido temático y cronológico por la evolución de los medios de comunicación y colecciones filatélicas de gran valor histórico, temáticas y por países. ",  Museo: de lunes a viernes de 9 a 14 y de 16 a 18 horas  Biblioteca: de lunes a viernes de 9 a 14 horas  ,Bus: 161,1,http://www.madrid.es/vgn-ext-templating/v/index.jsp?vgnextchannel=9e4c43db40317010VgnVCM100000dc0ca8c0RCRD&vgnextoid=c82cef4d7f71c010VgnVCM1000000b205a0aRCRD,TAPIA DE CASARIEGO,CALLE,6,MADRID,MADRID,28023,VALDEMARIN,MONCLOA-ARAVACA,434912,4480162,40.467706026917405,-3.7690721403206724,917 400 668 / 917 400 664 (biblioteca), 
2077,Museo Taurino de la Plaza de las Ventas," Su existencia data del día de San Isidro de 1951, creado por la extinta Diputación Provincial de Madrid. Sirve como testimonio de los momentos estelares del arte y la historia del toreo  ","  Temporada taurina  (de marzo a octubre): de lunes a viernes de 9:30 a 14:30 horas. Domingos, festivos y días de festejo de 10 a 13 horas   Fuera de temporada  (de noviembre a febrero): de lunes a viernes de 9:30 a 14:30 horas "," Metro: Ventas (líneas 2, 5)  Bus: 12, 21, 38, 53, 106, 110, 146 ",0,http://www.madrid.es/vgn-ext-templating/v/index.jsp?vgnextchannel=9e4c43db40317010VgnVCM100000dc0ca8c0RCRD&vgnextoid=958cef4d7f71c010VgnVCM1000000b205a0aRCRD,ALCALA,CALLE,237,MADRID,MADRID,28028,GUINDALERA,SALAMANCA,443885,4476078,40.43157110306013,-3.662872780933851,"917 251 857                     
", 
2101,Museo Tiflológico,Edificio con una superficie de 1.500  m2  dividido en tres zonas con maquetas de monumentos nacionales e internacionales realizadas por invidentes e instrumentos utilizados por los invidentes desde hace 200 años. Es un espacio concebido para que sus visitantes puedan ver y tocar las piezas expuestas.," Martes a viernes de 10 a 14 horas y de 17 a 20 horas. Sábados de 10 a 14 horas. Lunes, domingos y festivos cerrado.  Las visitas de grupos se realizan previa reserva, de 8 a 14:30 horas, en el teléfono de  información:+34  915 894 292 "," Metro: Estrecho  Bus: 3, 42, 64, 66, 124, 127 ",1,http://www.madrid.es/vgn-ext-templating/v/index.jsp?vgnextchannel=9e4c43db40317010VgnVCM100000dc0ca8c0RCRD&vgnextoid=baacef4d7f71c010VgnVCM1000000b205a0aRCRD,LA CORUÑA,CALLE,18,MADRID,MADRID,28020,CUATRO CAMINOS,TETUAN,440740,4478725,40.45519790204094,-3.7001960485997545,915 894 290, 
2063,Palacio de Liria, Construído por Ventura Rodríguez entre 1762 y 1780 para el tercer Duque de Berwick y de Liria. De estilo barroco clásico. Destaca su fachada con columnas jónicas y pilastras que descansan sobre un basamento almohadillado.  ," Viernes: visita guiada a las 10 horas, 11 horas y 12 horas.  Visitas: previa petición de cita por escrito o por fax "," Metro: Ventura Rodríguez (línea 3)  Bus: 1, 2, 44, 74, 133, C ",0,http://www.madrid.es/vgn-ext-templating/v/index.jsp?vgnextchannel=9e4c43db40317010VgnVCM100000dc0ca8c0RCRD&vgnextoid=22bdef4d7f71c010VgnVCM1000000b205a0aRCRD,PRINCESA,CALLE,20,MADRID,MADRID,28008,UNIVERSIDAD,CENTRO,439663,4475582,40.42680681645222,-3.7125979731032404,91 547 53 02, 
2062,Palacio Real," Construido sobre el solar del antiguo Alcázar tras un incendio en 1734. Proyectado por Juvara en 1735 y construido por Sachet de 1738 a 1764 bajo las influencias del clasicismo barroco. A partir de 1770, Sabatini añadió el ala sudeste y realizó la gran escalera. Es de destacar el gran patio que articula el edificio y la fachada principal que aloja el balcón y Escudo Real.  Dentro se encuentra el Museo Real Oficina de Farmacia (cerrado por obras de remodelación). ","  De octubre a marzo: de 10 a 18 horas.  De abril a septiembre: de 10 a 20 horas.  Cierre taquillas una hora antes.  Cerrado:   Enero: días 1, 6.  Mayo: día 1.  Octubre: día 12.  Diciembre: 25, los días 24 y 31 taquillas 14 horas cerradas y monumento a las 15 horas cerrado.    El  7 de diciembre  abierto horario de mañana y tarde.  "," Metro: Ópera (líneas 2, 5 y Ramal Opera Norte)  Bus: 3, 25, 39, 148 ",1,http://www.madrid.es/vgn-ext-templating/v/index.jsp?vgnextchannel=9e4c43db40317010VgnVCM100000dc0ca8c0RCRD&vgnextoid=47ddef4d7f71c010VgnVCM1000000b205a0aRCRD,BAILEN,CALLE,0,MADRID,MADRID,28013,PALACIO,CENTRO,439649,4474910,40.42075212551193,-3.712699107286406,914 548 700 (Información general), 
2079,Panteón de Hombres Ilustres, La construcción de este edificio responde a dos de las constantes de fines de siglo: la arquitectura historicista y la escultura funeraria. En él reposan trece personajes ilustres de la historia política y militar española. ,"  De martes a sábado de 10 a 14 y de 16 a 18:30 horas  Domingos y festivos de 10 a 15 horas. Lunes cerrado   Cerrado :    Enero los días 1 y 6  Mayo el día 1  Diciembre el día 25 ; los días 24 y 31 (desde las 14:30 horas), monumento cerrado a las 15 horas.    Cierre del acceso al monumento media hora antes.  Nota. El  7 de diciembre  abierto en horario de mañana y tarde.  "," Metro: Atocha (línea 1)  Bus: 10, 14, 24, 32, 37, 54, 57, 141  Renfe: Atocha ",1,http://www.madrid.es/vgn-ext-templating/v/index.jsp?vgnextchannel=9e4c43db40317010VgnVCM100000dc0ca8c0RCRD&vgnextoid=361cef4d7f71c010VgnVCM1000000b205a0aRCRD,JULIAN GAYARRE,CALLE,3,MADRID,MADRID,28014,PACIFICO,RETIRO,442121,4473278,40.40622617519116,-3.683413041846525,914 548 700 (Información general), 
2213,Planetario de Madrid," Inaugurado el 29 de septiembre de 1986, es un centro dependiente del Área de Cultura y Deportes del Ayuntamiento de Madrid.  Siempre con el fin de contribuir a la difusión de la astronomía y de la ciencia en general, tanto entre escolares como entre el público de cualquier edad y condición, posee una variada oferta de  proyecciones  audiovisuales,  exposiciones  y  actividades  (talleres, cursos, conferencias, observaciones públicas...).  Las proyecciones que se ofrecen en el Planetario de Madrid se renuevan periódicamente, y tienen una duración aproximada de 45 minutos.  Existen dos programaciones básicas diferentes: una activa durante el verano y época de vacaciones escolares, y otra durante el curso escolar. Durante el curso escolar, las proyecciones de las mañanas de los días lectivos se reservan a  escolares . ","  Horario:     De martes a viernes (días lectivos): de 9:30 a 13:45 horas, y de 17 a 19:45 horas.  Sábados, domingos y festivos (excepto lunes): de 11 a 13:45 horas, y de 17 a 20:45 horas.    Días de cierre:     Todos los  lunes  del año .   Días 24, 25 y 31 de diciembre, y 1 de enero. Día 5 de enero (tarde), y 6 de enero (mañana).  Revisión técnica anual: para el año 2016,  del 11 al 22 de enero.   "," Metro: Méndez Álvaro (línea 6)   Bus: 148, 156 ",0,http://www.madrid.es/vgn-ext-templating/v/index.jsp?vgnextchannel=9e4c43db40317010VgnVCM100000dc0ca8c0RCRD&vgnextoid=c9c5b069a541f010VgnVCM1000000b205a0aRCRD,PLANETARIO,AVENIDA,16,MADRID,MADRID,28045,LEGAZPI,ARGANZUELA,441977,4471730,40.39227092120195,-3.684968648157021,"914 673 461 (reserva grupos)                                                                                                                                                                                                                                                                                                                                                                 
914 673 898 (contestador automático de información)", 
3359,Real Basílica San Francisco el Grande," Conjunto conventual que sustituyó al monasterio franciscano medieval, construido por Francisco de las Cabezas entre 1761 y 1768, que fue relevado por Antonio Polo y que concluye Francisco Sabatini en 1784 donde se exponen colecciones de pinturas de los siglos  XVII  al  XIX.  ",  Museo:     De martes a viernes de 10:30 a 12:30 y de 16 a 18 horas  Sábados de 10:30 a 12:30 y de 16 a 18 horas (si no se ofician actos religiosos).   Julio y agosto: de martes a domingo de 10:30 a 12:30 y de 17 a 19 horas.  ," Metro: La Latina (línea 5) , Puerta de Toledo (línea 5)  Bus:  3, 17, 18, 23, 31, 35, 36, 41, 50, 60, 65, 148, 749, C1, C2 ",0,http://www.madrid.es/vgn-ext-templating/v/index.jsp?vgnextchannel=9e4c43db40317010VgnVCM100000dc0ca8c0RCRD&vgnextoid=ef8d0713fb71c010VgnVCM1000000b205a0aRCRD,SAN BUENAVENTURA,CALLE,1,MADRID,MADRID,28005,PALACIO,CENTRO,439487,4473811,40.41084005024222,-3.714503845728281,913 653 800, 
3349,Real Monasterio de la Encarnación," Edificio construído por Juan Gómez de Mora de 1611 a 1616 como monasterio anejo al Alcázar Real, modelo de lo que se ha dado en llamar barroco madrileño. Cuenta con la reliquia de San Pantaleón. ","  De martes a sábado: de 10 a 14 horas y de 16 a 18:30 horas  Domingos y festivos: de 10 a 15 horas. Tardes cerrado  Cierre taquillas: una hora antes  Cerrado:   Enero: días 1 y 6.  Abril: del 1 al 4 inclusive, semana santa.  Mayo: día 1  Diciembre: 24,25 y 31.  El día  7 de diciembre  abierto horario de mañana y tarde.    "," Metro:  Ópera (líneas 2, 5 y Ramal Ópera Príncipe Pío), Plaza de España (líneas 3, 10)  Bus:  1, 2, 3, 25, 39, 44, 46, 74, 75, 133, 138, 147, 148, C1, C2 ",1,http://www.madrid.es/vgn-ext-templating/v/index.jsp?vgnextchannel=9e4c43db40317010VgnVCM100000dc0ca8c0RCRD&vgnextoid=72ad0713fb71c010VgnVCM1000000b205a0aRCRD,ENCARNACION,PLAZA,1,MADRID,MADRID,28013,PALACIO,CENTRO,439744,4474790,40.41967800877382,-3.711567962866152,914 548 700 (Información general), 
2061,Real Sitio de El Pardo," Recinto en el que se conserva el Palacio, construido sobre el castillo del siglo  XV , la Casita del Príncipe, del siglo  XVIII  y la Quinta del Duque de Arco (Palacete que fue Casa de Labor y sus tierras). Desde 1983 ha sido adecuado para residencia de Jefes de Estado extranjeros en visita oficial. ","  De octubre a marzo: todos los días de 10 a 18 horas  De abril a septiembre: todos los días de 10 a 20 horas  Cerrado:    Enero: días 1 y 6.  Mayo: día 1.  Diciembre: 24, 25 y 31.    ",Bus: 601 (Madrid - Colonia Mingorrubio),1,http://www.madrid.es/vgn-ext-templating/v/index.jsp?vgnextchannel=9e4c43db40317010VgnVCM100000dc0ca8c0RCRD&vgnextoid=9f9def4d7f71c010VgnVCM1000000b205a0aRCRD,MANUEL ALONSO,CALLE,8,MADRID,MADRID,28048,EL PARDO,FUENCARRAL-EL PARDO,434356,4486030,40.520522342970146,-3.7762390614462853,914 548 700 (Información general), 
20605,Templo de Debod," Templo egipcio dedicado a Amón de Debod y a Isis, construido entre 185  a. de C.  y el siglo  I  de la Era. Fue donado por Egipto a España en 1968, en agradecimiento por la ayuda en el salvamento de los templos de Abu Simbel. ","  De 1 de octubre a 31 de marzo   De martes a viernes de 9:45 a 13:45 y de 16:15 a 18:15 horas  Sábados, domingos y festivos de 9:30 a 20 hora    De 1 de abril a 30 de septiembre   De martes a viernes de 10 a 14 y de 18 a 20 horas  Sábados, domingos y festivos de 9:30 a 20 horas.     El templo permanece cerrado los lunes y los festivos 1 de enero, 1 de mayo y 25 de diciembre.  Último pase de visita 15 minutos antes del cierre.  Este horario y la apertura de salas pueden sufrir modificaciones, por favor, confírmelo en el teléfono de información del museo.  ","  Metro:  Plaza de España (líneas 3 y 10) y Ventura Rodríguez (línea 3)   Autobús    Línea 74 (paradas en la calle Ferraz, frente al Templo, y en la calle Pintor Rosales)  Líneas 25, 39, 46, 75, 138 y C1 (parada en Cuesta de San Vicente-Cadarso)  Líneas 3, 44, 133, 148 y C2 (parada en Plaza de España)  Líneas 1, 2, 74 (parada en Princesa-Ventura Rodríguez)    Renfe:  Príncipe Pío   Bus turístico:  Ruta 1. PARADA 10 - Templo de Debod   Otras formas de acceso:    Aparcamiento de bicicletas: Calle Ferraz, junto al acceso principal a los jardines del Templo.  Aparcamiento de coches: dentro del Área de Estacionamiento Regulado de la ciudad de Madrid.  El aparcamiento público más cercano está situado en Plaza de España.  ",0,http://www.madrid.es/vgn-ext-templating/v/index.jsp?vgnextchannel=9e4c43db40317010VgnVCM100000dc0ca8c0RCRD&vgnextoid=13b432df1d51c010VgnVCM2000000c205a0aRCRD,FERRAZ,CALLE,1,MADRID,MADRID,28008,CASA DE CAMPO,MONCLOA-ARAVACA,439327,4475301,40.42425096551599,-3.716531855540272,913 667 415 (Museo de San Isidro / Templo de Debod)), 
