"Año","Comunidad autónoma","Provincia","Llamante","Número de llamadas pertinentes"
"Año 2007","Andalucía","Almería","Usuaria","153.0"
"Año 2007","Andalucía","Almería","Familiares/Personas allegadas","27.0"
"Año 2007","Andalucía","Almería","Otros","1.0"
"Año 2007","Andalucía","Cádiz","Usuaria","189.0"
"Año 2007","Andalucía","Cádiz","Familiares/Personas allegadas","44.0"
"Año 2007","Andalucía","Cádiz","Otros","7.0"
"Año 2007","Andalucía","Córdoba","Usuaria","162.0"
"Año 2007","Andalucía","Córdoba","Familiares/Personas allegadas","29.0"
"Año 2007","Andalucía","Córdoba","Otros","6.0"
"Año 2007","Andalucía","Granada","Usuaria","256.0"
"Año 2007","Andalucía","Granada","Familiares/Personas allegadas","42.0"
"Año 2007","Andalucía","Granada","Otros","7.0"
"Año 2007","Andalucía","Huelva","Usuaria","86.0"
"Año 2007","Andalucía","Huelva","Familiares/Personas allegadas","19.0"
"Año 2007","Andalucía","Huelva","Otros","4.0"
"Año 2007","Andalucía","Jaén","Usuaria","131.0"
"Año 2007","Andalucía","Jaén","Familiares/Personas allegadas","17.0"
"Año 2007","Andalucía","Jaén","Otros","6.0"
"Año 2007","Andalucía","Málaga","Usuaria","365.0"
"Año 2007","Andalucía","Málaga","Familiares/Personas allegadas","83.0"
"Año 2007","Andalucía","Málaga","Otros","7.0"
"Año 2007","Andalucía","Sevilla","Usuaria","624.0"
"Año 2007","Andalucía","Sevilla","Familiares/Personas allegadas","144.0"
"Año 2007","Andalucía","Sevilla","Otros","15.0"
"Año 2007","Aragón","Huesca","Usuaria","38.0"
"Año 2007","Aragón","Huesca","Familiares/Personas allegadas","8.0"
"Año 2007","Aragón","Huesca","Otros","4.0"
"Año 2007","Aragón","Teruel","Usuaria","40.0"
"Año 2007","Aragón","Teruel","Familiares/Personas allegadas","2.0"
"Año 2007","Aragón","Teruel","Otros","1.0"
"Año 2007","Aragón","Zaragoza","Usuaria","156.0"
"Año 2007","Aragón","Zaragoza","Familiares/Personas allegadas","35.0"
"Año 2007","Aragón","Zaragoza","Otros","6.0"
"Año 2007","Principado de Asturias","Asturias","Usuaria","253.0"
"Año 2007","Principado de Asturias","Asturias","Familiares/Personas allegadas","53.0"
"Año 2007","Principado de Asturias","Asturias","Otros","7.0"
"Año 2007","Islas Baleares","Islas Baleares","Usuaria","315.0"
"Año 2007","Islas Baleares","Islas Baleares","Familiares/Personas allegadas","44.0"
"Año 2007","Islas Baleares","Islas Baleares","Otros","9.0"
"Año 2007","Canarias","Las Palmas","Usuaria","385.0"
"Año 2007","Canarias","Las Palmas","Familiares/Personas allegadas","74.0"
"Año 2007","Canarias","Las Palmas","Otros","9.0"
"Año 2007","Canarias","Santa Cruz de Tenerife","Usuaria","304.0"
"Año 2007","Canarias","Santa Cruz de Tenerife","Familiares/Personas allegadas","49.0"
"Año 2007","Canarias","Santa Cruz de Tenerife","Otros","7.0"
"Año 2007","Cantabria","Cantabria","Usuaria","185.0"
"Año 2007","Cantabria","Cantabria","Familiares/Personas allegadas","24.0"
"Año 2007","Cantabria","Cantabria","Otros","3.0"
"Año 2007","Castilla y León","Ávila","Usuaria","63.0"
"Año 2007","Castilla y León","Ávila","Familiares/Personas allegadas","13.0"
"Año 2007","Castilla y León","Ávila","Otros","1.0"
"Año 2007","Castilla y León","Burgos","Usuaria","65.0"
"Año 2007","Castilla y León","Burgos","Familiares/Personas allegadas","10.0"
"Año 2007","Castilla y León","Burgos","Otros","5.0"
"Año 2007","Castilla y León","León","Usuaria","130.0"
"Año 2007","Castilla y León","León","Familiares/Personas allegadas","16.0"
"Año 2007","Castilla y León","León","Otros","7.0"
"Año 2007","Castilla y León","Palencia","Usuaria","46.0"
"Año 2007","Castilla y León","Palencia","Familiares/Personas allegadas","9.0"
"Año 2007","Castilla y León","Salamanca","Usuaria","81.0"
"Año 2007","Castilla y León","Salamanca","Familiares/Personas allegadas","25.0"
"Año 2007","Castilla y León","Salamanca","Otros","5.0"
"Año 2007","Castilla y León","Segovia","Usuaria","48.0"
"Año 2007","Castilla y León","Segovia","Familiares/Personas allegadas","1.0"
"Año 2007","Castilla y León","Soria","Usuaria","26.0"
"Año 2007","Castilla y León","Soria","Familiares/Personas allegadas","8.0"
"Año 2007","Castilla y León","Valladolid","Usuaria","161.0"
"Año 2007","Castilla y León","Valladolid","Familiares/Personas allegadas","28.0"
"Año 2007","Castilla y León","Valladolid","Otros","6.0"
"Año 2007","Castilla y León","Zamora","Usuaria","36.0"
"Año 2007","Castilla y León","Zamora","Familiares/Personas allegadas","2.0"
"Año 2007","Castilla y León","Zamora","Otros","1.0"
"Año 2007","Castilla - La Mancha","Albacete","Usuaria","50.0"
"Año 2007","Castilla - La Mancha","Albacete","Familiares/Personas allegadas","13.0"
"Año 2007","Castilla - La Mancha","Albacete","Otros","2.0"
"Año 2007","Castilla - La Mancha","Ciudad Real","Usuaria","93.0"
"Año 2007","Castilla - La Mancha","Ciudad Real","Familiares/Personas allegadas","23.0"
"Año 2007","Castilla - La Mancha","Ciudad Real","Otros","4.0"
"Año 2007","Castilla - La Mancha","Cuenca","Usuaria","34.0"
"Año 2007","Castilla - La Mancha","Cuenca","Familiares/Personas allegadas","7.0"
"Año 2007","Castilla - La Mancha","Cuenca","Otros","3.0"
"Año 2007","Castilla - La Mancha","Guadalajara","Usuaria","36.0"
"Año 2007","Castilla - La Mancha","Guadalajara","Familiares/Personas allegadas","9.0"
"Año 2007","Castilla - La Mancha","Guadalajara","Otros","1.0"
"Año 2007","Castilla - La Mancha","Toledo","Usuaria","181.0"
"Año 2007","Castilla - La Mancha","Toledo","Familiares/Personas allegadas","37.0"
"Año 2007","Castilla - La Mancha","Toledo","Otros","8.0"
"Año 2007","Cataluña","Barcelona","Usuaria","1256.0"
"Año 2007","Cataluña","Barcelona","Familiares/Personas allegadas","252.0"
"Año 2007","Cataluña","Barcelona","Otros","33.0"
"Año 2007","Cataluña","Girona","Usuaria","93.0"
"Año 2007","Cataluña","Girona","Familiares/Personas allegadas","24.0"
"Año 2007","Cataluña","Lleida","Usuaria","84.0"
"Año 2007","Cataluña","Lleida","Familiares/Personas allegadas","15.0"
"Año 2007","Cataluña","Lleida","Otros","1.0"
"Año 2007","Cataluña","Tarragona","Usuaria","138.0"
"Año 2007","Cataluña","Tarragona","Familiares/Personas allegadas","22.0"
"Año 2007","Cataluña","Tarragona","Otros","7.0"
"Año 2007","Comunidad Valenciana","Alicante","Usuaria","506.0"
"Año 2007","Comunidad Valenciana","Alicante","Familiares/Personas allegadas","80.0"
"Año 2007","Comunidad Valenciana","Alicante","Otros","12.0"
"Año 2007","Comunidad Valenciana","Castellón","Usuaria","104.0"
"Año 2007","Comunidad Valenciana","Castellón","Familiares/Personas allegadas","21.0"
"Año 2007","Comunidad Valenciana","Castellón","Otros","3.0"
"Año 2007","Comunidad Valenciana","Valencia","Usuaria","596.0"
"Año 2007","Comunidad Valenciana","Valencia","Familiares/Personas allegadas","129.0"
"Año 2007","Comunidad Valenciana","Valencia","Otros","22.0"
"Año 2007","Extremadura","Badajoz","Usuaria","163.0"
"Año 2007","Extremadura","Badajoz","Familiares/Personas allegadas","28.0"
"Año 2007","Extremadura","Badajoz","Otros","8.0"
"Año 2007","Extremadura","Cáceres","Usuaria","82.0"
"Año 2007","Extremadura","Cáceres","Familiares/Personas allegadas","20.0"
"Año 2007","Extremadura","Cáceres","Otros","3.0"
"Año 2007","Galicia","A Coruña","Usuaria","322.0"
"Año 2007","Galicia","A Coruña","Familiares/Personas allegadas","46.0"
"Año 2007","Galicia","A Coruña","Otros","15.0"
"Año 2007","Galicia","Lugo","Usuaria","56.0"
"Año 2007","Galicia","Lugo","Familiares/Personas allegadas","9.0"
"Año 2007","Galicia","Lugo","Otros","4.0"
"Año 2007","Galicia","Ourense","Usuaria","66.0"
"Año 2007","Galicia","Ourense","Familiares/Personas allegadas","1.0"
"Año 2007","Galicia","Ourense","Otros","1.0"
"Año 2007","Galicia","Pontevedra","Usuaria","159.0"
"Año 2007","Galicia","Pontevedra","Familiares/Personas allegadas","34.0"
"Año 2007","Galicia","Pontevedra","Otros","8.0"
"Año 2007","Comunidad de Madrid","Madrid","Usuaria","3467.0"
"Año 2007","Comunidad de Madrid","Madrid","Familiares/Personas allegadas","634.0"
"Año 2007","Comunidad de Madrid","Madrid","Otros","113.0"
"Año 2007","Región de Murcia","Murcia","Usuaria","392.0"
"Año 2007","Región de Murcia","Murcia","Familiares/Personas allegadas","62.0"
"Año 2007","Región de Murcia","Murcia","Otros","6.0"
"Año 2007","Comunidad Foral de Navarra","Navarra","Usuaria","127.0"
"Año 2007","Comunidad Foral de Navarra","Navarra","Familiares/Personas allegadas","32.0"
"Año 2007","Comunidad Foral de Navarra","Navarra","Otros","2.0"
"Año 2007","País Vasco","Álava","Usuaria","63.0"
"Año 2007","País Vasco","Álava","Familiares/Personas allegadas","16.0"
"Año 2007","País Vasco","Álava","Otros","5.0"
"Año 2007","País Vasco","Guipúzcoa","Usuaria","77.0"
"Año 2007","País Vasco","Guipúzcoa","Familiares/Personas allegadas","19.0"
"Año 2007","País Vasco","Guipúzcoa","Otros","3.0"
"Año 2007","País Vasco","Vizcaya","Usuaria","197.0"
"Año 2007","País Vasco","Vizcaya","Familiares/Personas allegadas","40.0"
"Año 2007","País Vasco","Vizcaya","Otros","6.0"
"Año 2007","La Rioja","La Rioja","Usuaria","49.0"
"Año 2007","La Rioja","La Rioja","Familiares/Personas allegadas","12.0"
"Año 2007","La Rioja","La Rioja","Otros","1.0"
"Año 2007","Ceuta","Ceuta","Usuaria","23.0"
"Año 2007","Ceuta","Ceuta","Familiares/Personas allegadas","2.0"
"Año 2007","Ceuta","Ceuta","Otros","1.0"
"Año 2007","Melilla","Melilla","Usuaria","19.0"
"Año 2007","Melilla","Melilla","Familiares/Personas allegadas","4.0"
"Año 2008","Andalucía","Almería","Usuaria","736.0"
"Año 2008","Andalucía","Almería","Familiares/Personas allegadas","175.0"
"Año 2008","Andalucía","Almería","Otros","25.0"
"Año 2008","Andalucía","Cádiz","Usuaria","1313.0"
"Año 2008","Andalucía","Cádiz","Familiares/Personas allegadas","283.0"
"Año 2008","Andalucía","Cádiz","Otros","37.0"
"Año 2008","Andalucía","Córdoba","Usuaria","703.0"
"Año 2008","Andalucía","Córdoba","Familiares/Personas allegadas","154.0"
"Año 2008","Andalucía","Córdoba","Otros","25.0"
"Año 2008","Andalucía","Granada","Usuaria","1139.0"
"Año 2008","Andalucía","Granada","Familiares/Personas allegadas","270.0"
"Año 2008","Andalucía","Granada","Otros","46.0"
"Año 2008","Andalucía","Huelva","Usuaria","579.0"
"Año 2008","Andalucía","Huelva","Familiares/Personas allegadas","104.0"
"Año 2008","Andalucía","Huelva","Otros","18.0"
"Año 2008","Andalucía","Jaén","Usuaria","604.0"
"Año 2008","Andalucía","Jaén","Familiares/Personas allegadas","118.0"
"Año 2008","Andalucía","Jaén","Otros","14.0"
"Año 2008","Andalucía","Málaga","Usuaria","1989.0"
"Año 2008","Andalucía","Málaga","Familiares/Personas allegadas","516.0"
"Año 2008","Andalucía","Málaga","Otros","58.0"
"Año 2008","Andalucía","Sevilla","Usuaria","2737.0"
"Año 2008","Andalucía","Sevilla","Familiares/Personas allegadas","606.0"
"Año 2008","Andalucía","Sevilla","Otros","99.0"
"Año 2008","Aragón","Huesca","Usuaria","170.0"
"Año 2008","Aragón","Huesca","Familiares/Personas allegadas","34.0"
"Año 2008","Aragón","Huesca","Otros","12.0"
"Año 2008","Aragón","Teruel","Usuaria","88.0"
"Año 2008","Aragón","Teruel","Familiares/Personas allegadas","13.0"
"Año 2008","Aragón","Teruel","Otros","7.0"
"Año 2008","Aragón","Zaragoza","Usuaria","876.0"
"Año 2008","Aragón","Zaragoza","Familiares/Personas allegadas","220.0"
"Año 2008","Aragón","Zaragoza","Otros","30.0"
"Año 2008","Principado de Asturias","Asturias","Usuaria","1136.0"
"Año 2008","Principado de Asturias","Asturias","Familiares/Personas allegadas","235.0"
"Año 2008","Principado de Asturias","Asturias","Otros","37.0"
"Año 2008","Islas Baleares","Islas Baleares","Usuaria","1512.0"
"Año 2008","Islas Baleares","Islas Baleares","Familiares/Personas allegadas","311.0"
"Año 2008","Islas Baleares","Islas Baleares","Otros","53.0"
"Año 2008","Canarias","Las Palmas","Usuaria","1830.0"
"Año 2008","Canarias","Las Palmas","Familiares/Personas allegadas","426.0"
"Año 2008","Canarias","Las Palmas","Otros","46.0"
"Año 2008","Canarias","Santa Cruz de Tenerife","Usuaria","1591.0"
"Año 2008","Canarias","Santa Cruz de Tenerife","Familiares/Personas allegadas","337.0"
"Año 2008","Canarias","Santa Cruz de Tenerife","Otros","42.0"
"Año 2008","Cantabria","Cantabria","Usuaria","730.0"
"Año 2008","Cantabria","Cantabria","Familiares/Personas allegadas","149.0"
"Año 2008","Cantabria","Cantabria","Otros","26.0"
"Año 2008","Castilla y León","Ávila","Usuaria","223.0"
"Año 2008","Castilla y León","Ávila","Familiares/Personas allegadas","42.0"
"Año 2008","Castilla y León","Ávila","Otros","10.0"
"Año 2008","Castilla y León","Burgos","Usuaria","255.0"
"Año 2008","Castilla y León","Burgos","Familiares/Personas allegadas","68.0"
"Año 2008","Castilla y León","Burgos","Otros","7.0"
"Año 2008","Castilla y León","León","Usuaria","566.0"
"Año 2008","Castilla y León","León","Familiares/Personas allegadas","138.0"
"Año 2008","Castilla y León","León","Otros","31.0"
"Año 2008","Castilla y León","Palencia","Usuaria","121.0"
"Año 2008","Castilla y León","Palencia","Familiares/Personas allegadas","38.0"
"Año 2008","Castilla y León","Palencia","Otros","7.0"
"Año 2008","Castilla y León","Salamanca","Usuaria","288.0"
"Año 2008","Castilla y León","Salamanca","Familiares/Personas allegadas","80.0"
"Año 2008","Castilla y León","Salamanca","Otros","9.0"
"Año 2008","Castilla y León","Segovia","Usuaria","155.0"
"Año 2008","Castilla y León","Segovia","Familiares/Personas allegadas","38.0"
"Año 2008","Castilla y León","Segovia","Otros","4.0"
"Año 2008","Castilla y León","Soria","Usuaria","87.0"
"Año 2008","Castilla y León","Soria","Familiares/Personas allegadas","14.0"
"Año 2008","Castilla y León","Soria","Otros","1.0"
"Año 2008","Castilla y León","Valladolid","Usuaria","601.0"
"Año 2008","Castilla y León","Valladolid","Familiares/Personas allegadas","149.0"
"Año 2008","Castilla y León","Valladolid","Otros","11.0"
"Año 2008","Castilla y León","Zamora","Usuaria","158.0"
"Año 2008","Castilla y León","Zamora","Familiares/Personas allegadas","49.0"
"Año 2008","Castilla y León","Zamora","Otros","3.0"
"Año 2008","Castilla - La Mancha","Albacete","Usuaria","340.0"
"Año 2008","Castilla - La Mancha","Albacete","Familiares/Personas allegadas","61.0"
"Año 2008","Castilla - La Mancha","Albacete","Otros","11.0"
"Año 2008","Castilla - La Mancha","Ciudad Real","Usuaria","467.0"
"Año 2008","Castilla - La Mancha","Ciudad Real","Familiares/Personas allegadas","105.0"
"Año 2008","Castilla - La Mancha","Ciudad Real","Otros","16.0"
"Año 2008","Castilla - La Mancha","Cuenca","Usuaria","203.0"
"Año 2008","Castilla - La Mancha","Cuenca","Familiares/Personas allegadas","29.0"
"Año 2008","Castilla - La Mancha","Cuenca","Otros","14.0"
"Año 2008","Castilla - La Mancha","Guadalajara","Usuaria","287.0"
"Año 2008","Castilla - La Mancha","Guadalajara","Familiares/Personas allegadas","59.0"
"Año 2008","Castilla - La Mancha","Guadalajara","Otros","16.0"
"Año 2008","Castilla - La Mancha","Toledo","Usuaria","884.0"
"Año 2008","Castilla - La Mancha","Toledo","Familiares/Personas allegadas","168.0"
"Año 2008","Castilla - La Mancha","Toledo","Otros","34.0"
"Año 2008","Cataluña","Barcelona","Usuaria","6502.0"
"Año 2008","Cataluña","Barcelona","Familiares/Personas allegadas","1307.0"
"Año 2008","Cataluña","Barcelona","Otros","188.0"
"Año 2008","Cataluña","Girona","Usuaria","627.0"
"Año 2008","Cataluña","Girona","Familiares/Personas allegadas","122.0"
"Año 2008","Cataluña","Girona","Otros","11.0"
"Año 2008","Cataluña","Lleida","Usuaria","288.0"
"Año 2008","Cataluña","Lleida","Familiares/Personas allegadas","50.0"
"Año 2008","Cataluña","Lleida","Otros","5.0"
"Año 2008","Cataluña","Tarragona","Usuaria","871.0"
"Año 2008","Cataluña","Tarragona","Familiares/Personas allegadas","180.0"
"Año 2008","Cataluña","Tarragona","Otros","29.0"
"Año 2008","Comunidad Valenciana","Alicante","Usuaria","2331.0"
"Año 2008","Comunidad Valenciana","Alicante","Familiares/Personas allegadas","454.0"
"Año 2008","Comunidad Valenciana","Alicante","Otros","112.0"
"Año 2008","Comunidad Valenciana","Castellón","Usuaria","519.0"
"Año 2008","Comunidad Valenciana","Castellón","Familiares/Personas allegadas","130.0"
"Año 2008","Comunidad Valenciana","Castellón","Otros","13.0"
"Año 2008","Comunidad Valenciana","Valencia","Usuaria","3351.0"
"Año 2008","Comunidad Valenciana","Valencia","Familiares/Personas allegadas","732.0"
"Año 2008","Comunidad Valenciana","Valencia","Otros","129.0"
"Año 2008","Extremadura","Badajoz","Usuaria","767.0"
"Año 2008","Extremadura","Badajoz","Familiares/Personas allegadas","155.0"
"Año 2008","Extremadura","Badajoz","Otros","20.0"
"Año 2008","Extremadura","Cáceres","Usuaria","500.0"
"Año 2008","Extremadura","Cáceres","Familiares/Personas allegadas","117.0"
"Año 2008","Extremadura","Cáceres","Otros","20.0"
"Año 2008","Galicia","A Coruña","Usuaria","1178.0"
"Año 2008","Galicia","A Coruña","Familiares/Personas allegadas","254.0"
"Año 2008","Galicia","A Coruña","Otros","36.0"
"Año 2008","Galicia","Lugo","Usuaria","377.0"
"Año 2008","Galicia","Lugo","Familiares/Personas allegadas","47.0"
"Año 2008","Galicia","Lugo","Otros","3.0"
"Año 2008","Galicia","Ourense","Usuaria","247.0"
"Año 2008","Galicia","Ourense","Familiares/Personas allegadas","36.0"
"Año 2008","Galicia","Ourense","Otros","9.0"
"Año 2008","Galicia","Pontevedra","Usuaria","826.0"
"Año 2008","Galicia","Pontevedra","Familiares/Personas allegadas","221.0"
"Año 2008","Galicia","Pontevedra","Otros","19.0"
"Año 2008","Comunidad de Madrid","Madrid","Usuaria","14521.0"
"Año 2008","Comunidad de Madrid","Madrid","Familiares/Personas allegadas","3361.0"
"Año 2008","Comunidad de Madrid","Madrid","Otros","425.0"
"Año 2008","Región de Murcia","Murcia","Usuaria","1881.0"
"Año 2008","Región de Murcia","Murcia","Familiares/Personas allegadas","399.0"
"Año 2008","Región de Murcia","Murcia","Otros","71.0"
"Año 2008","Comunidad Foral de Navarra","Navarra","Usuaria","578.0"
"Año 2008","Comunidad Foral de Navarra","Navarra","Familiares/Personas allegadas","129.0"
"Año 2008","Comunidad Foral de Navarra","Navarra","Otros","15.0"
"Año 2008","País Vasco","Álava","Usuaria","208.0"
"Año 2008","País Vasco","Álava","Familiares/Personas allegadas","57.0"
"Año 2008","País Vasco","Álava","Otros","4.0"
"Año 2008","País Vasco","Guipúzcoa","Usuaria","344.0"
"Año 2008","País Vasco","Guipúzcoa","Familiares/Personas allegadas","106.0"
"Año 2008","País Vasco","Guipúzcoa","Otros","9.0"
"Año 2008","País Vasco","Vizcaya","Usuaria","861.0"
"Año 2008","País Vasco","Vizcaya","Familiares/Personas allegadas","216.0"
"Año 2008","País Vasco","Vizcaya","Otros","35.0"
"Año 2008","La Rioja","La Rioja","Usuaria","309.0"
"Año 2008","La Rioja","La Rioja","Familiares/Personas allegadas","77.0"
"Año 2008","La Rioja","La Rioja","Otros","9.0"
"Año 2008","Ceuta","Ceuta","Usuaria","100.0"
"Año 2008","Ceuta","Ceuta","Familiares/Personas allegadas","35.0"
"Año 2008","Ceuta","Ceuta","Otros","1.0"
"Año 2008","Melilla","Melilla","Usuaria","155.0"
"Año 2008","Melilla","Melilla","Familiares/Personas allegadas","35.0"
"Año 2008","Melilla","Melilla","Otros","12.0"
"Año 2009","Andalucía","Almería","Usuaria","615.0"
"Año 2009","Andalucía","Almería","Familiares/Personas allegadas","199.0"
"Año 2009","Andalucía","Almería","Otros","20.0"
"Año 2009","Andalucía","Cádiz","Usuaria","1047.0"
"Año 2009","Andalucía","Cádiz","Familiares/Personas allegadas","323.0"
"Año 2009","Andalucía","Cádiz","Otros","27.0"
"Año 2009","Andalucía","Córdoba","Usuaria","660.0"
"Año 2009","Andalucía","Córdoba","Familiares/Personas allegadas","177.0"
"Año 2009","Andalucía","Córdoba","Otros","25.0"
"Año 2009","Andalucía","Granada","Usuaria","979.0"
"Año 2009","Andalucía","Granada","Familiares/Personas allegadas","250.0"
"Año 2009","Andalucía","Granada","Otros","36.0"
"Año 2009","Andalucía","Huelva","Usuaria","415.0"
"Año 2009","Andalucía","Huelva","Familiares/Personas allegadas","127.0"
"Año 2009","Andalucía","Huelva","Otros","23.0"
"Año 2009","Andalucía","Jaén","Usuaria","496.0"
"Año 2009","Andalucía","Jaén","Familiares/Personas allegadas","180.0"
"Año 2009","Andalucía","Jaén","Otros","26.0"
"Año 2009","Andalucía","Málaga","Usuaria","1742.0"
"Año 2009","Andalucía","Málaga","Familiares/Personas allegadas","452.0"
"Año 2009","Andalucía","Málaga","Otros","68.0"
"Año 2009","Andalucía","Sevilla","Usuaria","2220.0"
"Año 2009","Andalucía","Sevilla","Familiares/Personas allegadas","640.0"
"Año 2009","Andalucía","Sevilla","Otros","95.0"
"Año 2009","Aragón","Huesca","Usuaria","137.0"
"Año 2009","Aragón","Huesca","Familiares/Personas allegadas","52.0"
"Año 2009","Aragón","Huesca","Otros","13.0"
"Año 2009","Aragón","Teruel","Usuaria","64.0"
"Año 2009","Aragón","Teruel","Familiares/Personas allegadas","17.0"
"Año 2009","Aragón","Teruel","Otros","5.0"
"Año 2009","Aragón","Zaragoza","Usuaria","829.0"
"Año 2009","Aragón","Zaragoza","Familiares/Personas allegadas","240.0"
"Año 2009","Aragón","Zaragoza","Otros","57.0"
"Año 2009","Principado de Asturias","Asturias","Usuaria","1107.0"
"Año 2009","Principado de Asturias","Asturias","Familiares/Personas allegadas","289.0"
"Año 2009","Principado de Asturias","Asturias","Otros","22.0"
"Año 2009","Islas Baleares","Islas Baleares","Usuaria","1108.0"
"Año 2009","Islas Baleares","Islas Baleares","Familiares/Personas allegadas","305.0"
"Año 2009","Islas Baleares","Islas Baleares","Otros","46.0"
"Año 2009","Canarias","Las Palmas","Usuaria","1820.0"
"Año 2009","Canarias","Las Palmas","Familiares/Personas allegadas","564.0"
"Año 2009","Canarias","Las Palmas","Otros","47.0"
"Año 2009","Canarias","Santa Cruz de Tenerife","Usuaria","1649.0"
"Año 2009","Canarias","Santa Cruz de Tenerife","Familiares/Personas allegadas","457.0"
"Año 2009","Canarias","Santa Cruz de Tenerife","Otros","56.0"
"Año 2009","Cantabria","Cantabria","Usuaria","662.0"
"Año 2009","Cantabria","Cantabria","Familiares/Personas allegadas","161.0"
"Año 2009","Cantabria","Cantabria","Otros","18.0"
"Año 2009","Castilla y León","Ávila","Usuaria","153.0"
"Año 2009","Castilla y León","Ávila","Familiares/Personas allegadas","46.0"
"Año 2009","Castilla y León","Ávila","Otros","5.0"
"Año 2009","Castilla y León","Burgos","Usuaria","359.0"
"Año 2009","Castilla y León","Burgos","Familiares/Personas allegadas","79.0"
"Año 2009","Castilla y León","Burgos","Otros","4.0"
"Año 2009","Castilla y León","León","Usuaria","486.0"
"Año 2009","Castilla y León","León","Familiares/Personas allegadas","138.0"
"Año 2009","Castilla y León","León","Otros","16.0"
"Año 2009","Castilla y León","Palencia","Usuaria","108.0"
"Año 2009","Castilla y León","Palencia","Familiares/Personas allegadas","39.0"
"Año 2009","Castilla y León","Palencia","Otros","4.0"
"Año 2009","Castilla y León","Salamanca","Usuaria","352.0"
"Año 2009","Castilla y León","Salamanca","Familiares/Personas allegadas","94.0"
"Año 2009","Castilla y León","Salamanca","Otros","13.0"
"Año 2009","Castilla y León","Segovia","Usuaria","131.0"
"Año 2009","Castilla y León","Segovia","Familiares/Personas allegadas","42.0"
"Año 2009","Castilla y León","Segovia","Otros","5.0"
"Año 2009","Castilla y León","Soria","Usuaria","63.0"
"Año 2009","Castilla y León","Soria","Familiares/Personas allegadas","15.0"
"Año 2009","Castilla y León","Soria","Otros","2.0"
"Año 2009","Castilla y León","Valladolid","Usuaria","653.0"
"Año 2009","Castilla y León","Valladolid","Familiares/Personas allegadas","173.0"
"Año 2009","Castilla y León","Valladolid","Otros","18.0"
"Año 2009","Castilla y León","Zamora","Usuaria","193.0"
"Año 2009","Castilla y León","Zamora","Familiares/Personas allegadas","54.0"
"Año 2009","Castilla y León","Zamora","Otros","4.0"
"Año 2009","Castilla - La Mancha","Albacete","Usuaria","276.0"
"Año 2009","Castilla - La Mancha","Albacete","Familiares/Personas allegadas","82.0"
"Año 2009","Castilla - La Mancha","Albacete","Otros","16.0"
"Año 2009","Castilla - La Mancha","Ciudad Real","Usuaria","462.0"
"Año 2009","Castilla - La Mancha","Ciudad Real","Familiares/Personas allegadas","105.0"
"Año 2009","Castilla - La Mancha","Ciudad Real","Otros","17.0"
"Año 2009","Castilla - La Mancha","Cuenca","Usuaria","140.0"
"Año 2009","Castilla - La Mancha","Cuenca","Familiares/Personas allegadas","38.0"
"Año 2009","Castilla - La Mancha","Cuenca","Otros","11.0"
"Año 2009","Castilla - La Mancha","Guadalajara","Usuaria","227.0"
"Año 2009","Castilla - La Mancha","Guadalajara","Familiares/Personas allegadas","64.0"
"Año 2009","Castilla - La Mancha","Guadalajara","Otros","13.0"
"Año 2009","Castilla - La Mancha","Toledo","Usuaria","756.0"
"Año 2009","Castilla - La Mancha","Toledo","Familiares/Personas allegadas","192.0"
"Año 2009","Castilla - La Mancha","Toledo","Otros","36.0"
"Año 2009","Cataluña","Barcelona","Usuaria","5647.0"
"Año 2009","Cataluña","Barcelona","Familiares/Personas allegadas","1398.0"
"Año 2009","Cataluña","Barcelona","Otros","216.0"
"Año 2009","Cataluña","Girona","Usuaria","470.0"
"Año 2009","Cataluña","Girona","Familiares/Personas allegadas","127.0"
"Año 2009","Cataluña","Girona","Otros","8.0"
"Año 2009","Cataluña","Lleida","Usuaria","258.0"
"Año 2009","Cataluña","Lleida","Familiares/Personas allegadas","65.0"
"Año 2009","Cataluña","Lleida","Otros","4.0"
"Año 2009","Cataluña","Tarragona","Usuaria","722.0"
"Año 2009","Cataluña","Tarragona","Familiares/Personas allegadas","183.0"
"Año 2009","Cataluña","Tarragona","Otros","20.0"
"Año 2009","Comunidad Valenciana","Alicante","Usuaria","2098.0"
"Año 2009","Comunidad Valenciana","Alicante","Familiares/Personas allegadas","469.0"
"Año 2009","Comunidad Valenciana","Alicante","Otros","80.0"
"Año 2009","Comunidad Valenciana","Castellón","Usuaria","559.0"
"Año 2009","Comunidad Valenciana","Castellón","Familiares/Personas allegadas","137.0"
"Año 2009","Comunidad Valenciana","Castellón","Otros","17.0"
"Año 2009","Comunidad Valenciana","Valencia","Usuaria","2901.0"
"Año 2009","Comunidad Valenciana","Valencia","Familiares/Personas allegadas","698.0"
"Año 2009","Comunidad Valenciana","Valencia","Otros","119.0"
"Año 2009","Extremadura","Badajoz","Usuaria","717.0"
"Año 2009","Extremadura","Badajoz","Familiares/Personas allegadas","170.0"
"Año 2009","Extremadura","Badajoz","Otros","28.0"
"Año 2009","Extremadura","Cáceres","Usuaria","395.0"
"Año 2009","Extremadura","Cáceres","Familiares/Personas allegadas","91.0"
"Año 2009","Extremadura","Cáceres","Otros","16.0"
"Año 2009","Galicia","A Coruña","Usuaria","1108.0"
"Año 2009","Galicia","A Coruña","Familiares/Personas allegadas","303.0"
"Año 2009","Galicia","A Coruña","Otros","22.0"
"Año 2009","Galicia","Lugo","Usuaria","294.0"
"Año 2009","Galicia","Lugo","Familiares/Personas allegadas","68.0"
"Año 2009","Galicia","Lugo","Otros","6.0"
"Año 2009","Galicia","Ourense","Usuaria","228.0"
"Año 2009","Galicia","Ourense","Familiares/Personas allegadas","61.0"
"Año 2009","Galicia","Ourense","Otros","11.0"
"Año 2009","Galicia","Pontevedra","Usuaria","732.0"
"Año 2009","Galicia","Pontevedra","Familiares/Personas allegadas","252.0"
"Año 2009","Galicia","Pontevedra","Otros","11.0"
"Año 2009","Comunidad de Madrid","Madrid","Usuaria","12508.0"
"Año 2009","Comunidad de Madrid","Madrid","Familiares/Personas allegadas","3558.0"
"Año 2009","Comunidad de Madrid","Madrid","Otros","372.0"
"Año 2009","Región de Murcia","Murcia","Usuaria","1543.0"
"Año 2009","Región de Murcia","Murcia","Familiares/Personas allegadas","465.0"
"Año 2009","Región de Murcia","Murcia","Otros","61.0"
"Año 2009","Comunidad Foral de Navarra","Navarra","Usuaria","574.0"
"Año 2009","Comunidad Foral de Navarra","Navarra","Familiares/Personas allegadas","181.0"
"Año 2009","Comunidad Foral de Navarra","Navarra","Otros","21.0"
"Año 2009","País Vasco","Álava","Usuaria","174.0"
"Año 2009","País Vasco","Álava","Familiares/Personas allegadas","51.0"
"Año 2009","País Vasco","Álava","Otros","5.0"
"Año 2009","País Vasco","Guipúzcoa","Usuaria","314.0"
"Año 2009","País Vasco","Guipúzcoa","Familiares/Personas allegadas","117.0"
"Año 2009","País Vasco","Guipúzcoa","Otros","12.0"
"Año 2009","País Vasco","Vizcaya","Usuaria","791.0"
"Año 2009","País Vasco","Vizcaya","Familiares/Personas allegadas","253.0"
"Año 2009","País Vasco","Vizcaya","Otros","16.0"
"Año 2009","La Rioja","La Rioja","Usuaria","234.0"
"Año 2009","La Rioja","La Rioja","Familiares/Personas allegadas","80.0"
"Año 2009","La Rioja","La Rioja","Otros","7.0"
"Año 2009","Ceuta","Ceuta","Usuaria","70.0"
"Año 2009","Ceuta","Ceuta","Familiares/Personas allegadas","16.0"
"Año 2009","Ceuta","Ceuta","Otros","4.0"
"Año 2009","Melilla","Melilla","Usuaria","112.0"
"Año 2009","Melilla","Melilla","Familiares/Personas allegadas","39.0"
"Año 2009","Melilla","Melilla","Otros","3.0"
"Año 2010","Andalucía","Almería","Usuaria","556.0"
"Año 2010","Andalucía","Almería","Familiares/Personas allegadas","245.0"
"Año 2010","Andalucía","Almería","Otros","20.0"
"Año 2010","Andalucía","Cádiz","Usuaria","876.0"
"Año 2010","Andalucía","Cádiz","Familiares/Personas allegadas","421.0"
"Año 2010","Andalucía","Cádiz","Otros","52.0"
"Año 2010","Andalucía","Córdoba","Usuaria","591.0"
"Año 2010","Andalucía","Córdoba","Familiares/Personas allegadas","268.0"
"Año 2010","Andalucía","Córdoba","Otros","23.0"
"Año 2010","Andalucía","Granada","Usuaria","946.0"
"Año 2010","Andalucía","Granada","Familiares/Personas allegadas","470.0"
"Año 2010","Andalucía","Granada","Otros","31.0"
"Año 2010","Andalucía","Huelva","Usuaria","372.0"
"Año 2010","Andalucía","Huelva","Familiares/Personas allegadas","162.0"
"Año 2010","Andalucía","Huelva","Otros","22.0"
"Año 2010","Andalucía","Jaén","Usuaria","433.0"
"Año 2010","Andalucía","Jaén","Familiares/Personas allegadas","236.0"
"Año 2010","Andalucía","Jaén","Otros","17.0"
"Año 2010","Andalucía","Málaga","Usuaria","1590.0"
"Año 2010","Andalucía","Málaga","Familiares/Personas allegadas","744.0"
"Año 2010","Andalucía","Málaga","Otros","64.0"
"Año 2010","Andalucía","Sevilla","Usuaria","2126.0"
"Año 2010","Andalucía","Sevilla","Familiares/Personas allegadas","975.0"
"Año 2010","Andalucía","Sevilla","Otros","104.0"
"Año 2010","Aragón","Huesca","Usuaria","139.0"
"Año 2010","Aragón","Huesca","Familiares/Personas allegadas","42.0"
"Año 2010","Aragón","Huesca","Otros","5.0"
"Año 2010","Aragón","Teruel","Usuaria","76.0"
"Año 2010","Aragón","Teruel","Familiares/Personas allegadas","16.0"
"Año 2010","Aragón","Teruel","Otros","5.0"
"Año 2010","Aragón","Zaragoza","Usuaria","718.0"
"Año 2010","Aragón","Zaragoza","Familiares/Personas allegadas","308.0"
"Año 2010","Aragón","Zaragoza","Otros","49.0"
"Año 2010","Principado de Asturias","Asturias","Usuaria","946.0"
"Año 2010","Principado de Asturias","Asturias","Familiares/Personas allegadas","361.0"
"Año 2010","Principado de Asturias","Asturias","Otros","39.0"
"Año 2010","Islas Baleares","Islas Baleares","Usuaria","1057.0"
"Año 2010","Islas Baleares","Islas Baleares","Familiares/Personas allegadas","419.0"
"Año 2010","Islas Baleares","Islas Baleares","Otros","48.0"
"Año 2010","Canarias","Las Palmas","Usuaria","1571.0"
"Año 2010","Canarias","Las Palmas","Familiares/Personas allegadas","616.0"
"Año 2010","Canarias","Las Palmas","Otros","65.0"
"Año 2010","Canarias","Santa Cruz de Tenerife","Usuaria","1479.0"
"Año 2010","Canarias","Santa Cruz de Tenerife","Familiares/Personas allegadas","498.0"
"Año 2010","Canarias","Santa Cruz de Tenerife","Otros","51.0"
"Año 2010","Cantabria","Cantabria","Usuaria","583.0"
"Año 2010","Cantabria","Cantabria","Familiares/Personas allegadas","206.0"
"Año 2010","Cantabria","Cantabria","Otros","22.0"
"Año 2010","Castilla y León","Ávila","Usuaria","169.0"
"Año 2010","Castilla y León","Ávila","Familiares/Personas allegadas","64.0"
"Año 2010","Castilla y León","Ávila","Otros","4.0"
"Año 2010","Castilla y León","Burgos","Usuaria","294.0"
"Año 2010","Castilla y León","Burgos","Familiares/Personas allegadas","116.0"
"Año 2010","Castilla y León","Burgos","Otros","12.0"
"Año 2010","Castilla y León","León","Usuaria","463.0"
"Año 2010","Castilla y León","León","Familiares/Personas allegadas","160.0"
"Año 2010","Castilla y León","León","Otros","12.0"
"Año 2010","Castilla y León","Palencia","Usuaria","121.0"
"Año 2010","Castilla y León","Palencia","Familiares/Personas allegadas","58.0"
"Año 2010","Castilla y León","Palencia","Otros","5.0"
"Año 2010","Castilla y León","Salamanca","Usuaria","388.0"
"Año 2010","Castilla y León","Salamanca","Familiares/Personas allegadas","114.0"
"Año 2010","Castilla y León","Salamanca","Otros","10.0"
"Año 2010","Castilla y León","Segovia","Usuaria","114.0"
"Año 2010","Castilla y León","Segovia","Familiares/Personas allegadas","52.0"
"Año 2010","Castilla y León","Segovia","Otros","2.0"
"Año 2010","Castilla y León","Soria","Usuaria","64.0"
"Año 2010","Castilla y León","Soria","Familiares/Personas allegadas","12.0"
"Año 2010","Castilla y León","Valladolid","Usuaria","620.0"
"Año 2010","Castilla y León","Valladolid","Familiares/Personas allegadas","230.0"
"Año 2010","Castilla y León","Valladolid","Otros","13.0"
"Año 2010","Castilla y León","Zamora","Usuaria","222.0"
"Año 2010","Castilla y León","Zamora","Familiares/Personas allegadas","83.0"
"Año 2010","Castilla y León","Zamora","Otros","5.0"
"Año 2010","Castilla - La Mancha","Albacete","Usuaria","254.0"
"Año 2010","Castilla - La Mancha","Albacete","Familiares/Personas allegadas","117.0"
"Año 2010","Castilla - La Mancha","Albacete","Otros","14.0"
"Año 2010","Castilla - La Mancha","Ciudad Real","Usuaria","417.0"
"Año 2010","Castilla - La Mancha","Ciudad Real","Familiares/Personas allegadas","163.0"
"Año 2010","Castilla - La Mancha","Ciudad Real","Otros","17.0"
"Año 2010","Castilla - La Mancha","Cuenca","Usuaria","122.0"
"Año 2010","Castilla - La Mancha","Cuenca","Familiares/Personas allegadas","51.0"
"Año 2010","Castilla - La Mancha","Cuenca","Otros","10.0"
"Año 2010","Castilla - La Mancha","Guadalajara","Usuaria","288.0"
"Año 2010","Castilla - La Mancha","Guadalajara","Familiares/Personas allegadas","97.0"
"Año 2010","Castilla - La Mancha","Guadalajara","Otros","12.0"
"Año 2010","Castilla - La Mancha","Toledo","Usuaria","695.0"
"Año 2010","Castilla - La Mancha","Toledo","Familiares/Personas allegadas","265.0"
"Año 2010","Castilla - La Mancha","Toledo","Otros","36.0"
"Año 2010","Cataluña","Barcelona","Usuaria","4717.0"
"Año 2010","Cataluña","Barcelona","Familiares/Personas allegadas","1887.0"
"Año 2010","Cataluña","Barcelona","Otros","185.0"
"Año 2010","Cataluña","Girona","Usuaria","439.0"
"Año 2010","Cataluña","Girona","Familiares/Personas allegadas","166.0"
"Año 2010","Cataluña","Girona","Otros","3.0"
"Año 2010","Cataluña","Lleida","Usuaria","214.0"
"Año 2010","Cataluña","Lleida","Familiares/Personas allegadas","74.0"
"Año 2010","Cataluña","Lleida","Otros","3.0"
"Año 2010","Cataluña","Tarragona","Usuaria","627.0"
"Año 2010","Cataluña","Tarragona","Familiares/Personas allegadas","243.0"
"Año 2010","Cataluña","Tarragona","Otros","23.0"
"Año 2010","Comunidad Valenciana","Alicante","Usuaria","1787.0"
"Año 2010","Comunidad Valenciana","Alicante","Familiares/Personas allegadas","716.0"
"Año 2010","Comunidad Valenciana","Alicante","Otros","92.0"
"Año 2010","Comunidad Valenciana","Castellón","Usuaria","456.0"
"Año 2010","Comunidad Valenciana","Castellón","Familiares/Personas allegadas","167.0"
"Año 2010","Comunidad Valenciana","Castellón","Otros","26.0"
"Año 2010","Comunidad Valenciana","Valencia","Usuaria","2597.0"
"Año 2010","Comunidad Valenciana","Valencia","Familiares/Personas allegadas","966.0"
"Año 2010","Comunidad Valenciana","Valencia","Otros","110.0"
"Año 2010","Extremadura","Badajoz","Usuaria","661.0"
"Año 2010","Extremadura","Badajoz","Familiares/Personas allegadas","243.0"
"Año 2010","Extremadura","Badajoz","Otros","32.0"
"Año 2010","Extremadura","Cáceres","Usuaria","374.0"
"Año 2010","Extremadura","Cáceres","Familiares/Personas allegadas","159.0"
"Año 2010","Extremadura","Cáceres","Otros","17.0"
"Año 2010","Galicia","A Coruña","Usuaria","1012.0"
"Año 2010","Galicia","A Coruña","Familiares/Personas allegadas","377.0"
"Año 2010","Galicia","A Coruña","Otros","33.0"
"Año 2010","Galicia","Lugo","Usuaria","253.0"
"Año 2010","Galicia","Lugo","Familiares/Personas allegadas","79.0"
"Año 2010","Galicia","Lugo","Otros","7.0"
"Año 2010","Galicia","Ourense","Usuaria","220.0"
"Año 2010","Galicia","Ourense","Familiares/Personas allegadas","72.0"
"Año 2010","Galicia","Ourense","Otros","10.0"
"Año 2010","Galicia","Pontevedra","Usuaria","719.0"
"Año 2010","Galicia","Pontevedra","Familiares/Personas allegadas","289.0"
"Año 2010","Galicia","Pontevedra","Otros","29.0"
"Año 2010","Comunidad de Madrid","Madrid","Usuaria","11198.0"
"Año 2010","Comunidad de Madrid","Madrid","Familiares/Personas allegadas","4072.0"
"Año 2010","Comunidad de Madrid","Madrid","Otros","535.0"
"Año 2010","Región de Murcia","Murcia","Usuaria","1436.0"
"Año 2010","Región de Murcia","Murcia","Familiares/Personas allegadas","474.0"
"Año 2010","Región de Murcia","Murcia","Otros","45.0"
"Año 2010","Comunidad Foral de Navarra","Navarra","Usuaria","629.0"
"Año 2010","Comunidad Foral de Navarra","Navarra","Familiares/Personas allegadas","231.0"
"Año 2010","Comunidad Foral de Navarra","Navarra","Otros","16.0"
"Año 2010","País Vasco","Álava","Usuaria","149.0"
"Año 2010","País Vasco","Álava","Familiares/Personas allegadas","80.0"
"Año 2010","País Vasco","Álava","Otros","11.0"
"Año 2010","País Vasco","Guipúzcoa","Usuaria","306.0"
"Año 2010","País Vasco","Guipúzcoa","Familiares/Personas allegadas","149.0"
"Año 2010","País Vasco","Guipúzcoa","Otros","7.0"
"Año 2010","País Vasco","Vizcaya","Usuaria","711.0"
"Año 2010","País Vasco","Vizcaya","Familiares/Personas allegadas","334.0"
"Año 2010","País Vasco","Vizcaya","Otros","30.0"
"Año 2010","La Rioja","La Rioja","Usuaria","247.0"
"Año 2010","La Rioja","La Rioja","Familiares/Personas allegadas","108.0"
"Año 2010","La Rioja","La Rioja","Otros","12.0"
"Año 2010","Ceuta","Ceuta","Usuaria","46.0"
"Año 2010","Ceuta","Ceuta","Familiares/Personas allegadas","21.0"
"Año 2010","Ceuta","Ceuta","Otros","5.0"
"Año 2010","Melilla","Melilla","Usuaria","87.0"
"Año 2010","Melilla","Melilla","Familiares/Personas allegadas","37.0"
"Año 2010","Melilla","Melilla","Otros","8.0"
"Año 2011","Andalucía","Almería","Usuaria","661.0"
"Año 2011","Andalucía","Almería","Familiares/Personas allegadas","227.0"
"Año 2011","Andalucía","Almería","Otros","24.0"
"Año 2011","Andalucía","Cádiz","Usuaria","1202.0"
"Año 2011","Andalucía","Cádiz","Familiares/Personas allegadas","389.0"
"Año 2011","Andalucía","Cádiz","Otros","56.0"
"Año 2011","Andalucía","Córdoba","Usuaria","718.0"
"Año 2011","Andalucía","Córdoba","Familiares/Personas allegadas","255.0"
"Año 2011","Andalucía","Córdoba","Otros","22.0"
"Año 2011","Andalucía","Granada","Usuaria","1160.0"
"Año 2011","Andalucía","Granada","Familiares/Personas allegadas","347.0"
"Año 2011","Andalucía","Granada","Otros","33.0"
"Año 2011","Andalucía","Huelva","Usuaria","514.0"
"Año 2011","Andalucía","Huelva","Familiares/Personas allegadas","186.0"
"Año 2011","Andalucía","Huelva","Otros","11.0"
"Año 2011","Andalucía","Jaén","Usuaria","560.0"
"Año 2011","Andalucía","Jaén","Familiares/Personas allegadas","211.0"
"Año 2011","Andalucía","Jaén","Otros","12.0"
"Año 2011","Andalucía","Málaga","Usuaria","2022.0"
"Año 2011","Andalucía","Málaga","Familiares/Personas allegadas","631.0"
"Año 2011","Andalucía","Málaga","Otros","80.0"
"Año 2011","Andalucía","Sevilla","Usuaria","2591.0"
"Año 2011","Andalucía","Sevilla","Familiares/Personas allegadas","872.0"
"Año 2011","Andalucía","Sevilla","Otros","109.0"
"Año 2011","Aragón","Huesca","Usuaria","128.0"
"Año 2011","Aragón","Huesca","Familiares/Personas allegadas","36.0"
"Año 2011","Aragón","Huesca","Otros","3.0"
"Año 2011","Aragón","Teruel","Usuaria","64.0"
"Año 2011","Aragón","Teruel","Familiares/Personas allegadas","21.0"
"Año 2011","Aragón","Teruel","Otros","6.0"
"Año 2011","Aragón","Zaragoza","Usuaria","826.0"
"Año 2011","Aragón","Zaragoza","Familiares/Personas allegadas","278.0"
"Año 2011","Aragón","Zaragoza","Otros","43.0"
"Año 2011","Principado de Asturias","Asturias","Usuaria","1175.0"
"Año 2011","Principado de Asturias","Asturias","Familiares/Personas allegadas","435.0"
"Año 2011","Principado de Asturias","Asturias","Otros","50.0"
"Año 2011","Islas Baleares","Islas Baleares","Usuaria","1121.0"
"Año 2011","Islas Baleares","Islas Baleares","Familiares/Personas allegadas","388.0"
"Año 2011","Islas Baleares","Islas Baleares","Otros","50.0"
"Año 2011","Canarias","Las Palmas","Usuaria","1684.0"
"Año 2011","Canarias","Las Palmas","Familiares/Personas allegadas","634.0"
"Año 2011","Canarias","Las Palmas","Otros","54.0"
"Año 2011","Canarias","Santa Cruz de Tenerife","Usuaria","1402.0"
"Año 2011","Canarias","Santa Cruz de Tenerife","Familiares/Personas allegadas","475.0"
"Año 2011","Canarias","Santa Cruz de Tenerife","Otros","44.0"
"Año 2011","Cantabria","Cantabria","Usuaria","676.0"
"Año 2011","Cantabria","Cantabria","Familiares/Personas allegadas","262.0"
"Año 2011","Cantabria","Cantabria","Otros","16.0"
"Año 2011","Castilla y León","Ávila","Usuaria","143.0"
"Año 2011","Castilla y León","Ávila","Familiares/Personas allegadas","62.0"
"Año 2011","Castilla y León","Ávila","Otros","6.0"
"Año 2011","Castilla y León","Burgos","Usuaria","288.0"
"Año 2011","Castilla y León","Burgos","Familiares/Personas allegadas","132.0"
"Año 2011","Castilla y León","Burgos","Otros","9.0"
"Año 2011","Castilla y León","León","Usuaria","425.0"
"Año 2011","Castilla y León","León","Familiares/Personas allegadas","150.0"
"Año 2011","Castilla y León","León","Otros","12.0"
"Año 2011","Castilla y León","Palencia","Usuaria","104.0"
"Año 2011","Castilla y León","Palencia","Familiares/Personas allegadas","54.0"
"Año 2011","Castilla y León","Palencia","Otros","8.0"
"Año 2011","Castilla y León","Salamanca","Usuaria","354.0"
"Año 2011","Castilla y León","Salamanca","Familiares/Personas allegadas","114.0"
"Año 2011","Castilla y León","Salamanca","Otros","12.0"
"Año 2011","Castilla y León","Segovia","Usuaria","140.0"
"Año 2011","Castilla y León","Segovia","Familiares/Personas allegadas","63.0"
"Año 2011","Castilla y León","Segovia","Otros","13.0"
"Año 2011","Castilla y León","Soria","Usuaria","63.0"
"Año 2011","Castilla y León","Soria","Familiares/Personas allegadas","22.0"
"Año 2011","Castilla y León","Soria","Otros","3.0"
"Año 2011","Castilla y León","Valladolid","Usuaria","598.0"
"Año 2011","Castilla y León","Valladolid","Familiares/Personas allegadas","249.0"
"Año 2011","Castilla y León","Valladolid","Otros","14.0"
"Año 2011","Castilla y León","Zamora","Usuaria","159.0"
"Año 2011","Castilla y León","Zamora","Familiares/Personas allegadas","59.0"
"Año 2011","Castilla y León","Zamora","Otros","2.0"
"Año 2011","Castilla - La Mancha","Albacete","Usuaria","314.0"
"Año 2011","Castilla - La Mancha","Albacete","Familiares/Personas allegadas","85.0"
"Año 2011","Castilla - La Mancha","Albacete","Otros","9.0"
"Año 2011","Castilla - La Mancha","Ciudad Real","Usuaria","464.0"
"Año 2011","Castilla - La Mancha","Ciudad Real","Familiares/Personas allegadas","141.0"
"Año 2011","Castilla - La Mancha","Ciudad Real","Otros","13.0"
"Año 2011","Castilla - La Mancha","Cuenca","Usuaria","161.0"
"Año 2011","Castilla - La Mancha","Cuenca","Familiares/Personas allegadas","50.0"
"Año 2011","Castilla - La Mancha","Cuenca","Otros","20.0"
"Año 2011","Castilla - La Mancha","Guadalajara","Usuaria","259.0"
"Año 2011","Castilla - La Mancha","Guadalajara","Familiares/Personas allegadas","89.0"
"Año 2011","Castilla - La Mancha","Guadalajara","Otros","12.0"
"Año 2011","Castilla - La Mancha","Toledo","Usuaria","808.0"
"Año 2011","Castilla - La Mancha","Toledo","Familiares/Personas allegadas","209.0"
"Año 2011","Castilla - La Mancha","Toledo","Otros","34.0"
"Año 2011","Cataluña","Barcelona","Usuaria","5327.0"
"Año 2011","Cataluña","Barcelona","Familiares/Personas allegadas","1534.0"
"Año 2011","Cataluña","Barcelona","Otros","138.0"
"Año 2011","Cataluña","Girona","Usuaria","461.0"
"Año 2011","Cataluña","Girona","Familiares/Personas allegadas","135.0"
"Año 2011","Cataluña","Girona","Otros","9.0"
"Año 2011","Cataluña","Lleida","Usuaria","215.0"
"Año 2011","Cataluña","Lleida","Familiares/Personas allegadas","73.0"
"Año 2011","Cataluña","Lleida","Otros","6.0"
"Año 2011","Cataluña","Tarragona","Usuaria","646.0"
"Año 2011","Cataluña","Tarragona","Familiares/Personas allegadas","187.0"
"Año 2011","Cataluña","Tarragona","Otros","17.0"
"Año 2011","Comunidad Valenciana","Alicante","Usuaria","2094.0"
"Año 2011","Comunidad Valenciana","Alicante","Familiares/Personas allegadas","547.0"
"Año 2011","Comunidad Valenciana","Alicante","Otros","82.0"
"Año 2011","Comunidad Valenciana","Castellón","Usuaria","539.0"
"Año 2011","Comunidad Valenciana","Castellón","Familiares/Personas allegadas","151.0"
"Año 2011","Comunidad Valenciana","Castellón","Otros","20.0"
"Año 2011","Comunidad Valenciana","Valencia","Usuaria","2994.0"
"Año 2011","Comunidad Valenciana","Valencia","Familiares/Personas allegadas","810.0"
"Año 2011","Comunidad Valenciana","Valencia","Otros","114.0"
"Año 2011","Extremadura","Badajoz","Usuaria","703.0"
"Año 2011","Extremadura","Badajoz","Familiares/Personas allegadas","259.0"
"Año 2011","Extremadura","Badajoz","Otros","15.0"
"Año 2011","Extremadura","Cáceres","Usuaria","437.0"
"Año 2011","Extremadura","Cáceres","Familiares/Personas allegadas","148.0"
"Año 2011","Extremadura","Cáceres","Otros","22.0"
"Año 2011","Galicia","A Coruña","Usuaria","1044.0"
"Año 2011","Galicia","A Coruña","Familiares/Personas allegadas","396.0"
"Año 2011","Galicia","A Coruña","Otros","43.0"
"Año 2011","Galicia","Lugo","Usuaria","277.0"
"Año 2011","Galicia","Lugo","Familiares/Personas allegadas","87.0"
"Año 2011","Galicia","Lugo","Otros","9.0"
"Año 2011","Galicia","Ourense","Usuaria","210.0"
"Año 2011","Galicia","Ourense","Familiares/Personas allegadas","78.0"
"Año 2011","Galicia","Ourense","Otros","6.0"
"Año 2011","Galicia","Pontevedra","Usuaria","857.0"
"Año 2011","Galicia","Pontevedra","Familiares/Personas allegadas","297.0"
"Año 2011","Galicia","Pontevedra","Otros","15.0"
"Año 2011","Comunidad de Madrid","Madrid","Usuaria","11501.0"
"Año 2011","Comunidad de Madrid","Madrid","Familiares/Personas allegadas","3492.0"
"Año 2011","Comunidad de Madrid","Madrid","Otros","525.0"
"Año 2011","Región de Murcia","Murcia","Usuaria","1411.0"
"Año 2011","Región de Murcia","Murcia","Familiares/Personas allegadas","520.0"
"Año 2011","Región de Murcia","Murcia","Otros","58.0"
"Año 2011","Comunidad Foral de Navarra","Navarra","Usuaria","582.0"
"Año 2011","Comunidad Foral de Navarra","Navarra","Familiares/Personas allegadas","218.0"
"Año 2011","Comunidad Foral de Navarra","Navarra","Otros","24.0"
"Año 2011","País Vasco","Álava","Usuaria","177.0"
"Año 2011","País Vasco","Álava","Familiares/Personas allegadas","83.0"
"Año 2011","País Vasco","Álava","Otros","10.0"
"Año 2011","País Vasco","Guipúzcoa","Usuaria","411.0"
"Año 2011","País Vasco","Guipúzcoa","Familiares/Personas allegadas","154.0"
"Año 2011","País Vasco","Guipúzcoa","Otros","16.0"
"Año 2011","País Vasco","Vizcaya","Usuaria","828.0"
"Año 2011","País Vasco","Vizcaya","Familiares/Personas allegadas","289.0"
"Año 2011","País Vasco","Vizcaya","Otros","25.0"
"Año 2011","La Rioja","La Rioja","Usuaria","277.0"
"Año 2011","La Rioja","La Rioja","Familiares/Personas allegadas","129.0"
"Año 2011","La Rioja","La Rioja","Otros","4.0"
"Año 2011","Ceuta","Ceuta","Usuaria","82.0"
"Año 2011","Ceuta","Ceuta","Familiares/Personas allegadas","30.0"
"Año 2011","Ceuta","Ceuta","Otros","5.0"
"Año 2011","Melilla","Melilla","Usuaria","109.0"
"Año 2011","Melilla","Melilla","Familiares/Personas allegadas","21.0"
"Año 2011","Melilla","Melilla","Otros","6.0"
"Año 2012","Andalucía","Almería","Usuaria","492.0"
"Año 2012","Andalucía","Almería","Familiares/Personas allegadas","162.0"
"Año 2012","Andalucía","Almería","Otros","13.0"
"Año 2012","Andalucía","Cádiz","Usuaria","918.0"
"Año 2012","Andalucía","Cádiz","Familiares/Personas allegadas","276.0"
"Año 2012","Andalucía","Cádiz","Otros","35.0"
"Año 2012","Andalucía","Córdoba","Usuaria","523.0"
"Año 2012","Andalucía","Córdoba","Familiares/Personas allegadas","202.0"
"Año 2012","Andalucía","Córdoba","Otros","23.0"
"Año 2012","Andalucía","Granada","Usuaria","902.0"
"Año 2012","Andalucía","Granada","Familiares/Personas allegadas","272.0"
"Año 2012","Andalucía","Granada","Otros","34.0"
"Año 2012","Andalucía","Huelva","Usuaria","367.0"
"Año 2012","Andalucía","Huelva","Familiares/Personas allegadas","131.0"
"Año 2012","Andalucía","Huelva","Otros","11.0"
"Año 2012","Andalucía","Jaén","Usuaria","478.0"
"Año 2012","Andalucía","Jaén","Familiares/Personas allegadas","155.0"
"Año 2012","Andalucía","Jaén","Otros","22.0"
"Año 2012","Andalucía","Málaga","Usuaria","1520.0"
"Año 2012","Andalucía","Málaga","Familiares/Personas allegadas","499.0"
"Año 2012","Andalucía","Málaga","Otros","55.0"
"Año 2012","Andalucía","Sevilla","Usuaria","2047.0"
"Año 2012","Andalucía","Sevilla","Familiares/Personas allegadas","665.0"
"Año 2012","Andalucía","Sevilla","Otros","57.0"
"Año 2012","Aragón","Huesca","Usuaria","81.0"
"Año 2012","Aragón","Huesca","Familiares/Personas allegadas","43.0"
"Año 2012","Aragón","Huesca","Otros","10.0"
"Año 2012","Aragón","Teruel","Usuaria","43.0"
"Año 2012","Aragón","Teruel","Familiares/Personas allegadas","16.0"
"Año 2012","Aragón","Teruel","Otros","4.0"
"Año 2012","Aragón","Zaragoza","Usuaria","625.0"
"Año 2012","Aragón","Zaragoza","Familiares/Personas allegadas","175.0"
"Año 2012","Aragón","Zaragoza","Otros","32.0"
"Año 2012","Principado de Asturias","Asturias","Usuaria","852.0"
"Año 2012","Principado de Asturias","Asturias","Familiares/Personas allegadas","330.0"
"Año 2012","Principado de Asturias","Asturias","Otros","18.0"
"Año 2012","Islas Baleares","Islas Baleares","Usuaria","909.0"
"Año 2012","Islas Baleares","Islas Baleares","Familiares/Personas allegadas","299.0"
"Año 2012","Islas Baleares","Islas Baleares","Otros","28.0"
"Año 2012","Canarias","Las Palmas","Usuaria","1379.0"
"Año 2012","Canarias","Las Palmas","Familiares/Personas allegadas","494.0"
"Año 2012","Canarias","Las Palmas","Otros","37.0"
"Año 2012","Canarias","Santa Cruz de Tenerife","Usuaria","1207.0"
"Año 2012","Canarias","Santa Cruz de Tenerife","Familiares/Personas allegadas","375.0"
"Año 2012","Canarias","Santa Cruz de Tenerife","Otros","40.0"
"Año 2012","Cantabria","Cantabria","Usuaria","474.0"
"Año 2012","Cantabria","Cantabria","Familiares/Personas allegadas","142.0"
"Año 2012","Cantabria","Cantabria","Otros","5.0"
"Año 2012","Castilla y León","Ávila","Usuaria","175.0"
"Año 2012","Castilla y León","Ávila","Familiares/Personas allegadas","67.0"
"Año 2012","Castilla y León","Ávila","Otros","6.0"
"Año 2012","Castilla y León","Burgos","Usuaria","254.0"
"Año 2012","Castilla y León","Burgos","Familiares/Personas allegadas","84.0"
"Año 2012","Castilla y León","Burgos","Otros","7.0"
"Año 2012","Castilla y León","León","Usuaria","361.0"
"Año 2012","Castilla y León","León","Familiares/Personas allegadas","112.0"
"Año 2012","Castilla y León","León","Otros","7.0"
"Año 2012","Castilla y León","Palencia","Usuaria","86.0"
"Año 2012","Castilla y León","Palencia","Familiares/Personas allegadas","27.0"
"Año 2012","Castilla y León","Palencia","Otros","3.0"
"Año 2012","Castilla y León","Salamanca","Usuaria","280.0"
"Año 2012","Castilla y León","Salamanca","Familiares/Personas allegadas","94.0"
"Año 2012","Castilla y León","Salamanca","Otros","7.0"
"Año 2012","Castilla y León","Segovia","Usuaria","102.0"
"Año 2012","Castilla y León","Segovia","Familiares/Personas allegadas","60.0"
"Año 2012","Castilla y León","Segovia","Otros","5.0"
"Año 2012","Castilla y León","Soria","Usuaria","50.0"
"Año 2012","Castilla y León","Soria","Familiares/Personas allegadas","15.0"
"Año 2012","Castilla y León","Soria","Otros","2.0"
"Año 2012","Castilla y León","Valladolid","Usuaria","453.0"
"Año 2012","Castilla y León","Valladolid","Familiares/Personas allegadas","165.0"
"Año 2012","Castilla y León","Valladolid","Otros","15.0"
"Año 2012","Castilla y León","Zamora","Usuaria","134.0"
"Año 2012","Castilla y León","Zamora","Familiares/Personas allegadas","62.0"
"Año 2012","Castilla y León","Zamora","Otros","3.0"
"Año 2012","Castilla - La Mancha","Albacete","Usuaria","215.0"
"Año 2012","Castilla - La Mancha","Albacete","Familiares/Personas allegadas","74.0"
"Año 2012","Castilla - La Mancha","Albacete","Otros","8.0"
"Año 2012","Castilla - La Mancha","Ciudad Real","Usuaria","353.0"
"Año 2012","Castilla - La Mancha","Ciudad Real","Familiares/Personas allegadas","118.0"
"Año 2012","Castilla - La Mancha","Ciudad Real","Otros","9.0"
"Año 2012","Castilla - La Mancha","Cuenca","Usuaria","124.0"
"Año 2012","Castilla - La Mancha","Cuenca","Familiares/Personas allegadas","36.0"
"Año 2012","Castilla - La Mancha","Cuenca","Otros","8.0"
"Año 2012","Castilla - La Mancha","Guadalajara","Usuaria","194.0"
"Año 2012","Castilla - La Mancha","Guadalajara","Familiares/Personas allegadas","46.0"
"Año 2012","Castilla - La Mancha","Guadalajara","Otros","9.0"
"Año 2012","Castilla - La Mancha","Toledo","Usuaria","682.0"
"Año 2012","Castilla - La Mancha","Toledo","Familiares/Personas allegadas","164.0"
"Año 2012","Castilla - La Mancha","Toledo","Otros","27.0"
"Año 2012","Cataluña","Barcelona","Usuaria","4301.0"
"Año 2012","Cataluña","Barcelona","Familiares/Personas allegadas","1249.0"
"Año 2012","Cataluña","Barcelona","Otros","83.0"
"Año 2012","Cataluña","Girona","Usuaria","432.0"
"Año 2012","Cataluña","Girona","Familiares/Personas allegadas","97.0"
"Año 2012","Cataluña","Girona","Otros","4.0"
"Año 2012","Cataluña","Lleida","Usuaria","254.0"
"Año 2012","Cataluña","Lleida","Familiares/Personas allegadas","62.0"
"Año 2012","Cataluña","Lleida","Otros","5.0"
"Año 2012","Cataluña","Tarragona","Usuaria","524.0"
"Año 2012","Cataluña","Tarragona","Familiares/Personas allegadas","137.0"
"Año 2012","Cataluña","Tarragona","Otros","9.0"
"Año 2012","Comunidad Valenciana","Alicante","Usuaria","1735.0"
"Año 2012","Comunidad Valenciana","Alicante","Familiares/Personas allegadas","465.0"
"Año 2012","Comunidad Valenciana","Alicante","Otros","56.0"
"Año 2012","Comunidad Valenciana","Castellón","Usuaria","500.0"
"Año 2012","Comunidad Valenciana","Castellón","Familiares/Personas allegadas","127.0"
"Año 2012","Comunidad Valenciana","Castellón","Otros","23.0"
"Año 2012","Comunidad Valenciana","Valencia","Usuaria","2460.0"
"Año 2012","Comunidad Valenciana","Valencia","Familiares/Personas allegadas","640.0"
"Año 2012","Comunidad Valenciana","Valencia","Otros","87.0"
"Año 2012","Extremadura","Badajoz","Usuaria","577.0"
"Año 2012","Extremadura","Badajoz","Familiares/Personas allegadas","202.0"
"Año 2012","Extremadura","Badajoz","Otros","27.0"
"Año 2012","Extremadura","Cáceres","Usuaria","390.0"
"Año 2012","Extremadura","Cáceres","Familiares/Personas allegadas","101.0"
"Año 2012","Extremadura","Cáceres","Otros","12.0"
"Año 2012","Galicia","A Coruña","Usuaria","868.0"
"Año 2012","Galicia","A Coruña","Familiares/Personas allegadas","300.0"
"Año 2012","Galicia","A Coruña","Otros","23.0"
"Año 2012","Galicia","Lugo","Usuaria","221.0"
"Año 2012","Galicia","Lugo","Familiares/Personas allegadas","69.0"
"Año 2012","Galicia","Lugo","Otros","9.0"
"Año 2012","Galicia","Ourense","Usuaria","196.0"
"Año 2012","Galicia","Ourense","Familiares/Personas allegadas","75.0"
"Año 2012","Galicia","Ourense","Otros","5.0"
"Año 2012","Galicia","Pontevedra","Usuaria","578.0"
"Año 2012","Galicia","Pontevedra","Familiares/Personas allegadas","197.0"
"Año 2012","Galicia","Pontevedra","Otros","15.0"
"Año 2012","Comunidad de Madrid","Madrid","Usuaria","9141.0"
"Año 2012","Comunidad de Madrid","Madrid","Familiares/Personas allegadas","2834.0"
"Año 2012","Comunidad de Madrid","Madrid","Otros","360.0"
"Año 2012","Región de Murcia","Murcia","Usuaria","1128.0"
"Año 2012","Región de Murcia","Murcia","Familiares/Personas allegadas","368.0"
"Año 2012","Región de Murcia","Murcia","Otros","31.0"
"Año 2012","Comunidad Foral de Navarra","Navarra","Usuaria","507.0"
"Año 2012","Comunidad Foral de Navarra","Navarra","Familiares/Personas allegadas","177.0"
"Año 2012","Comunidad Foral de Navarra","Navarra","Otros","12.0"
"Año 2012","País Vasco","Álava","Usuaria","183.0"
"Año 2012","País Vasco","Álava","Familiares/Personas allegadas","60.0"
"Año 2012","País Vasco","Álava","Otros","1.0"
"Año 2012","País Vasco","Guipúzcoa","Usuaria","321.0"
"Año 2012","País Vasco","Guipúzcoa","Familiares/Personas allegadas","92.0"
"Año 2012","País Vasco","Guipúzcoa","Otros","8.0"
"Año 2012","País Vasco","Vizcaya","Usuaria","591.0"
"Año 2012","País Vasco","Vizcaya","Familiares/Personas allegadas","219.0"
"Año 2012","País Vasco","Vizcaya","Otros","11.0"
"Año 2012","La Rioja","La Rioja","Usuaria","162.0"
"Año 2012","La Rioja","La Rioja","Familiares/Personas allegadas","72.0"
"Año 2012","La Rioja","La Rioja","Otros","5.0"
"Año 2012","Ceuta","Ceuta","Usuaria","87.0"
"Año 2012","Ceuta","Ceuta","Familiares/Personas allegadas","16.0"
"Año 2012","Ceuta","Ceuta","Otros","1.0"
"Año 2012","Melilla","Melilla","Usuaria","107.0"
"Año 2012","Melilla","Melilla","Familiares/Personas allegadas","19.0"
"Año 2012","Melilla","Melilla","Otros","2.0"
"Año 2013","Andalucía","Almería","Usuaria","453.0"
"Año 2013","Andalucía","Almería","Familiares/Personas allegadas","241.0"
"Año 2013","Andalucía","Almería","Otros","18.0"
"Año 2013","Andalucía","Cádiz","Usuaria","844.0"
"Año 2013","Andalucía","Cádiz","Familiares/Personas allegadas","494.0"
"Año 2013","Andalucía","Cádiz","Otros","33.0"
"Año 2013","Andalucía","Córdoba","Usuaria","568.0"
"Año 2013","Andalucía","Córdoba","Familiares/Personas allegadas","311.0"
"Año 2013","Andalucía","Córdoba","Otros","15.0"
"Año 2013","Andalucía","Granada","Usuaria","746.0"
"Año 2013","Andalucía","Granada","Familiares/Personas allegadas","409.0"
"Año 2013","Andalucía","Granada","Otros","34.0"
"Año 2013","Andalucía","Huelva","Usuaria","395.0"
"Año 2013","Andalucía","Huelva","Familiares/Personas allegadas","193.0"
"Año 2013","Andalucía","Huelva","Otros","19.0"
"Año 2013","Andalucía","Jaén","Usuaria","491.0"
"Año 2013","Andalucía","Jaén","Familiares/Personas allegadas","252.0"
"Año 2013","Andalucía","Jaén","Otros","8.0"
"Año 2013","Andalucía","Málaga","Usuaria","1428.0"
"Año 2013","Andalucía","Málaga","Familiares/Personas allegadas","679.0"
"Año 2013","Andalucía","Málaga","Otros","60.0"
"Año 2013","Andalucía","Sevilla","Usuaria","2106.0"
"Año 2013","Andalucía","Sevilla","Familiares/Personas allegadas","1141.0"
"Año 2013","Andalucía","Sevilla","Otros","83.0"
"Año 2013","Aragón","Huesca","Usuaria","91.0"
"Año 2013","Aragón","Huesca","Familiares/Personas allegadas","48.0"
"Año 2013","Aragón","Huesca","Otros","6.0"
"Año 2013","Aragón","Teruel","Usuaria","57.0"
"Año 2013","Aragón","Teruel","Familiares/Personas allegadas","27.0"
"Año 2013","Aragón","Teruel","Otros","6.0"
"Año 2013","Aragón","Zaragoza","Usuaria","669.0"
"Año 2013","Aragón","Zaragoza","Familiares/Personas allegadas","281.0"
"Año 2013","Aragón","Zaragoza","Otros","34.0"
"Año 2013","Principado de Asturias","Asturias","Usuaria","911.0"
"Año 2013","Principado de Asturias","Asturias","Familiares/Personas allegadas","350.0"
"Año 2013","Principado de Asturias","Asturias","Otros","35.0"
"Año 2013","Islas Baleares","Islas Baleares","Usuaria","860.0"
"Año 2013","Islas Baleares","Islas Baleares","Familiares/Personas allegadas","309.0"
"Año 2013","Islas Baleares","Islas Baleares","Otros","50.0"
"Año 2013","Canarias","Las Palmas","Usuaria","1347.0"
"Año 2013","Canarias","Las Palmas","Familiares/Personas allegadas","496.0"
"Año 2013","Canarias","Las Palmas","Otros","37.0"
"Año 2013","Canarias","Santa Cruz de Tenerife","Usuaria","1202.0"
"Año 2013","Canarias","Santa Cruz de Tenerife","Familiares/Personas allegadas","483.0"
"Año 2013","Canarias","Santa Cruz de Tenerife","Otros","44.0"
"Año 2013","Cantabria","Cantabria","Usuaria","509.0"
"Año 2013","Cantabria","Cantabria","Familiares/Personas allegadas","169.0"
"Año 2013","Cantabria","Cantabria","Otros","20.0"
"Año 2013","Castilla y León","Ávila","Usuaria","219.0"
"Año 2013","Castilla y León","Ávila","Familiares/Personas allegadas","70.0"
"Año 2013","Castilla y León","Ávila","Otros","7.0"
"Año 2013","Castilla y León","Burgos","Usuaria","270.0"
"Año 2013","Castilla y León","Burgos","Familiares/Personas allegadas","101.0"
"Año 2013","Castilla y León","Burgos","Otros","6.0"
"Año 2013","Castilla y León","León","Usuaria","386.0"
"Año 2013","Castilla y León","León","Familiares/Personas allegadas","165.0"
"Año 2013","Castilla y León","León","Otros","11.0"
"Año 2013","Castilla y León","Palencia","Usuaria","111.0"
"Año 2013","Castilla y León","Palencia","Familiares/Personas allegadas","50.0"
"Año 2013","Castilla y León","Palencia","Otros","8.0"
"Año 2013","Castilla y León","Salamanca","Usuaria","255.0"
"Año 2013","Castilla y León","Salamanca","Familiares/Personas allegadas","121.0"
"Año 2013","Castilla y León","Salamanca","Otros","7.0"
"Año 2013","Castilla y León","Segovia","Usuaria","72.0"
"Año 2013","Castilla y León","Segovia","Familiares/Personas allegadas","54.0"
"Año 2013","Castilla y León","Segovia","Otros","4.0"
"Año 2013","Castilla y León","Soria","Usuaria","48.0"
"Año 2013","Castilla y León","Soria","Familiares/Personas allegadas","22.0"
"Año 2013","Castilla y León","Soria","Otros","5.0"
"Año 2013","Castilla y León","Valladolid","Usuaria","569.0"
"Año 2013","Castilla y León","Valladolid","Familiares/Personas allegadas","189.0"
"Año 2013","Castilla y León","Valladolid","Otros","18.0"
"Año 2013","Castilla y León","Zamora","Usuaria","138.0"
"Año 2013","Castilla y León","Zamora","Familiares/Personas allegadas","44.0"
"Año 2013","Castilla y León","Zamora","Otros","1.0"
"Año 2013","Castilla - La Mancha","Albacete","Usuaria","222.0"
"Año 2013","Castilla - La Mancha","Albacete","Familiares/Personas allegadas","101.0"
"Año 2013","Castilla - La Mancha","Albacete","Otros","8.0"
"Año 2013","Castilla - La Mancha","Ciudad Real","Usuaria","340.0"
"Año 2013","Castilla - La Mancha","Ciudad Real","Familiares/Personas allegadas","151.0"
"Año 2013","Castilla - La Mancha","Ciudad Real","Otros","10.0"
"Año 2013","Castilla - La Mancha","Cuenca","Usuaria","112.0"
"Año 2013","Castilla - La Mancha","Cuenca","Familiares/Personas allegadas","55.0"
"Año 2013","Castilla - La Mancha","Cuenca","Otros","8.0"
"Año 2013","Castilla - La Mancha","Guadalajara","Usuaria","206.0"
"Año 2013","Castilla - La Mancha","Guadalajara","Familiares/Personas allegadas","87.0"
"Año 2013","Castilla - La Mancha","Guadalajara","Otros","9.0"
"Año 2013","Castilla - La Mancha","Toledo","Usuaria","548.0"
"Año 2013","Castilla - La Mancha","Toledo","Familiares/Personas allegadas","253.0"
"Año 2013","Castilla - La Mancha","Toledo","Otros","23.0"
"Año 2013","Cataluña","Barcelona","Usuaria","3703.0"
"Año 2013","Cataluña","Barcelona","Familiares/Personas allegadas","1554.0"
"Año 2013","Cataluña","Barcelona","Otros","79.0"
"Año 2013","Cataluña","Girona","Usuaria","350.0"
"Año 2013","Cataluña","Girona","Familiares/Personas allegadas","121.0"
"Año 2013","Cataluña","Girona","Otros","7.0"
"Año 2013","Cataluña","Lleida","Usuaria","155.0"
"Año 2013","Cataluña","Lleida","Familiares/Personas allegadas","62.0"
"Año 2013","Cataluña","Lleida","Otros","2.0"
"Año 2013","Cataluña","Tarragona","Usuaria","527.0"
"Año 2013","Cataluña","Tarragona","Familiares/Personas allegadas","179.0"
"Año 2013","Cataluña","Tarragona","Otros","7.0"
"Año 2013","Comunidad Valenciana","Alicante","Usuaria","1519.0"
"Año 2013","Comunidad Valenciana","Alicante","Familiares/Personas allegadas","619.0"
"Año 2013","Comunidad Valenciana","Alicante","Otros","56.0"
"Año 2013","Comunidad Valenciana","Castellón","Usuaria","447.0"
"Año 2013","Comunidad Valenciana","Castellón","Familiares/Personas allegadas","133.0"
"Año 2013","Comunidad Valenciana","Castellón","Otros","17.0"
"Año 2013","Comunidad Valenciana","Valencia","Usuaria","2358.0"
"Año 2013","Comunidad Valenciana","Valencia","Familiares/Personas allegadas","938.0"
"Año 2013","Comunidad Valenciana","Valencia","Otros","98.0"
"Año 2013","Extremadura","Badajoz","Usuaria","654.0"
"Año 2013","Extremadura","Badajoz","Familiares/Personas allegadas","193.0"
"Año 2013","Extremadura","Badajoz","Otros","20.0"
"Año 2013","Extremadura","Cáceres","Usuaria","405.0"
"Año 2013","Extremadura","Cáceres","Familiares/Personas allegadas","141.0"
"Año 2013","Extremadura","Cáceres","Otros","15.0"
"Año 2013","Galicia","A Coruña","Usuaria","868.0"
"Año 2013","Galicia","A Coruña","Familiares/Personas allegadas","332.0"
"Año 2013","Galicia","A Coruña","Otros","22.0"
"Año 2013","Galicia","Lugo","Usuaria","189.0"
"Año 2013","Galicia","Lugo","Familiares/Personas allegadas","100.0"
"Año 2013","Galicia","Lugo","Otros","5.0"
"Año 2013","Galicia","Ourense","Usuaria","194.0"
"Año 2013","Galicia","Ourense","Familiares/Personas allegadas","80.0"
"Año 2013","Galicia","Ourense","Otros","8.0"
"Año 2013","Galicia","Pontevedra","Usuaria","664.0"
"Año 2013","Galicia","Pontevedra","Familiares/Personas allegadas","227.0"
"Año 2013","Galicia","Pontevedra","Otros","25.0"
"Año 2013","Comunidad de Madrid","Madrid","Usuaria","9124.0"
"Año 2013","Comunidad de Madrid","Madrid","Familiares/Personas allegadas","3599.0"
"Año 2013","Comunidad de Madrid","Madrid","Otros","320.0"
"Año 2013","Región de Murcia","Murcia","Usuaria","1016.0"
"Año 2013","Región de Murcia","Murcia","Familiares/Personas allegadas","374.0"
"Año 2013","Región de Murcia","Murcia","Otros","35.0"
"Año 2013","Comunidad Foral de Navarra","Navarra","Usuaria","446.0"
"Año 2013","Comunidad Foral de Navarra","Navarra","Familiares/Personas allegadas","187.0"
"Año 2013","Comunidad Foral de Navarra","Navarra","Otros","19.0"
"Año 2013","País Vasco","Álava","Usuaria","142.0"
"Año 2013","País Vasco","Álava","Familiares/Personas allegadas","80.0"
"Año 2013","País Vasco","Álava","Otros","6.0"
"Año 2013","País Vasco","Guipúzcoa","Usuaria","241.0"
"Año 2013","País Vasco","Guipúzcoa","Familiares/Personas allegadas","134.0"
"Año 2013","País Vasco","Guipúzcoa","Otros","16.0"
"Año 2013","País Vasco","Vizcaya","Usuaria","547.0"
"Año 2013","País Vasco","Vizcaya","Familiares/Personas allegadas","284.0"
"Año 2013","País Vasco","Vizcaya","Otros","17.0"
"Año 2013","La Rioja","La Rioja","Usuaria","210.0"
"Año 2013","La Rioja","La Rioja","Familiares/Personas allegadas","84.0"
"Año 2013","La Rioja","La Rioja","Otros","5.0"
"Año 2013","Ceuta","Ceuta","Usuaria","37.0"
"Año 2013","Ceuta","Ceuta","Familiares/Personas allegadas","27.0"
"Año 2013","Ceuta","Ceuta","Otros","3.0"
"Año 2013","Melilla","Melilla","Usuaria","55.0"
"Año 2013","Melilla","Melilla","Familiares/Personas allegadas","28.0"
"Año 2013","Melilla","Melilla","Otros","3.0"
"Año 2014","Andalucía","Almería","Usuaria","679.0"
"Año 2014","Andalucía","Almería","Familiares/Personas allegadas","275.0"
"Año 2014","Andalucía","Almería","Otros","42.0"
"Año 2014","Andalucía","Cádiz","Usuaria","1241.0"
"Año 2014","Andalucía","Cádiz","Familiares/Personas allegadas","491.0"
"Año 2014","Andalucía","Cádiz","Otros","43.0"
"Año 2014","Andalucía","Córdoba","Usuaria","756.0"
"Año 2014","Andalucía","Córdoba","Familiares/Personas allegadas","297.0"
"Año 2014","Andalucía","Córdoba","Otros","20.0"
"Año 2014","Andalucía","Granada","Usuaria","1009.0"
"Año 2014","Andalucía","Granada","Familiares/Personas allegadas","445.0"
"Año 2014","Andalucía","Granada","Otros","46.0"
"Año 2014","Andalucía","Huelva","Usuaria","534.0"
"Año 2014","Andalucía","Huelva","Familiares/Personas allegadas","212.0"
"Año 2014","Andalucía","Huelva","Otros","31.0"
"Año 2014","Andalucía","Jaén","Usuaria","549.0"
"Año 2014","Andalucía","Jaén","Familiares/Personas allegadas","199.0"
"Año 2014","Andalucía","Jaén","Otros","20.0"
"Año 2014","Andalucía","Málaga","Usuaria","1921.0"
"Año 2014","Andalucía","Málaga","Familiares/Personas allegadas","721.0"
"Año 2014","Andalucía","Málaga","Otros","85.0"
"Año 2014","Andalucía","Sevilla","Usuaria","2655.0"
"Año 2014","Andalucía","Sevilla","Familiares/Personas allegadas","946.0"
"Año 2014","Andalucía","Sevilla","Otros","72.0"
"Año 2014","Aragón","Huesca","Usuaria","114.0"
"Año 2014","Aragón","Huesca","Familiares/Personas allegadas","34.0"
"Año 2014","Aragón","Huesca","Otros","8.0"
"Año 2014","Aragón","Teruel","Usuaria","54.0"
"Año 2014","Aragón","Teruel","Familiares/Personas allegadas","13.0"
"Año 2014","Aragón","Teruel","Otros","5.0"
"Año 2014","Aragón","Zaragoza","Usuaria","723.0"
"Año 2014","Aragón","Zaragoza","Familiares/Personas allegadas","285.0"
"Año 2014","Aragón","Zaragoza","Otros","44.0"
"Año 2014","Principado de Asturias","Asturias","Usuaria","885.0"
"Año 2014","Principado de Asturias","Asturias","Familiares/Personas allegadas","337.0"
"Año 2014","Principado de Asturias","Asturias","Otros","37.0"
"Año 2014","Islas Baleares","Islas Baleares","Usuaria","956.0"
"Año 2014","Islas Baleares","Islas Baleares","Familiares/Personas allegadas","387.0"
"Año 2014","Islas Baleares","Islas Baleares","Otros","45.0"
"Año 2014","Canarias","Las Palmas","Usuaria","1540.0"
"Año 2014","Canarias","Las Palmas","Familiares/Personas allegadas","569.0"
"Año 2014","Canarias","Las Palmas","Otros","51.0"
"Año 2014","Canarias","Santa Cruz de Tenerife","Usuaria","1226.0"
"Año 2014","Canarias","Santa Cruz de Tenerife","Familiares/Personas allegadas","486.0"
"Año 2014","Canarias","Santa Cruz de Tenerife","Otros","44.0"
"Año 2014","Cantabria","Cantabria","Usuaria","607.0"
"Año 2014","Cantabria","Cantabria","Familiares/Personas allegadas","206.0"
"Año 2014","Cantabria","Cantabria","Otros","18.0"
"Año 2014","Castilla y León","Ávila","Usuaria","160.0"
"Año 2014","Castilla y León","Ávila","Familiares/Personas allegadas","60.0"
"Año 2014","Castilla y León","Ávila","Otros","4.0"
"Año 2014","Castilla y León","Burgos","Usuaria","297.0"
"Año 2014","Castilla y León","Burgos","Familiares/Personas allegadas","105.0"
"Año 2014","Castilla y León","Burgos","Otros","7.0"
"Año 2014","Castilla y León","León","Usuaria","375.0"
"Año 2014","Castilla y León","León","Familiares/Personas allegadas","140.0"
"Año 2014","Castilla y León","León","Otros","8.0"
"Año 2014","Castilla y León","Palencia","Usuaria","148.0"
"Año 2014","Castilla y León","Palencia","Familiares/Personas allegadas","42.0"
"Año 2014","Castilla y León","Palencia","Otros","5.0"
"Año 2014","Castilla y León","Salamanca","Usuaria","307.0"
"Año 2014","Castilla y León","Salamanca","Familiares/Personas allegadas","122.0"
"Año 2014","Castilla y León","Salamanca","Otros","9.0"
"Año 2014","Castilla y León","Segovia","Usuaria","136.0"
"Año 2014","Castilla y León","Segovia","Familiares/Personas allegadas","48.0"
"Año 2014","Castilla y León","Segovia","Otros","7.0"
"Año 2014","Castilla y León","Soria","Usuaria","42.0"
"Año 2014","Castilla y León","Soria","Familiares/Personas allegadas","13.0"
"Año 2014","Castilla y León","Soria","Otros","1.0"
"Año 2014","Castilla y León","Valladolid","Usuaria","612.0"
"Año 2014","Castilla y León","Valladolid","Familiares/Personas allegadas","194.0"
"Año 2014","Castilla y León","Valladolid","Otros","16.0"
"Año 2014","Castilla y León","Zamora","Usuaria","140.0"
"Año 2014","Castilla y León","Zamora","Familiares/Personas allegadas","52.0"
"Año 2014","Castilla y León","Zamora","Otros","5.0"
"Año 2014","Castilla - La Mancha","Albacete","Usuaria","292.0"
"Año 2014","Castilla - La Mancha","Albacete","Familiares/Personas allegadas","91.0"
"Año 2014","Castilla - La Mancha","Albacete","Otros","11.0"
"Año 2014","Castilla - La Mancha","Ciudad Real","Usuaria","363.0"
"Año 2014","Castilla - La Mancha","Ciudad Real","Familiares/Personas allegadas","123.0"
"Año 2014","Castilla - La Mancha","Ciudad Real","Otros","12.0"
"Año 2014","Castilla - La Mancha","Cuenca","Usuaria","140.0"
"Año 2014","Castilla - La Mancha","Cuenca","Familiares/Personas allegadas","35.0"
"Año 2014","Castilla - La Mancha","Cuenca","Otros","5.0"
"Año 2014","Castilla - La Mancha","Guadalajara","Usuaria","256.0"
"Año 2014","Castilla - La Mancha","Guadalajara","Familiares/Personas allegadas","92.0"
"Año 2014","Castilla - La Mancha","Guadalajara","Otros","5.0"
"Año 2014","Castilla - La Mancha","Toledo","Usuaria","747.0"
"Año 2014","Castilla - La Mancha","Toledo","Familiares/Personas allegadas","245.0"
"Año 2014","Castilla - La Mancha","Toledo","Otros","36.0"
"Año 2014","Cataluña","Barcelona","Usuaria","4619.0"
"Año 2014","Cataluña","Barcelona","Familiares/Personas allegadas","1547.0"
"Año 2014","Cataluña","Barcelona","Otros","112.0"
"Año 2014","Cataluña","Girona","Usuaria","333.0"
"Año 2014","Cataluña","Girona","Familiares/Personas allegadas","105.0"
"Año 2014","Cataluña","Girona","Otros","6.0"
"Año 2014","Cataluña","Lleida","Usuaria","172.0"
"Año 2014","Cataluña","Lleida","Familiares/Personas allegadas","59.0"
"Año 2014","Cataluña","Lleida","Otros","3.0"
"Año 2014","Cataluña","Tarragona","Usuaria","599.0"
"Año 2014","Cataluña","Tarragona","Familiares/Personas allegadas","183.0"
"Año 2014","Cataluña","Tarragona","Otros","13.0"
"Año 2014","Comunidad Valenciana","Alicante","Usuaria","2459.0"
"Año 2014","Comunidad Valenciana","Alicante","Familiares/Personas allegadas","580.0"
"Año 2014","Comunidad Valenciana","Alicante","Otros","67.0"
"Año 2014","Comunidad Valenciana","Castellón","Usuaria","605.0"
"Año 2014","Comunidad Valenciana","Castellón","Familiares/Personas allegadas","128.0"
"Año 2014","Comunidad Valenciana","Castellón","Otros","16.0"
"Año 2014","Comunidad Valenciana","Valencia","Usuaria","3389.0"
"Año 2014","Comunidad Valenciana","Valencia","Familiares/Personas allegadas","872.0"
"Año 2014","Comunidad Valenciana","Valencia","Otros","109.0"
"Año 2014","Extremadura","Badajoz","Usuaria","654.0"
"Año 2014","Extremadura","Badajoz","Familiares/Personas allegadas","225.0"
"Año 2014","Extremadura","Badajoz","Otros","24.0"
"Año 2014","Extremadura","Cáceres","Usuaria","377.0"
"Año 2014","Extremadura","Cáceres","Familiares/Personas allegadas","129.0"
"Año 2014","Extremadura","Cáceres","Otros","12.0"
"Año 2014","Galicia","A Coruña","Usuaria","649.0"
"Año 2014","Galicia","A Coruña","Familiares/Personas allegadas","228.0"
"Año 2014","Galicia","A Coruña","Otros","26.0"
"Año 2014","Galicia","Lugo","Usuaria","308.0"
"Año 2014","Galicia","Lugo","Familiares/Personas allegadas","98.0"
"Año 2014","Galicia","Lugo","Otros","6.0"
"Año 2014","Galicia","Ourense","Usuaria","195.0"
"Año 2014","Galicia","Ourense","Familiares/Personas allegadas","78.0"
"Año 2014","Galicia","Ourense","Otros","8.0"
"Año 2014","Galicia","Pontevedra","Usuaria","917.0"
"Año 2014","Galicia","Pontevedra","Familiares/Personas allegadas","354.0"
"Año 2014","Galicia","Pontevedra","Otros","33.0"
"Año 2014","Comunidad de Madrid","Madrid","Usuaria","11596.0"
"Año 2014","Comunidad de Madrid","Madrid","Familiares/Personas allegadas","3764.0"
"Año 2014","Comunidad de Madrid","Madrid","Otros","411.0"
"Año 2014","Región de Murcia","Murcia","Usuaria","1229.0"
"Año 2014","Región de Murcia","Murcia","Familiares/Personas allegadas","520.0"
"Año 2014","Región de Murcia","Murcia","Otros","40.0"
"Año 2014","Comunidad Foral de Navarra","Navarra","Usuaria","557.0"
"Año 2014","Comunidad Foral de Navarra","Navarra","Familiares/Personas allegadas","199.0"
"Año 2014","Comunidad Foral de Navarra","Navarra","Otros","17.0"
"Año 2014","País Vasco","Álava","Usuaria","175.0"
"Año 2014","País Vasco","Álava","Familiares/Personas allegadas","92.0"
"Año 2014","País Vasco","Álava","Otros","8.0"
"Año 2014","País Vasco","Guipúzcoa","Usuaria","312.0"
"Año 2014","País Vasco","Guipúzcoa","Familiares/Personas allegadas","124.0"
"Año 2014","País Vasco","Guipúzcoa","Otros","9.0"
"Año 2014","País Vasco","Vizcaya","Usuaria","881.0"
"Año 2014","País Vasco","Vizcaya","Familiares/Personas allegadas","276.0"
"Año 2014","País Vasco","Vizcaya","Otros","18.0"
"Año 2014","La Rioja","La Rioja","Usuaria","269.0"
"Año 2014","La Rioja","La Rioja","Familiares/Personas allegadas","115.0"
"Año 2014","La Rioja","La Rioja","Otros","11.0"
"Año 2014","Ceuta","Ceuta","Usuaria","62.0"
"Año 2014","Ceuta","Ceuta","Familiares/Personas allegadas","35.0"
"Año 2014","Ceuta","Ceuta","Otros","4.0"
"Año 2014","Melilla","Melilla","Usuaria","75.0"
"Año 2014","Melilla","Melilla","Familiares/Personas allegadas","30.0"
"Año 2014","Melilla","Melilla","Otros","4.0"
"Año 2014","No consta","No consta","Usuaria","1.0"
"Año 2014","No consta","No consta","Familiares/Personas allegadas","2.0"
"Año 2015","Andalucía","Almería","Usuaria","498.0"
"Año 2015","Andalucía","Almería","Familiares/Personas allegadas","183.0"
"Año 2015","Andalucía","Almería","Otros","18.0"
"Año 2015","Andalucía","Cádiz","Usuaria","881.0"
"Año 2015","Andalucía","Cádiz","Familiares/Personas allegadas","333.0"
"Año 2015","Andalucía","Cádiz","Otros","32.0"
"Año 2015","Andalucía","Córdoba","Usuaria","495.0"
"Año 2015","Andalucía","Córdoba","Familiares/Personas allegadas","183.0"
"Año 2015","Andalucía","Córdoba","Otros","20.0"
"Año 2015","Andalucía","Granada","Usuaria","746.0"
"Año 2015","Andalucía","Granada","Familiares/Personas allegadas","325.0"
"Año 2015","Andalucía","Granada","Otros","26.0"
"Año 2015","Andalucía","Huelva","Usuaria","350.0"
"Año 2015","Andalucía","Huelva","Familiares/Personas allegadas","147.0"
"Año 2015","Andalucía","Huelva","Otros","13.0"
"Año 2015","Andalucía","Jaén","Usuaria","366.0"
"Año 2015","Andalucía","Jaén","Familiares/Personas allegadas","148.0"
"Año 2015","Andalucía","Jaén","Otros","12.0"
"Año 2015","Andalucía","Málaga","Usuaria","1365.0"
"Año 2015","Andalucía","Málaga","Familiares/Personas allegadas","557.0"
"Año 2015","Andalucía","Málaga","Otros","70.0"
"Año 2015","Andalucía","Sevilla","Usuaria","1811.0"
"Año 2015","Andalucía","Sevilla","Familiares/Personas allegadas","725.0"
"Año 2015","Andalucía","Sevilla","Otros","76.0"
"Año 2015","Aragón","Huesca","Usuaria","86.0"
"Año 2015","Aragón","Huesca","Familiares/Personas allegadas","25.0"
"Año 2015","Aragón","Huesca","Otros","15.0"
"Año 2015","Aragón","Teruel","Usuaria","39.0"
"Año 2015","Aragón","Teruel","Familiares/Personas allegadas","20.0"
"Año 2015","Aragón","Teruel","Otros","5.0"
"Año 2015","Aragón","Zaragoza","Usuaria","540.0"
"Año 2015","Aragón","Zaragoza","Familiares/Personas allegadas","228.0"
"Año 2015","Aragón","Zaragoza","Otros","35.0"
"Año 2015","Principado de Asturias","Asturias","Usuaria","601.0"
"Año 2015","Principado de Asturias","Asturias","Familiares/Personas allegadas","247.0"
"Año 2015","Principado de Asturias","Asturias","Otros","22.0"
"Año 2015","Islas Baleares","Islas Baleares","Usuaria","664.0"
"Año 2015","Islas Baleares","Islas Baleares","Familiares/Personas allegadas","275.0"
"Año 2015","Islas Baleares","Islas Baleares","Otros","29.0"
"Año 2015","Canarias","Las Palmas","Usuaria","1122.0"
"Año 2015","Canarias","Las Palmas","Familiares/Personas allegadas","422.0"
"Año 2015","Canarias","Las Palmas","Otros","35.0"
"Año 2015","Canarias","Santa Cruz de Tenerife","Usuaria","854.0"
"Año 2015","Canarias","Santa Cruz de Tenerife","Familiares/Personas allegadas","326.0"
"Año 2015","Canarias","Santa Cruz de Tenerife","Otros","46.0"
"Año 2015","Cantabria","Cantabria","Usuaria","353.0"
"Año 2015","Cantabria","Cantabria","Familiares/Personas allegadas","139.0"
"Año 2015","Cantabria","Cantabria","Otros","5.0"
"Año 2015","Castilla y León","Ávila","Usuaria","120.0"
"Año 2015","Castilla y León","Ávila","Familiares/Personas allegadas","34.0"
"Año 2015","Castilla y León","Ávila","Otros","1.0"
"Año 2015","Castilla y León","Burgos","Usuaria","227.0"
"Año 2015","Castilla y León","Burgos","Familiares/Personas allegadas","108.0"
"Año 2015","Castilla y León","Burgos","Otros","9.0"
"Año 2015","Castilla y León","León","Usuaria","292.0"
"Año 2015","Castilla y León","León","Familiares/Personas allegadas","90.0"
"Año 2015","Castilla y León","León","Otros","9.0"
"Año 2015","Castilla y León","Palencia","Usuaria","84.0"
"Año 2015","Castilla y León","Palencia","Familiares/Personas allegadas","40.0"
"Año 2015","Castilla y León","Palencia","Otros","2.0"
"Año 2015","Castilla y León","Salamanca","Usuaria","213.0"
"Año 2015","Castilla y León","Salamanca","Familiares/Personas allegadas","92.0"
"Año 2015","Castilla y León","Salamanca","Otros","6.0"
"Año 2015","Castilla y León","Segovia","Usuaria","86.0"
"Año 2015","Castilla y León","Segovia","Familiares/Personas allegadas","37.0"
"Año 2015","Castilla y León","Segovia","Otros","3.0"
"Año 2015","Castilla y León","Soria","Usuaria","18.0"
"Año 2015","Castilla y León","Soria","Familiares/Personas allegadas","6.0"
"Año 2015","Castilla y León","Soria","Otros","1.0"
"Año 2015","Castilla y León","Valladolid","Usuaria","548.0"
"Año 2015","Castilla y León","Valladolid","Familiares/Personas allegadas","158.0"
"Año 2015","Castilla y León","Valladolid","Otros","15.0"
"Año 2015","Castilla y León","Zamora","Usuaria","148.0"
"Año 2015","Castilla y León","Zamora","Familiares/Personas allegadas","27.0"
"Año 2015","Castilla y León","Zamora","Otros","3.0"
"Año 2015","Castilla - La Mancha","Albacete","Usuaria","228.0"
"Año 2015","Castilla - La Mancha","Albacete","Familiares/Personas allegadas","80.0"
"Año 2015","Castilla - La Mancha","Albacete","Otros","5.0"
"Año 2015","Castilla - La Mancha","Ciudad Real","Usuaria","240.0"
"Año 2015","Castilla - La Mancha","Ciudad Real","Familiares/Personas allegadas","90.0"
"Año 2015","Castilla - La Mancha","Ciudad Real","Otros","14.0"
"Año 2015","Castilla - La Mancha","Cuenca","Usuaria","81.0"
"Año 2015","Castilla - La Mancha","Cuenca","Familiares/Personas allegadas","30.0"
"Año 2015","Castilla - La Mancha","Cuenca","Otros","5.0"
"Año 2015","Castilla - La Mancha","Guadalajara","Usuaria","190.0"
"Año 2015","Castilla - La Mancha","Guadalajara","Familiares/Personas allegadas","54.0"
"Año 2015","Castilla - La Mancha","Guadalajara","Otros","7.0"
"Año 2015","Castilla - La Mancha","Toledo","Usuaria","582.0"
"Año 2015","Castilla - La Mancha","Toledo","Familiares/Personas allegadas","169.0"
"Año 2015","Castilla - La Mancha","Toledo","Otros","52.0"
"Año 2015","Cataluña","Barcelona","Usuaria","3577.0"
"Año 2015","Cataluña","Barcelona","Familiares/Personas allegadas","1226.0"
"Año 2015","Cataluña","Barcelona","Otros","71.0"
"Año 2015","Cataluña","Girona","Usuaria","296.0"
"Año 2015","Cataluña","Girona","Familiares/Personas allegadas","95.0"
"Año 2015","Cataluña","Girona","Otros","11.0"
"Año 2015","Cataluña","Lleida","Usuaria","137.0"
"Año 2015","Cataluña","Lleida","Familiares/Personas allegadas","49.0"
"Año 2015","Cataluña","Lleida","Otros","3.0"
"Año 2015","Cataluña","Tarragona","Usuaria","448.0"
"Año 2015","Cataluña","Tarragona","Familiares/Personas allegadas","132.0"
"Año 2015","Cataluña","Tarragona","Otros","5.0"
"Año 2015","Comunidad Valenciana","Alicante","Usuaria","1962.0"
"Año 2015","Comunidad Valenciana","Alicante","Familiares/Personas allegadas","494.0"
"Año 2015","Comunidad Valenciana","Alicante","Otros","38.0"
"Año 2015","Comunidad Valenciana","Castellón","Usuaria","416.0"
"Año 2015","Comunidad Valenciana","Castellón","Familiares/Personas allegadas","99.0"
"Año 2015","Comunidad Valenciana","Castellón","Otros","15.0"
"Año 2015","Comunidad Valenciana","Valencia","Usuaria","2346.0"
"Año 2015","Comunidad Valenciana","Valencia","Familiares/Personas allegadas","711.0"
"Año 2015","Comunidad Valenciana","Valencia","Otros","108.0"
"Año 2015","Extremadura","Badajoz","Usuaria","373.0"
"Año 2015","Extremadura","Badajoz","Familiares/Personas allegadas","165.0"
"Año 2015","Extremadura","Badajoz","Otros","22.0"
"Año 2015","Extremadura","Cáceres","Usuaria","218.0"
"Año 2015","Extremadura","Cáceres","Familiares/Personas allegadas","105.0"
"Año 2015","Extremadura","Cáceres","Otros","13.0"
"Año 2015","Galicia","A Coruña","Usuaria","419.0"
"Año 2015","Galicia","A Coruña","Familiares/Personas allegadas","122.0"
"Año 2015","Galicia","A Coruña","Otros","9.0"
"Año 2015","Galicia","Lugo","Usuaria","199.0"
"Año 2015","Galicia","Lugo","Familiares/Personas allegadas","82.0"
"Año 2015","Galicia","Lugo","Otros","5.0"
"Año 2015","Galicia","Ourense","Usuaria","158.0"
"Año 2015","Galicia","Ourense","Familiares/Personas allegadas","58.0"
"Año 2015","Galicia","Ourense","Otros","3.0"
"Año 2015","Galicia","Pontevedra","Usuaria","830.0"
"Año 2015","Galicia","Pontevedra","Familiares/Personas allegadas","307.0"
"Año 2015","Galicia","Pontevedra","Otros","22.0"
"Año 2015","Comunidad de Madrid","Madrid","Usuaria","7826.0"
"Año 2015","Comunidad de Madrid","Madrid","Familiares/Personas allegadas","2774.0"
"Año 2015","Comunidad de Madrid","Madrid","Otros","300.0"
"Año 2015","Región de Murcia","Murcia","Usuaria","906.0"
"Año 2015","Región de Murcia","Murcia","Familiares/Personas allegadas","399.0"
"Año 2015","Región de Murcia","Murcia","Otros","36.0"
"Año 2015","Comunidad Foral de Navarra","Navarra","Usuaria","357.0"
"Año 2015","Comunidad Foral de Navarra","Navarra","Familiares/Personas allegadas","161.0"
"Año 2015","Comunidad Foral de Navarra","Navarra","Otros","10.0"
"Año 2015","País Vasco","Álava","Usuaria","140.0"
"Año 2015","País Vasco","Álava","Familiares/Personas allegadas","68.0"
"Año 2015","País Vasco","Álava","Otros","5.0"
"Año 2015","País Vasco","Guipúzcoa","Usuaria","229.0"
"Año 2015","País Vasco","Guipúzcoa","Familiares/Personas allegadas","102.0"
"Año 2015","País Vasco","Guipúzcoa","Otros","7.0"
"Año 2015","País Vasco","Vizcaya","Usuaria","534.0"
"Año 2015","País Vasco","Vizcaya","Familiares/Personas allegadas","211.0"
"Año 2015","País Vasco","Vizcaya","Otros","15.0"
"Año 2015","La Rioja","La Rioja","Usuaria","166.0"
"Año 2015","La Rioja","La Rioja","Familiares/Personas allegadas","79.0"
"Año 2015","La Rioja","La Rioja","Otros","4.0"
"Año 2015","Ceuta","Ceuta","Usuaria","66.0"
"Año 2015","Ceuta","Ceuta","Familiares/Personas allegadas","21.0"
"Año 2015","Ceuta","Ceuta","Otros","2.0"
"Año 2015","Melilla","Melilla","Usuaria","62.0"
"Año 2015","Melilla","Melilla","Familiares/Personas allegadas","29.0"
"Año 2015","Melilla","Melilla","Otros","5.0"
