Marca;Modelo;Tipo;Contrase¤a de Homologaci¢n;Variante;Versi¢n;Parte Fija Vin;Combustible;Eurotaxi;Baja;N§ puertas;Cilindrada;Potencia;Tipo de Cambio;Eurotaxi2;Ecotaxi2;Plazas2
CITROEN;C4 PICASSO;3;e2*2007/46*0356;3DAHR*;3DAHRM/1S;VF73DAHRM;DIESEL;N;;4+1;1997;110;MANUAL 6V; ;Ecotaxi;5
CITROEN;C4 PICASSO;3;e2*2007/46*0356;3DAHX*;3DAHXM/1S;VF73DAHXM;DIESEL;N;;4+1;1997;110;MANUAL 6V; ;Ecotaxi;5
CITROEN;C4 PICASSO;3;e2*2007/46*0356;3DAHX*;3DAHXM/S;VF73DAHXM;DIESEL;N;;4+1;1997;110;MANUAL 6V; ;Ecotaxi;5
CITROEN;C4 PICASSO;3;e2*2007/46*0356;3DAHX*;3DAHXT/1S;VF73DAHXT;DIESEL;N;;4+1;1997;110;AUTOMµTICO 6V; ;Ecotaxi;5
CITROEN;C4 PICASSO;3;e2*2007/46*0356;3DBHY*;3DBHY6/2SM;VF73DBHY6;DIESEL;N;;4+1;1560;73;MANUAL 5V; ;Ecotaxi;5
CITROEN;C4 PICASSO;3;e2*2007/46*0356;3DBHZ*;3DBHZM/1S;VF73DBHZM;DIESEL;N;;4+1;1560;88;MANUAL 6V; ;Ecotaxi;5
CITROEN;C4 PICASSO;3;e2*2007/46*0356;3DBHZ*;3DBHZM/2SM;VF73DBHZM;DIESEL;N;;4+1;1560;88;MANUAL 6V; ;Ecotaxi;5
CITROEN;C4 PICASSO;3;e2*2007/46*0356;3DBHZ*;3DBHZT/1S;VF73DBHZT;DIESEL;N;;4+1;1560;88;AUTOMµTICO 6V; ;Ecotaxi;5
CITROEN;C4 PICASSO;3;e2*2007/46*0356;3DBHZ*;3DBHZT/2SM;VF73DBHZT;DIESEL;N;;4+1;1560;88;AUTOMµTICO 6V; ;Ecotaxi;5
CITROEN;CITROEN C-ELYSEE eco-glv;D;e2*2007/46*0225;DDBHY;DDBHY6/1;VF7DDBHY6;DIESEL;N;;4;1560;73;MANUAL 5V; ;Ecotaxi;5
CITROEN;CITROEN C-ELYSEE eco-glv;FE-CO1;e9*NKS*10152*00;FE14;FE14C1;VF7DDNFP0;GLP / GASOLINA;N;;4;1587;85;MANUAL 5V; ;Ecotaxi;5
CITROEN;CITROEN C-ELYSEE eco-glv;FE-CO1/1;e9*NKS*10153*00;FE14C;FE14C1C;VF7DDNFP0;GLP / GASOLINA;N;;4;1587;85;MANUAL 5V; ;Ecotaxi;5
CITROEN;CITROEN C-ELYSEE eco-glv;FE-CO2;e9*NKS*10331*00;FE15;FE15C1;VF7DDNFP6;GLP / GASOLINA;N;;4;1587;85;MANUAL 5V; ;Ecotaxi;5
CITROEN;CITROEN C-ELYSEE eco-glv;FECO2/1;e9*NKS*10332*00;FE15C;FE15C1C;VF7DDNFP6;GLP / GASOLINA;N;;4;1587;85;MANUAL 5V; ;Ecotaxi;5
CITROEN;CITROEN JUMPY;X;e2*2001/116*0350;XDAHZ*;XDAHZ4;VF7XDAHZ4;DIESEL;S;;4+1;1997;94;MANUAL 6V;Eurotaxi; ;7
DACIA;LODGY;SD;e2*2001/116*0314;JSDE9;JSDE96;UU1JSDE96;DIESEL;N;;4+1;1598;80;MANUAL 6V; ;Ecotaxi;5
DACIA;LODGY;SD;e2*2001/116*0314;JSDJ3;JSDJ35;UU1JSDJ35;GLP / GASOLINA;N;;4+1;1598;60,5;MANUAL 6V; ;Ecotaxi;5
FIAT;FIAT DOBLO;263;e3*2007/46*0007;AXD1B;02Z;ZFA263000;DIESEL;S;;4+1;1598;77;MANUAL 6V;Eurotaxi; ;5 + 1 PMR
FIAT;FIAT DOBLO;263;e3*2007/46*0007;AXD1B;LS5AN;ZFA263000;DIESEL;S;;4+1;1598;77;MANUAL 6V;Eurotaxi; ;5 + 1 PMR
FIAT;FIAT DOBLO;263;e3*2007/46*0007;AXD1B;LS5CN;ZFA263000;DIESEL;S;;4+1;1598;77;MANUAL 6V;Eurotaxi; ;5 + 1 PMR
FORD;FORD TOURNEO CONNECT;PJ2;e1*2001/116*0207;T1GA1B?X;?5??BZCASA??;WF0TXXWPGU;DIESEL;S;;4+1;1560;85;MANUAL 6V;Eurotaxi; ;6
FORD;FORD TOURNEO CONNECT;PJ2;e1*2001/116*0207;T1GA1B?X;?5C?BZCBSA??;WF0TXXWPGU;DIESEL;S;;4+1;1560;85;MANUAL 5V;Eurotaxi; ;6
FORD;FORD TOURNEO CONNECT;PJ2;e1*2001/116*0207;TZGA1B?X;?5??BZCASA??;WF0TXXWPGU;DIESEL;S;;4+1;1560;70;MANUAL 6V;Eurotaxi; ;6
FORD;FORD TOURNEO CONNECT;PJ2;e1*2001/116*0207;TZGA1B?X;?5C?BZCBSA??;WF0TXXWPGU;DIESEL;S;;4+1;1560;70;MANUAL 5V;Eurotaxi; ;6
FORD;FORD TOURNEO CONNECT;PJ2;e1*2001/116*0207*??;XVGA1B?X;?5??BZCBSA??;WF0TXXWPGU;DIESEL;S;;4+1;1499;74,2;MANUAL 5V;Eurotaxi; ;6
FORD;FORD TOURNEO CONNECT;PJ2;e1*2001/116*0207*??;XVGA1B?X;¨5??BZCASA??;WF0TXXWPGU;DIESEL;S;;4+1;1499;74,2;MANUAL 5V;Eurotaxi; ;6
FORD;FORD TOURNEO CONNECT;PJ2;e1*2001/116*0207*??;XWGA1B?X;?5??BZCBSA??;WF0TXXWPGU;DIESEL;S;;4+1;1499;74,2;MANUAL 5V;Eurotaxi; ;6
FORD;FORD TOURNEO CONNECT;PJ2;e1*2001/116*0207*??;XWGB1B?X;?5??BZCBSA??;WF0TXXWPGU;DIESEL;S;;4+1;1499;88,2;AUTOMµTICO 6V;Eurotaxi; ;6
FORD;FORD TRANSIT CONNECT;PJ2;e1*2001/116*0207;T1GA1C?X;?5??BZCASA??;WF0TXXWPGU;DIESEL;S;;4+1;1560;85;MANUAL 6V;Eurotaxi; ;6
FORD;FORD TRANSIT CONNECT;PJ2;e1*2001/116*0207;T1GA1C?X;?5C?BZCBSA??;WF0TXXWPGU;DIESEL;S;;4+1;1560;85;MANUAL 5V;Eurotaxi; ;6
FORD;FORD TRANSIT CONNECT;PJ2;e1*2001/116*0207;TZGA1C?X;?5??BZCASA??;WF0TXXWPGU;DIESEL;S;;4+1;1560;70;MANUAL 6V;Eurotaxi; ;6
FORD;FORD TRANSIT CONNECT;PJ2;e1*2001/116*0207;TZGA1C?X;?5C?BZCBSA??;WF0TXXWPGU;DIESEL;S;;4+1;1560;70;MANUAL 5V;Eurotaxi; ;6
FORD;FORD TRANSIT CONNECT;PJ2;e1*2001/116*0207*??;XVGA1C?X;?5??BZCASA??;WF0TXXWPGU;DIESEL;S;;4+1;1499;74,2;MANUAL 5V;Eurotaxi; ;6
FORD;FORD TRANSIT CONNECT;PJ2;e1*2001/116*0207*??;XVGA1C?X;?5??BZCBSA??;WF0TXXWPGU;DIESEL;S;;4+1;1499;74,2;MANUAL 5V;Eurotaxi; ;6
FORD;FORD TRANSIT CONNECT;PJ2;e1*2001/116*0207*??;XWGA1C?X;?5??BZCBSA??;WF0TXXWPGU;DIESEL;S;;4+1;1499;88,2;MANUAL 6V;Eurotaxi; ;6
MERCEDES-BENZ;E 200 BLUETEC;212;e1*2001/116*0501;J00XP0;KXXXX500;WDD212006;DIESEL;N;;4;2143;100;MANUAL 6V; ;Ecotaxi;5
MERCEDES-BENZ;E 200 BLUETEC;212;e1*2001/116*0501;J00XP0;KXXXX501;WDD212006;DIESEL;N;;4;2143;100;MANUAL 6V; ;Ecotaxi;5
MERCEDES-BENZ;E 200 BLUETEC;212;e1*2001/116*0501;J00XP0;KXXXX5A0;WDD212006;DIESEL;N;;4;2143;100;MANUAL 6V; ;Ecotaxi;5
MERCEDES-BENZ;E 200 BLUETEC;212;e1*2001/116*0501;J00XP0;KXXXX5A1;WDD212006;DIESEL;N;;4;2143;100;MANUAL 6V; ;Ecotaxi;5
MERCEDES-BENZ;E 200 BLUETEC;212;e1*2001/116*0501;J00XP0;N????502;WDD212006;DIESEL;N;;4;2143;100;AUTOMµTICO 7V; ;Ecotaxi;5
MERCEDES-BENZ;E 200 BLUETEC;212;e1*2001/116*0501;J00XP0;N????5A2;WDD212006;DIESEL;N;;4;2143;100;AUTOMµTICO 7V; ;Ecotaxi;5
MERCEDES-BENZ;E 200 BLUETEC;212;e1*2001/116*0501;J00XP0;NXXXX500;WDD212006;DIESEL;N;;4;2143;100;AUTOMµTICO; ;Ecotaxi;5
MERCEDES-BENZ;E 200 BLUETEC;212;e1*2001/116*0501;J00XP0;NXXXX501;WDD212006;DIESEL;N;;4;2143;100;AUTOMµTICO; ;Ecotaxi;5
MERCEDES-BENZ;E 200 BLUETEC;212;e1*2001/116*0501;J00XP0;NXXXX5A0;WDD212006;DIESEL;N;;4;2143;100;AUTOMµTICO; ;Ecotaxi;5
MERCEDES-BENZ;E 200 BLUETEC;212;e1*2001/116*0501;J00XP0;NXXXX5A1;WDD212006;DIESEL;N;;4;2143;100;AUTOMµTICO; ;Ecotaxi;5
MERCEDES-BENZ;E 200 BLUETEC;212K;e1*2007/46*0200;J20XP0;KXXXX500;WDD212206;DIESEL;N;;4+1;2143;100;MANUAL 6V; ;Ecotaxi;5
MERCEDES-BENZ;E 200 BLUETEC;212K;e1*2007/46*0200;J20XP0;KXXXX501;WDD212206;DIESEL;N;;4+1;2143;100;MANUAL 6V; ;Ecotaxi;5
MERCEDES-BENZ;E 200 BLUETEC;212K;e1*2007/46*0200;J20XP0;NXXXX500;WDD212206;DIESEL;N;;4+1;2143;100;AUTOMµTICO; ;Ecotaxi;5
MERCEDES-BENZ;E 200 BLUETEC;212K;e1*2007/46*0200;J20XP0;NXXXX501;WDD212206;DIESEL;N;;4+1;2143;100;AUTOMµTICO; ;Ecotaxi;5
MERCEDES-BENZ;E 200 BLUETEC;212K;e1*2007/46*0200;J20XP0;NXXXX502;WDD212206;DIESEL;N;;4+1;2143;100;AUTOMµTICO 7V; ;Ecotaxi;5
MERCEDES-BENZ;E 220 BLUETEC;212;e1*2001/116*0501;J00RP0;C????56X;WDD212001;DIESEL;N;;4;2143;125;AUTOMµTICO 9V; ;Ecotaxi;5
MERCEDES-BENZ;E 220 BLUETEC;212;e1*2001/116*0501;J00RP0;C????5K2;WDD212001;DIESEL;N;;4;2143;125;AUTOMµTICO 9V; ;Ecotaxi;5
MERCEDES-BENZ;E 220 BLUETEC;212;e1*2001/116*0501;J00RP0;C????5KX;WDD212001;DIESEL;N;;4;2143;125;AUTOMµTICO 9V; ;Ecotaxi;5
MERCEDES-BENZ;E 220 BLUETEC;212;e1*2001/116*0501;J00RP0;CXXXX502;WDD212001;DIESEL;N;;4;2143;125;AUTOMµTICO; ;Ecotaxi;5
MERCEDES-BENZ;E 220 BLUETEC;212;e1*2001/116*0501;J00RP0;CXXXX503;WDD212001;DIESEL;N;;4;2143;125;AUTOMµTICO; ;Ecotaxi;5
MERCEDES-BENZ;E 220 BLUETEC;212;e1*2001/116*0501;J00RP0;CXXXX560;WDD212001;DIESEL;N;;4;2143;125;AUTOMµTICO; ;Ecotaxi;5
MERCEDES-BENZ;E 220 BLUETEC;212;e1*2001/116*0501;J00RP0;CXXXX5K1;WDD212001;DIESEL;N;;4;2143;125;AUTOMµTICO; ;Ecotaxi;5
MERCEDES-BENZ;E 220 BLUETEC;212;e1*2001/116*0501;J00RP0;KXXXX502;WDD212001;DIESEL;N;;4;2143;125;MANUAL 6V; ;Ecotaxi;5
MERCEDES-BENZ;E 220 BLUETEC;212;e1*2001/116*0501;J00RP0;KXXXX503;WDD212001;DIESEL;N;;4;2143;125;MANUAL 6V; ;Ecotaxi;5
MERCEDES-BENZ;E 220 BLUETEC;212;e1*2001/116*0501;J00RP0;KXXXX560;WDD212001;DIESEL;N;;4;2143;125;MANUAL 6V; ;Ecotaxi;5
MERCEDES-BENZ;E 220 BLUETEC;212;e1*2001/116*0501;J00RP0;KXXXX5K1;WDD212001;DIESEL;N;;4;2143;125;MANUAL 6V; ;Ecotaxi;5
MERCEDES-BENZ;E 220 BLUETEC;212;e1*2001/116*0501;J00RP0;NXXXX502;WDD212001;DIESEL;N;;5;2143;125;AUTOMµTICO; ;Ecotaxi;5
MERCEDES-BENZ;E 220 BLUETEC;212;e1*2001/116*0501;J00RP0;NXXXX503;WDD212001;DIESEL;N;;5;2143;125;AUTOMµTICO; ;Ecotaxi;5
MERCEDES-BENZ;E 220 BLUETEC;212;e1*2001/116*0501;J00RP0;NXXXX560;WDD212001;DIESEL;N;;5;2143;125;AUTOMµTICO; ;Ecotaxi;5
MERCEDES-BENZ;E 220 BLUETEC;212;e1*2001/116*0501;J00RP0;NXXXX5K1;WDD212001;DIESEL;N;;5;2143;125;AUTOMµTICO; ;Ecotaxi;5
MERCEDES-BENZ;E 220 BLUETEC;212;e1*2001/116*0501;J00RP0;NXXXX5K2;WDD212001;DIESEL;N;;5;1795;125;AUTOMµTICO; ;Ecotaxi;5
MERCEDES-BENZ;E 220 BLUETEC;212;e1*2001/116*0501;J00RP0;NXXXX5K3;WDD212001;DIESEL;N;;5;2143;125;AUTOMµTICO; ;Ecotaxi;5
MERCEDES-BENZ;E 220 BLUETEC;212K;e1*2007/46*0200;J20RP0;CXXXX500;WDD212201;DIESEL;N;;5;2143;125;AUTOMµTICO; ;Ecotaxi;5
MERCEDES-BENZ;E 220 BLUETEC;212K;e1*2007/46*0200;J20RP0;CXXXX501;WDD212201;DIESEL;N;;5;2143;125;AUTOMµTICO; ;Ecotaxi;5
MERCEDES-BENZ;E 220 BLUETEC;212K;e1*2007/46*0200;J20RP0;CXXXX502;WDD212201;DIESEL;N;;5;2143;125;AUTOMµTICO 9V; ;Ecotaxi;5
MERCEDES-BENZ;E 220 BLUETEC;212K;e1*2007/46*0200;J20RP0;CXXXX5K2;WDD212201;DIESEL;N;;5;2143;125;AUTOMµTICO 9V; ;Ecotaxi;5
MERCEDES-BENZ;E 220 BLUETEC;212K;e1*2007/46*0200;J20RP0;CXXXX5KX;WDD212201;DIESEL;N;;5;2143;125;AUTOMµTICO 9V; ;Ecotaxi;5
MERCEDES-BENZ;E 220 BLUETEC;212K;e1*2007/46*0200;J20RP0;KXXXX500;WDD212201;DIESEL;N;;5;2143;125;MANUAL 6V; ;Ecotaxi;5
MERCEDES-BENZ;E 220 BLUETEC;212K;e1*2007/46*0200;J20RP0;KXXXX501;WDD212201;DIESEL;N;;5;2143;125;MANUAL 6V; ;Ecotaxi;5
MERCEDES-BENZ;E 250 BLUETEC;212;e1*2001/116*0501;J004P0;C????502;WDD212004;DIESEL;N;;4;2143;150;AUTOMµTICO 9V; ;Ecotaxi;5
MERCEDES-BENZ;E 250 BLUETEC;212;e1*2001/116*0501;J004P0;CXXXX500;WDD212004;DIESEL;N;;4;2143;150;AUTOMµTICO; ;Ecotaxi;5
MERCEDES-BENZ;E 250 BLUETEC;212;e1*2001/116*0501;J004P0;CXXXX501;WDD212004;DIESEL;N;;4;2143;150;AUTOMµTICO; ;Ecotaxi;5
MERCEDES-BENZ;E 250 BLUETEC;212;e1*2001/116*0501;J004P0;IXXXX500;WDD212004;DIESEL;N;;4;2143;150;MANUAL 6V; ;Ecotaxi;5
MERCEDES-BENZ;E 250 BLUETEC;212;e1*2001/116*0501;J004P0;IXXXX501;WDD212004;DIESEL;N;;4;2143;150;MANUAL 6V; ;Ecotaxi;5
MERCEDES-BENZ;E 250 BLUETEC;212K;e1*2007/46*0200;J204P0;CXXXX500;WDD212204;DIESEL;N;;5;2143;150;AUTOMµTICO; ;Ecotaxi;5
MERCEDES-BENZ;E 250 BLUETEC;212K;e1*2007/46*0200;J204P0;CXXXX501;WDD212204;DIESEL;N;;5;2143;150;AUTOMµTICO; ;Ecotaxi;5
MERCEDES-BENZ;E 250 BLUETEC;212K;e1*2007/46*0200;J204P0;CXXXX502;WDD212204;DIESEL;N;;5;2143;150;AUTOMµTICO 9V; ;Ecotaxi;5
MERCEDES-BENZ;E 250 BLUETEC;212K;e1*2007/46*0200;J204P0;IXXXX500;WDD212204;DIESEL;N;;5;2143;150;MANUAL 6V; ;Ecotaxi;5
MERCEDES-BENZ;E 250 BLUETEC;212K;e1*2007/46*0200;J204P0;IXXXX501;WDD212204;DIESEL;N;;5;2143;150;MANUAL 6V; ;Ecotaxi;5
MERCEDES-BENZ;E 300 BLUETEC;212;e1*2001/116*0501;J0BEP0;C????502;WDD212027;DIESEL;N;;4;2987;170;AUTOMµTICO 9V; ;Ecotaxi;5
MERCEDES-BENZ;E 300 BLUETEC;212;e1*2001/116*0501;J0BEP0;CXXXX500;WDD212027;DIESEL;N;;4;2987;170;AUTOMµTICO; ;Ecotaxi;5
MERCEDES-BENZ;E 300 BLUETEC;212;e1*2001/116*0501;J0BEP0;CXXXX501;WDD212027;DIESEL;N;;4;2987;170;AUTOMµTICO; ;Ecotaxi;5
MERCEDES-BENZ;E 300 BLUETEC;212;e1*2001/116*0501*??;J0BCP0;NXXXX500;WDD212027;DIESEL;N;;4;2987;170;AUTOMµTICO; ;Ecotaxi;5
MERCEDES-BENZ;E 300 BLUETEC;212;e1*2001/116*0501*??;J0BCP0;NXXXX501;WDD212027;DIESEL;N;;4;2987;170;AUTOMµTICO; ;Ecotaxi;5
MERCEDES-BENZ;E 300 BLUETEC;212K;e1*2007/46*0200;J2BEP0;CXXXX500;WDD212227;DIESEL;N;;5;2987;170;AUTOMµTICO; ;Ecotaxi;5
MERCEDES-BENZ;E 300 BLUETEC;212K;e1*2007/46*0200;J2BEP0;CXXXX501;WDD212227;DIESEL;N;;5;2987;170;AUTOMµTICO; ;Ecotaxi;5
MERCEDES-BENZ;E 300 BLUETEC;212K;e1*2007/46*0200;J2BEP0;CXXXX502;WDD212227;DIESEL;N;;5;2987;170;AUTOMµTICO 9V; ;Ecotaxi;5
MERCEDES-BENZ;E 350 BLUETEC;212;e1*2001/116*0501;J0BDP0;CXXXX500;WDD212026;DIESEL;N;;5;2987;185;AUTOMµTICO; ;Ecotaxi;5
MERCEDES-BENZ;E 350 BLUETEC;212;e1*2001/116*0501;J0BDP0;CXXXX501;WDD212026;DIESEL;N;;5;2987;185;AUTOMµTICO; ;Ecotaxi;5
MERCEDES-BENZ;E 350 BLUETEC;212;e1*2001/116*0501;J0BFP0;C????502;WDD212026;DIESEL;N;;4;2987;190;AUTOMµTICO 9V; ;Ecotaxi;5
MERCEDES-BENZ;E 350 BLUETEC;212;e1*2001/116*0501;J0BFP0;CXXXX500;WDD212026;DIESEL;N;;4;2987;190;AUTOMµTICO; ;Ecotaxi;5
MERCEDES-BENZ;E 350 BLUETEC;212;e1*2001/116*0501;J0BFP0;CXXXX501;WDD212026;DIESEL;N;;4;2987;190;AUTOMµTICO; ;Ecotaxi;5
MERCEDES-BENZ;E 350 BLUETEC;212;e1*2001/116*0501*?;J0BDP0;NXXXX500;WDD212026;DIESEL;N;;4;2987;185;AUTOMµTICO; ;Ecotaxi;5
MERCEDES-BENZ;E 350 BLUETEC;212;e1*2001/116*0501*??;J0BDP0;NXXXX501;WDD212026;DIESEL;N;;4;2987;185;AUTOMµTICO; ;Ecotaxi;5
MERCEDES-BENZ;E 350 BLUETEC;212K;e1*2007/46*0200;J2BDP0;CXXXX500;WDD212226;DIESEL;N;;5;2987;185;AUTOMµTICO; ;Ecotaxi;5
MERCEDES-BENZ;E 350 BLUETEC;212K;e1*2007/46*0200;J2BDP0;CXXXX501;WDD212226;DIESEL;N;;5;2987;185;AUTOMµTICO; ;Ecotaxi;5
MERCEDES-BENZ;E 350 BLUETEC;212K;e1*2007/46*0200;J2BDP0;CXXXX521;WDD212226;DIESEL;N;;5;2987;185;AUTOMµTICO; ;Ecotaxi;5
MERCEDES-BENZ;E 350 BLUETEC;212K;e1*2007/46*0200;J2BFP0;CXXXX500;WDD212226;DIESEL;N;;5;2987;190;AUTOMµTICO; ;Ecotaxi;5
MERCEDES-BENZ;E 350 BLUETEC;212K;e1*2007/46*0200;J2BFP0;CXXXX501;WDD212226;DIESEL;N;;5;2987;190;AUTOMµTICO; ;Ecotaxi;5
MERCEDES-BENZ;E 350 BLUETEC;212K;e1*2007/46*0200;J2BFP0;CXXXX502;WDD212226;DIESEL;N;;5;2987;190;AUTOMµTICO 9V; ;Ecotaxi;5
MERCEDES-BENZ;E 350 BLUETEC;212K;e1*2007/46*0200;J2BFP0;CXXXX521;WDD212226;DIESEL;N;;5;2987;190;AUTOMµTICO; ;Ecotaxi;5
MERCEDES-BENZ;E200 NATURAL GAS;212G;e1*2007/46*0484*;J035P0;N????500;WDD212035;GASOLINA - GAS NATURAL;N;;4;1991;115;AUTOMµTICO; ;Ecotaxi;5
MERCEDES-BENZ;E200 NATURAL GAS;212G;e1*2007/46*0484*;J035P0;N????501;WDD212035;GASOLINA - GAS NATURAL;N;;4;1991;115;AUTOMµTICO 7V; ;Ecotaxi;5
MERCEDES-BENZ;MERCEDES CITAN;X;e2*2007/46*0129;KX06;KX06H6;WDF415705;DIESEL;S;;4+doble puerta trasera;1461;81;MANUAL 6V;Eurotaxi; ;5 + 1 PMR
MERCEDES-BENZ;MERCEDES CITAN;X;e2*2007/46*0129;KX32;KX32H2;WDF415705;DIESEL;S;;4+doble puerta trasera;1461;81;MANUAL 6V;Eurotaxi; ;5 + 1 PMR
MERCEDES-BENZ;MERCEDES CITAN;X;e2*2007/46*0129;KXB6;KXB6H6;WDF415705;DIESEL;S;;4+doble puerta trasera;1461;81;MANUAL 6V;Eurotaxi; ;5 + 1 PMR
NISSAN;NISSAN e-NV200;ME0M;e11*2007/46*1340;B;B01;VSKTAAME0;ELECTRICO;N;;4;;80;AUTOMµTICO; ;Ecotaxi;5
NISSAN;NISSAN LEAF;ZE0;e11*2007/46*0230;A;A01;JN1FAAZE0U;ELECTRICO;N;;4;;80;AUTOMµTICO; ;Ecotaxi;5
NISSAN;NISSAN LEAF;ZE0;e11*2007/46*0230;A;A01;SJNFAAZE0U;ELECTRICO;N;;4;;80;AUTOMµTICO; ;Ecotaxi;5
NISSAN;NISSAN LEAF;ZE0;e11*2007/46*0230;A;A02;JN1FAAZE0U;ELECTRICO;N;;4;;80;AUTOMµTICO; ;Ecotaxi;5
NISSAN;NISSAN LEAF;ZE0;e11*2007/46*0230;A;A02;SJNFAAZE0U;ELECTRICO;N;;4;;80;AUTOMµTICO; ;Ecotaxi;5
PEUGEOT;5008;0;e2*2007/46*0004;0AAHR*;0AAHRM/2S;VF30AAHRM;DIESEL;N;;4+1;1997;110;MANUAL 6V; ;Ecotaxi;5
PEUGEOT;5008;0;e2*2007/46*0004;0AAHX*;0AAHXM/2S;VF30AAHXM;DIESEL;N;;4+1;1997;110;MANUAL 6V; ;Ecotaxi;5
PEUGEOT;5008;0;e2*2007/46*0004;0ABHZ*;0ABHZM/2S;VF30ABHZM;DIESEL;N;;4+1;1560;88;MANUAL 6V; ;Ecotaxi;5
PEUGEOT;5008;0;e2*2007/46*0004;0ABHZ*;0ABHZT/2S;VF30ABHZT;DIESEL;N;;4+1;1560;88;AUTOMµTICO 6V; ;Ecotaxi;5
RENAULT;RENAULT KANGOO TPMR;KW;e2*2007/46*0038;KWB6;KWB6H6D;VF1KW;DIESEL;S;;5;1461;81;MANUAL 6V;Eurotaxi; ;5 + 1 PMR
SEAT;ALHAMBRA;7N;e1*2007/46*0402;CUVCX0AC;FD6FD62E0317MM5VR2**61;VSSZZZ7NZ;DIESEL;N;;4+1;1968;110;AUTOMµTICO 6V; ;Ecotaxi;5
SEAT;ALHAMBRA;7N;e1*2007/46*0402;CUVCX0AC;FD6FD62E0317MM5VR2**62;VSSZZZ7NZ;DIESEL;N;;4+1;1968;110;AUTOMµTICO 6V; ;Ecotaxi;5
SEAT;ALHAMBRA;7N;e1*2007/46*0402;CUVCX0AC;FM6FM6BB0027MM5VR2**61;VSSZZZ7NZ;DIESEL;N;;4+1;1968;110;MANUAL 6V; ;Ecotaxi;5
SEAT;ALHAMBRA;7N;e1*2007/46*0402;CUVCX0AC;FM6FM6BB0027MM5VR2**62;VSSZZZ7NZ;DIESEL;N;;4+1;1968;110;MANUAL 6V; ;Ecotaxi;5
SEAT;ALTEA XL;5P;e9*2001/116*0050;ACCHGAX01/SGNFM5;0;VSSZZZ5PZ;GLP / GASOLINA;N;;5;1595;75;MANUAL 5V; ;Ecotaxi;5
SEAT;LEON ST;5F;e9*2007/46*0094;FCRLDX0V;FM6SFM62Q0257MM**O561;VSS???5F?????????;DIESEL;N;;5;1968;81;MANUAL 6V; ;Ecotaxi;5
SEAT;TOLEDO;NH;e11*2007/46*0251;AACXMA;NFM5**********762SE;VSSZZZNHZ;DIESEL;N;;5;1598;85;MANUAL 5V; ;Ecotaxi;5
SEAT;TOLEDO;NH;e11*2007/46*0251;AACXMA;NFM5**********763SE;VSSZZZNHZ;DIESEL;N;;5;1598;85;MANUAL 5V; ;Ecotaxi;5
SKODA;SKODA RAPID;NH;e11*2007/46*0250;AACXMA;NFM5**********N762SK;TMB???NH?;DIESEL;N;;5;1598;85;MANUAL 5V; ;Ecotaxi;5
SKODA;SKODA RAPID;NH;e11*2007/46*0250;AACXMA;NFM5**********N763SK;TMB???NH?;DIESEL;N;;5;1598;85;MANUAL 5V; ;Ecotaxi;5
SKODA;SUPERB;3T;e11*2001/116*0326;AACAXCX01/*FM6*******;0;TMB***3T;GASOLINA;N;;5;1390;92;MANUAL 6V; ;Ecotaxi;5
TOYOTA;PRIUS;HW2;e11*2001/116*0200;NHW20 (E);0;JTDKB20U;GASOLINA-ELECTRICIDAD;N;;4;1497;57;AUTOMµTICO; ;Ecotaxi;5
TOYOTA;PRIUS;XW3(A);e11*2001/116*0264;ZVW30(H);0;JTDKN36U;GASOLINA-ELECTRICIDAD;N;;4;1798;73;AUTOMµTICO; ;Ecotaxi;5
TOYOTA;PRIUS PLUS;XW3(a);e11*2001/116*0264;ZVW40(W);ZVW40L-AWXEBW(1?);JTDZS3EU;GASOLINA-ELECTRICIDAD;N;;4+1;1798;73;AUTOMµTICO; ;Ecotaxi;5
TOYOTA;PRIUS PLUS;XW4(a);e11*2007/46*0157;ZVW40(W);ZVW40L-AWXEBW(1?);JTDZS3EU;GASOLINA-ELECTRICIDAD;N;;4+1;1798;73;AUTOMµTICO; ;Ecotaxi;5
VOLKSWAGEN;CADDY;2K;e1*2001/116*0252;ACCAYDX01;L0J2FD7********N1S*****;WV2ZZZ2KZ;DIESEL;S;;4+1;1598;75;AUTOMµTICO 7V;Eurotaxi; ;5
VOLKSWAGEN;CADDY;2K;e1*2001/116*0252;ACCAYDX01;L0J2FM5********N1S*****;WV2ZZZ2KZ;DIESEL;S;;4+1;1598;75;MANUAL 5V;Eurotaxi; ;5
VOLKSWAGEN;CADDY;2K;e1*2001/116*0252;ACCFHCX01;L0J2FD6********N1S*****;WV2ZZZ2KZ;DIESEL;S;;4+1;1968;103;AUTOMµTICO 6V;Eurotaxi; ;5
VOLKSWAGEN;CADDY;2K;e1*2001/116*0252;ACCFHCX01;L0J2FM6********N1S*****;WV2ZZZ2KZ;DIESEL;S;;4+1;1968;103;MANUAL 6V;Eurotaxi; ;5
VOLKSWAGEN;CADDY;2K;e1*2001/116*0252;ACCHGAX01;L0J2FM5********N1G*****;WV2ZZZ2KZ;GLP / GASOLINA;S;;5;1595;75;MANUAL 5V;Eurotaxi; ;5
VOLKSWAGEN;CADDY;2K;e1*2001/116*0252;AFCAYDX01;L0J2FD7********N1S*****;WV2ZZZ2KZ;DIESEL;S;;4+1;1598;75;AUTOMµTICO 7V;Eurotaxi; ;5
VOLKSWAGEN;CADDY;2K;e1*2001/116*0252;AFCAYDX01;L0J2FM5********N1S*****;WV2ZZZ2KZ;DIESEL;S;;4+1;1598;75;MANUAL 5V;Eurotaxi; ;5
VOLKSWAGEN;CADDY;2K;e1*2001/116*0252;AFCFHCX01;L0J2FD6********N1S*****;WV2ZZZ2KZ;DIESEL;S;;4+1;1968;103;AUTOMµTICO 6V;Eurotaxi; ;5
VOLKSWAGEN;CADDY;2K;e1*2001/116*0252;AFCFHCX01;L0J2FM6********N1S*****;WV2ZZZ2KZ;DIESEL;S;;4+1;1968;103;MANUAL 6V;Eurotaxi; ;5
VOLKSWAGEN;CADDY;2K;e1*2001/116*0252;AFCHGAX01;L0J2FM5********N1G*****;WV2ZZZ2KZ;GLP / GASOLINA;S;;5;1595;75;MANUAL 5V;Eurotaxi; ;5
VOLKSWAGEN;CARAVELLE;7HC;e1*2001/116*0220;KCAAB300X0/N*FM5******N********;0;WV2???7H?;DIESEL;S;;4+1;1968;75;MANUAL 5V;Eurotaxi; ;5
VOLKSWAGEN;CARAVELLE;7HC;e1*2001/116*0220;KCAAC300X0/N*FM6******N********;0;WV2???7H?;DIESEL;S;;4+1;1968;103;MANUAL 6V;Eurotaxi; ;5
VOLKSWAGEN;CARAVELLE;7HC;e1*2001/116*0220;KCAAD300X0;N*FM5******VR2*****S;WV2ZZZ7HZ;DIESEL;S;;5;1968;84;;Eurotaxi; ;5
VOLKSWAGEN;CARAVELLE;7HC;e1*2001/116*0220;KCCHA300X0/N*FD7******N********;0;WV2???7H?;DIESEL;S;;4+1;1968;103;AUTOMµTICO 7V;Eurotaxi; ;5
VOLKSWAGEN;CARAVELLE;7HC;e1*2001/116*0220;KCFCA300X0/N*FD7******N********;0;WV2???7H?;DIESEL;S;;4+1;1968;132;AUTOMµTICO 7V;Eurotaxi; ;5
VOLKSWAGEN;CARAVELLE;7HC;e1*2001/116*0220;KCFCA300X0/N*FM6******N********;0;WV2???7H?;DIESEL;S;;4+1;1968;132;MANUAL 6V;Eurotaxi; ;5
