File,id,type,description,description URI from DBpedia,lastUpdated,latitude,longitude,icon,parkingBay,link
aparcamiento-accesos.csv,http://www.zaragoza.es/api/recurso/urbanismo-infraestructuras/equipamiento/aparcamiento-accesos/1,Parking,Plaza del Pilar (Zaragoza),http://es.dbpedia.org/resource/Plaza_del_Pilar_(Zaragoza),2013-04-09T20:00:00Z,676551.94,4614112,http://www.zaragoza.es/contenidos/iconos/aparcamientos.png,,
aparcamiento-accesos.csv,http://www.zaragoza.es/api/recurso/urbanismo-infraestructuras/equipamiento/aparcamiento-accesos/2,Parking,Plaza del Pilar (Zaragoza),http://es.dbpedia.org/resource/Plaza_del_Pilar_(Zaragoza),2013-04-09T20:00:00Z,676615.8,4614043.5,http://www.zaragoza.es/contenidos/iconos/aparcamientos.png,,
aparcamiento-accesos.csv,http://www.zaragoza.es/api/recurso/urbanismo-infraestructuras/equipamiento/aparcamiento-accesos/3,Parking,Ayuntamiento de Zaragoza,http://es.dbpedia.org/resource/Ayuntamiento_de_Zaragoza,2013-04-09T20:00:00Z,676815.8,4614011,http://www.zaragoza.es/contenidos/iconos/aparcamientos.png,,
aparcamiento-accesos.csv,http://www.zaragoza.es/api/recurso/urbanismo-infraestructuras/equipamiento/aparcamiento-accesos/4,Parking,Ayuntamiento de Zaragoza,http://es.dbpedia.org/resource/Ayuntamiento_de_Zaragoza,2013-04-09T20:00:00Z,676844.1,4613934.5,http://www.zaragoza.es/contenidos/iconos/aparcamientos.png,,
aparcamiento-accesos.csv,http://www.zaragoza.es/api/recurso/urbanismo-infraestructuras/equipamiento/aparcamiento-accesos/5,Parking,Ayuntamiento de Zaragoza,http://es.dbpedia.org/resource/Ayuntamiento_de_Zaragoza,2013-04-09T20:00:00Z,676784.1,4613940.5,http://www.zaragoza.es/contenidos/iconos/aparcamientos.png,,
aparcamiento-accesos.csv,http://www.zaragoza.es/api/recurso/urbanismo-infraestructuras/equipamiento/aparcamiento-accesos/6,Parking,Avenida de César Augusto (Zaragoza),http://es.dbpedia.org/resource/Avenida_de_César_Augusto_(Zaragoza),2013-04-09T20:00:00Z,676293,4613774,http://www.zaragoza.es/contenidos/iconos/aparcamientos.png,,
aparcamiento-accesos.csv,http://www.zaragoza.es/api/recurso/urbanismo-infraestructuras/equipamiento/aparcamiento-accesos/7,Parking,Avenida de César Augusto (Zaragoza),http://es.dbpedia.org/resource/Avenida_de_César_Augusto_(Zaragoza),2013-04-09T20:00:00Z,676269.5,4613820,http://www.zaragoza.es/contenidos/iconos/aparcamientos.png,,
aparcamiento-accesos.csv,http://www.zaragoza.es/api/recurso/urbanismo-infraestructuras/equipamiento/aparcamiento-accesos/8,Parking,Avenida de César Augusto (Zaragoza),http://es.dbpedia.org/resource/Avenida_de_César_Augusto_(Zaragoza),2013-04-09T20:00:00Z,676330.3,4613892.5,http://www.zaragoza.es/contenidos/iconos/aparcamientos.png,,
aparcamiento-accesos.csv,http://www.zaragoza.es/api/recurso/urbanismo-infraestructuras/equipamiento/aparcamiento-accesos/9,Parking,Calle-Calle,http://es.dbpedia.org/resource/Calle-Calle,2013-04-09T20:00:00Z,676348.94,4613579,http://www.zaragoza.es/contenidos/iconos/aparcamientos.png,,
aparcamiento-accesos.csv,http://www.zaragoza.es/api/recurso/urbanismo-infraestructuras/equipamiento/aparcamiento-accesos/10,Parking,Calle-Calle,http://es.dbpedia.org/resource/Calle-Calle,2013-04-09T20:00:00Z,676255.7,4613541,http://www.zaragoza.es/contenidos/iconos/aparcamientos.png,,
aparcamiento-accesos.csv,http://www.zaragoza.es/api/recurso/urbanismo-infraestructuras/equipamiento/aparcamiento-accesos/11,Parking,Calle-Calle,http://es.dbpedia.org/resource/Calle-Calle,2013-04-09T20:00:00Z,676336.44,4613567.5,http://www.zaragoza.es/contenidos/iconos/aparcamientos.png,,
aparcamiento-accesos.csv,http://www.zaragoza.es/api/recurso/urbanismo-infraestructuras/equipamiento/aparcamiento-accesos/12,Parking,Calle-Calle,http://es.dbpedia.org/resource/Calle-Calle,2013-04-09T20:00:00Z,676260,4613560.5,http://www.zaragoza.es/contenidos/iconos/aparcamientos.png,,
aparcamiento-accesos.csv,http://www.zaragoza.es/api/recurso/urbanismo-infraestructuras/equipamiento/aparcamiento-accesos/13,Parking,Calle-Calle,http://es.dbpedia.org/resource/Calle-Calle,2013-04-09T20:00:00Z,676270.1,4613529,http://www.zaragoza.es/contenidos/iconos/aparcamientos.png,,
aparcamiento-accesos.csv,http://www.zaragoza.es/api/recurso/urbanismo-infraestructuras/equipamiento/aparcamiento-accesos/14,Parking,Calle-Calle,http://es.dbpedia.org/resource/Calle-Calle,2013-04-09T20:00:00Z,674994.9,4611819.5,http://www.zaragoza.es/contenidos/iconos/aparcamientos.png,,
aparcamiento-accesos.csv,http://www.zaragoza.es/api/recurso/urbanismo-infraestructuras/equipamiento/aparcamiento-accesos/15,Parking,Calle-Calle,http://es.dbpedia.org/resource/Calle-Calle,2013-04-09T20:00:00Z,675043.94,4611929.5,http://www.zaragoza.es/contenidos/iconos/aparcamientos.png,,
aparcamiento-accesos.csv,http://www.zaragoza.es/api/recurso/urbanismo-infraestructuras/equipamiento/aparcamiento-accesos/16,Parking,Calle-Calle,http://es.dbpedia.org/resource/Calle-Calle,2013-04-09T20:00:00Z,675041.44,4611848,http://www.zaragoza.es/contenidos/iconos/aparcamientos.png,,
aparcamiento-accesos.csv,http://www.zaragoza.es/api/recurso/urbanismo-infraestructuras/equipamiento/aparcamiento-accesos/17,Parking,Calle-Calle,http://es.dbpedia.org/resource/Calle-Calle,2013-04-09T20:00:00Z,675035.44,4611923.5,http://www.zaragoza.es/contenidos/iconos/aparcamientos.png,,
aparcamiento-accesos.csv,http://www.zaragoza.es/api/recurso/urbanismo-infraestructuras/equipamiento/aparcamiento-accesos/18,Parking,Palacio de Villahermosa (Zaragoza),http://es.dbpedia.org/resource/Palacio_de_Villahermosa_(Zaragoza),2013-04-09T20:00:00Z,674424.5,4612885.5,http://www.zaragoza.es/contenidos/iconos/aparcamientos.png,,
aparcamiento-accesos.csv,http://www.zaragoza.es/api/recurso/urbanismo-infraestructuras/equipamiento/aparcamiento-accesos/19,Parking,Palacio de Villahermosa (Zaragoza),http://es.dbpedia.org/resource/Palacio_de_Villahermosa_(Zaragoza),2013-04-09T20:00:00Z,674362.44,4612976.5,http://www.zaragoza.es/contenidos/iconos/aparcamientos.png,,
aparcamiento-accesos.csv,http://www.zaragoza.es/api/recurso/urbanismo-infraestructuras/equipamiento/aparcamiento-accesos/20,Parking,Seminario,http://es.dbpedia.org/resource/Seminario,2013-04-09T20:00:00Z,674101.7,4611590,http://www.zaragoza.es/contenidos/iconos/aparcamientos.png,,
aparcamiento-accesos.csv,http://www.zaragoza.es/api/recurso/urbanismo-infraestructuras/equipamiento/aparcamiento-accesos/21,Parking,Seminario,http://es.dbpedia.org/resource/Seminario,2013-04-09T20:00:00Z,674106.6,4611597,http://www.zaragoza.es/contenidos/iconos/aparcamientos.png,,
aparcamiento-accesos.csv,http://www.zaragoza.es/api/recurso/urbanismo-infraestructuras/equipamiento/aparcamiento-accesos/22,Parking,Hospital Clínico (Zaragoza),http://es.dbpedia.org/resource/Hospital_Clínico_(Zaragoza),2013-04-09T20:00:00Z,674782.44,4612593.5,http://www.zaragoza.es/contenidos/iconos/aparcamientos.png,,
aparcamiento-accesos.csv,http://www.zaragoza.es/api/recurso/urbanismo-infraestructuras/equipamiento/aparcamiento-accesos/23,Parking,Hospital Clínico (Zaragoza),http://es.dbpedia.org/resource/Hospital_Clínico_(Zaragoza),2013-04-09T20:00:00Z,674785.4,4612588,http://www.zaragoza.es/contenidos/iconos/aparcamientos.png,,
aparcamiento-accesos.csv,http://www.zaragoza.es/api/recurso/urbanismo-infraestructuras/equipamiento/aparcamiento-accesos/24,Parking,Hospital Clínico (Zaragoza),http://es.dbpedia.org/resource/Hospital_Clínico_(Zaragoza),2013-04-09T20:00:00Z,674750,4612437.5,http://www.zaragoza.es/contenidos/iconos/aparcamientos.png,,
aparcamiento-accesos.csv,http://www.zaragoza.es/api/recurso/urbanismo-infraestructuras/equipamiento/aparcamiento-accesos/25,Parking,Hospital Clínico (Zaragoza),http://es.dbpedia.org/resource/Hospital_Clínico_(Zaragoza),2013-04-09T20:00:00Z,674755.94,4612424.5,http://www.zaragoza.es/contenidos/iconos/aparcamientos.png,,
aparcamiento-moto.csv,http://www.zaragoza.es/api/recurso/urbanismo-infraestructuras/equipamiento/aparcamiento-moto/1,MotorBikeParking,Bilbao,http://dbpedia.org/resource/Bilbao,2014-12-02T19:00:00Z,676200.75,4613253.5,http://www.zaragoza.es/contenidos/iconos/estacionamiento_motos.png,15,
aparcamiento-moto.csv,http://www.zaragoza.es/api/recurso/urbanismo-infraestructuras/equipamiento/aparcamiento-moto/2,MotorBikeParking,Calle-Calle,http://es.dbpedia.org/resource/Calle-Calle,2014-12-02T19:00:00Z,676310.9,4613259.5,http://www.zaragoza.es/contenidos/iconos/estacionamiento_motos.png,18,
aparcamiento-moto.csv,http://www.zaragoza.es/api/recurso/urbanismo-infraestructuras/equipamiento/aparcamiento-moto/3,MotorBikeParking,San Pedro Nolasco,http://es.dbpedia.org/resource/San_Pedro_Nolasco,2014-12-02T19:00:00Z,676907.94,4613590,http://www.zaragoza.es/contenidos/iconos/estacionamiento_motos.png,23,
aparcamiento-moto.csv,http://www.zaragoza.es/api/recurso/urbanismo-infraestructuras/equipamiento/aparcamiento-moto/4,MotorBikeParking,Teatro romano de Zaragoza,http://es.dbpedia.org/resource/Teatro_romano_de_Zaragoza,2014-12-02T19:00:00Z,676846.7,4613489.5,http://www.zaragoza.es/contenidos/iconos/estacionamiento_motos.png,11,
aparcamiento-moto.csv,http://www.zaragoza.es/api/recurso/urbanismo-infraestructuras/equipamiento/aparcamiento-moto/5,MotorBikeParking,Teatro romano de Zaragoza,http://es.dbpedia.org/resource/Teatro_romano_de_Zaragoza,2014-12-02T19:00:00Z,676840.56,4613469,http://www.zaragoza.es/contenidos/iconos/estacionamiento_motos.png,2,
aparcamiento-moto.csv,http://www.zaragoza.es/api/recurso/urbanismo-infraestructuras/equipamiento/aparcamiento-moto/6,MotorBikeParking,Coso (Zaragoza),http://es.dbpedia.org/resource/Coso_(Zaragoza),2014-12-02T19:00:00Z,676951,4613389,http://www.zaragoza.es/contenidos/iconos/estacionamiento_motos.png,15,
aparcamiento-moto.csv,http://www.zaragoza.es/api/recurso/urbanismo-infraestructuras/equipamiento/aparcamiento-moto/7,MotorBikeParking,Basílica de Santa Engracia (Zaragoza),http://es.dbpedia.org/resource/Basílica_de_Santa_Engracia_(Zaragoza),2014-12-02T19:00:00Z,676374.94,4613215.5,http://www.zaragoza.es/contenidos/iconos/estacionamiento_motos.png,10,
aparcamiento-moto.csv,http://www.zaragoza.es/api/recurso/urbanismo-infraestructuras/equipamiento/aparcamiento-moto/8,MotorBikeParking,Calle-Calle,http://es.dbpedia.org/resource/Calle-Calle,2014-12-02T19:00:00Z,676503.6,4613185.5,http://www.zaragoza.es/contenidos/iconos/estacionamiento_motos.png,11,
aparcamiento-moto.csv,http://www.zaragoza.es/api/recurso/urbanismo-infraestructuras/equipamiento/aparcamiento-moto/9,MotorBikeParking,Calle-Calle,http://es.dbpedia.org/resource/Calle-Calle,2014-12-02T19:00:00Z,676495.44,4613170,http://www.zaragoza.es/contenidos/iconos/estacionamiento_motos.png,9,
aparcamiento-moto.csv,http://www.zaragoza.es/api/recurso/urbanismo-infraestructuras/equipamiento/aparcamiento-moto/10,MotorBikeParking,Calle-Calle,http://es.dbpedia.org/resource/Calle-Calle,2014-12-02T19:00:00Z,676510.5,4613161.5,http://www.zaragoza.es/contenidos/iconos/estacionamiento_motos.png,10,
aparcamiento-moto.csv,http://www.zaragoza.es/api/recurso/urbanismo-infraestructuras/equipamiento/aparcamiento-moto/11,MotorBikeParking,Calle-Calle,http://es.dbpedia.org/resource/Calle-Calle,2014-12-02T19:00:00Z,676534.44,4613257,http://www.zaragoza.es/contenidos/iconos/estacionamiento_motos.png,5,
aparcamiento-moto.csv,http://www.zaragoza.es/api/recurso/urbanismo-infraestructuras/equipamiento/aparcamiento-moto/12,MotorBikeParking,Calle-Calle,http://es.dbpedia.org/resource/Calle-Calle,2014-12-02T19:00:00Z,676425.4,4613285.5,http://www.zaragoza.es/contenidos/iconos/estacionamiento_motos.png,15,
aparcamiento-moto.csv,http://www.zaragoza.es/api/recurso/urbanismo-infraestructuras/equipamiento/aparcamiento-moto/13,MotorBikeParking,Calle-Calle,http://es.dbpedia.org/resource/Calle-Calle,2014-12-02T19:00:00Z,676461.7,4613337,http://www.zaragoza.es/contenidos/iconos/estacionamiento_motos.png,7,
aparcamiento-moto.csv,http://www.zaragoza.es/api/recurso/urbanismo-infraestructuras/equipamiento/aparcamiento-moto/14,MotorBikeParking,Calle-Calle,http://es.dbpedia.org/resource/Calle-Calle,2014-12-02T19:00:00Z,676459.44,4613331.5,http://www.zaragoza.es/contenidos/iconos/estacionamiento_motos.png,16,
aparcamiento-moto.csv,http://www.zaragoza.es/api/recurso/urbanismo-infraestructuras/equipamiento/aparcamiento-moto/15,MotorBikeParking,Calle-Calle,http://es.dbpedia.org/resource/Calle-Calle,2014-12-02T19:00:00Z,676569.6,4613303.5,http://www.zaragoza.es/contenidos/iconos/estacionamiento_motos.png,6,
aparcamiento-moto.csv,http://www.zaragoza.es/api/recurso/urbanismo-infraestructuras/equipamiento/aparcamiento-moto/16,MotorBikeParking,Calle-Calle,http://es.dbpedia.org/resource/Calle-Calle,2014-12-02T19:00:00Z,676555.56,4613308,http://www.zaragoza.es/contenidos/iconos/estacionamiento_motos.png,5,
aparcamiento-moto.csv,http://www.zaragoza.es/api/recurso/urbanismo-infraestructuras/equipamiento/aparcamiento-moto/17,MotorBikeParking,Calle-Calle,http://es.dbpedia.org/resource/Calle-Calle,2014-12-02T19:00:00Z,676575.7,4613317.5,http://www.zaragoza.es/contenidos/iconos/estacionamiento_motos.png,5,
aparcamiento-moto.csv,http://www.zaragoza.es/api/recurso/urbanismo-infraestructuras/equipamiento/aparcamiento-moto/18,MotorBikeParking,Calle-Calle,http://es.dbpedia.org/resource/Calle-Calle,2014-12-02T19:00:00Z,676565.44,4613320,http://www.zaragoza.es/contenidos/iconos/estacionamiento_motos.png,11,
aparcamiento-moto.csv,http://www.zaragoza.es/api/recurso/urbanismo-infraestructuras/equipamiento/aparcamiento-moto/19,MotorBikeParking,Plaza de los Sitios,http://es.dbpedia.org/resource/Plaza_de_los_Sitios,2014-12-02T19:00:00Z,676687.3,4613270.5,http://www.zaragoza.es/contenidos/iconos/estacionamiento_motos.png,11,
aparcamiento-moto.csv,http://www.zaragoza.es/api/recurso/urbanismo-infraestructuras/equipamiento/aparcamiento-moto/20,MotorBikeParking,Plaza de los Sitios,http://es.dbpedia.org/resource/Plaza_de_los_Sitios,2014-12-02T19:00:00Z,676680.44,4613258.5,http://www.zaragoza.es/contenidos/iconos/estacionamiento_motos.png,6,
aparcamiento-moto.csv,http://www.zaragoza.es/api/recurso/urbanismo-infraestructuras/equipamiento/aparcamiento-moto/21,MotorBikeParking,Plaza de los Sitios,http://es.dbpedia.org/resource/Plaza_de_los_Sitios,2014-12-02T19:00:00Z,676693.2,4613250.5,http://www.zaragoza.es/contenidos/iconos/estacionamiento_motos.png,6,
aparcamiento-moto.csv,http://www.zaragoza.es/api/recurso/urbanismo-infraestructuras/equipamiento/aparcamiento-moto/22,MotorBikeParking,Plaza de los Sitios,http://es.dbpedia.org/resource/Plaza_de_los_Sitios,2014-12-02T19:00:00Z,676700.25,4613266,http://www.zaragoza.es/contenidos/iconos/estacionamiento_motos.png,11,
aparcamiento-moto.csv,http://www.zaragoza.es/api/recurso/urbanismo-infraestructuras/equipamiento/aparcamiento-moto/23,MotorBikeParking,Calle-Calle,http://es.dbpedia.org/resource/Calle-Calle,2014-12-02T19:00:00Z,676784,4613231,http://www.zaragoza.es/contenidos/iconos/estacionamiento_motos.png,6,
aparcamiento-moto.csv,http://www.zaragoza.es/api/recurso/urbanismo-infraestructuras/equipamiento/aparcamiento-moto/24,MotorBikeParking,Plaza de los Sitios,http://es.dbpedia.org/resource/Plaza_de_los_Sitios,2014-12-02T19:00:00Z,676766.3,4613221,http://www.zaragoza.es/contenidos/iconos/estacionamiento_motos.png,8,
aparcamiento-moto.csv,http://www.zaragoza.es/api/recurso/urbanismo-infraestructuras/equipamiento/aparcamiento-moto/25,MotorBikeParking,Calle-Calle,http://es.dbpedia.org/resource/Calle-Calle,2014-12-02T19:00:00Z,676778.44,4613216.5,http://www.zaragoza.es/contenidos/iconos/estacionamiento_motos.png,8,
aparcamiento-moto.csv,http://www.zaragoza.es/api/recurso/urbanismo-infraestructuras/equipamiento/aparcamiento-moto/26,MotorBikeParking,Calle-Calle,http://es.dbpedia.org/resource/Calle-Calle,2014-12-02T19:00:00Z,676628.5,4613131.5,http://www.zaragoza.es/contenidos/iconos/estacionamiento_motos.png,5,
aparcamiento-moto.csv,http://www.zaragoza.es/api/recurso/urbanismo-infraestructuras/equipamiento/aparcamiento-moto/27,MotorBikeParking,Calle-Calle,http://es.dbpedia.org/resource/Calle-Calle,2014-12-02T19:00:00Z,676620.3,4613115.5,http://www.zaragoza.es/contenidos/iconos/estacionamiento_motos.png,5,
aparcamiento-moto.csv,http://www.zaragoza.es/api/recurso/urbanismo-infraestructuras/equipamiento/aparcamiento-moto/28,MotorBikeParking,Calle-Calle,http://es.dbpedia.org/resource/Calle-Calle,2014-12-02T19:00:00Z,676635.1,4613109.5,http://www.zaragoza.es/contenidos/iconos/estacionamiento_motos.png,11,
aparcamiento-moto.csv,http://www.zaragoza.es/api/recurso/urbanismo-infraestructuras/equipamiento/aparcamiento-moto/29,MotorBikeParking,Plaza de los Sitios,http://es.dbpedia.org/resource/Plaza_de_los_Sitios,2014-12-02T19:00:00Z,676641.06,4613123,http://www.zaragoza.es/contenidos/iconos/estacionamiento_motos.png,13,
aparcamiento-moto.csv,http://www.zaragoza.es/api/recurso/urbanismo-infraestructuras/equipamiento/aparcamiento-moto/30,MotorBikeParking,Calle-Calle,http://es.dbpedia.org/resource/Calle-Calle,2014-12-02T19:00:00Z,676658.1,4613205.5,http://www.zaragoza.es/contenidos/iconos/estacionamiento_motos.png,6,
aparcamiento-moto.csv,http://www.zaragoza.es/api/recurso/urbanismo-infraestructuras/equipamiento/aparcamiento-moto/31,MotorBikeParking,Calle-Calle,http://es.dbpedia.org/resource/Calle-Calle,2014-12-02T19:00:00Z,676649.75,4613188.5,http://www.zaragoza.es/contenidos/iconos/estacionamiento_motos.png,4,
aparcamiento-moto.csv,http://www.zaragoza.es/api/recurso/urbanismo-infraestructuras/equipamiento/aparcamiento-moto/32,MotorBikeParking,Calle-Calle,http://es.dbpedia.org/resource/Calle-Calle,2014-12-02T19:00:00Z,676388.8,4613104,http://www.zaragoza.es/contenidos/iconos/estacionamiento_motos.png,15,
aparcamiento-moto.csv,http://www.zaragoza.es/api/recurso/urbanismo-infraestructuras/equipamiento/aparcamiento-moto/33,MotorBikeParking,Calle-Calle,http://es.dbpedia.org/resource/Calle-Calle,2014-12-02T19:00:00Z,676677.6,4613456.5,http://www.zaragoza.es/contenidos/iconos/estacionamiento_motos.png,26,
aparcamiento-moto.csv,http://www.zaragoza.es/api/recurso/urbanismo-infraestructuras/equipamiento/aparcamiento-moto/34,MotorBikeParking,Calle-Calle,http://es.dbpedia.org/resource/Calle-Calle,2014-12-02T19:00:00Z,676761.5,4613442,http://www.zaragoza.es/contenidos/iconos/estacionamiento_motos.png,3,
aparcamiento-moto.csv,http://www.zaragoza.es/api/recurso/urbanismo-infraestructuras/equipamiento/aparcamiento-moto/35,MotorBikeParking,Calle-Calle,http://es.dbpedia.org/resource/Calle-Calle,2014-12-02T19:00:00Z,676726.1,4613358.5,http://www.zaragoza.es/contenidos/iconos/estacionamiento_motos.png,4,
aparcamiento-moto.csv,http://www.zaragoza.es/api/recurso/urbanismo-infraestructuras/equipamiento/aparcamiento-moto/36,MotorBikeParking,Calle-Calle,http://es.dbpedia.org/resource/Calle-Calle,2014-12-02T19:00:00Z,676481.6,4612503.5,http://www.zaragoza.es/contenidos/iconos/estacionamiento_motos.png,18,
aparcamiento-moto.csv,http://www.zaragoza.es/api/recurso/urbanismo-infraestructuras/equipamiento/aparcamiento-moto/37,MotorBikeParking,Paseo de la Constitucion (Zaragoza),http://es.dbpedia.org/resource/Paseo_de_la_Constitucion_(Zaragoza),2014-12-02T19:00:00Z,676339.25,4613040.5,http://www.zaragoza.es/contenidos/iconos/estacionamiento_motos.png,8,
aparcamiento-moto.csv,http://www.zaragoza.es/api/recurso/urbanismo-infraestructuras/equipamiento/aparcamiento-moto/38,MotorBikeParking,Paseo de la Constitucion (Zaragoza),http://es.dbpedia.org/resource/Paseo_de_la_Constitucion_(Zaragoza),2014-12-02T19:00:00Z,676330.25,4613037.5,http://www.zaragoza.es/contenidos/iconos/estacionamiento_motos.png,0,
aparcamiento-moto.csv,http://www.zaragoza.es/api/recurso/urbanismo-infraestructuras/equipamiento/aparcamiento-moto/39,MotorBikeParking,Calle-Calle,http://es.dbpedia.org/resource/Calle-Calle,2014-12-02T19:00:00Z,676520.94,4612503,http://www.zaragoza.es/contenidos/iconos/estacionamiento_motos.png,5,
aparcamiento-moto.csv,http://www.zaragoza.es/api/recurso/urbanismo-infraestructuras/equipamiento/aparcamiento-moto/40,MotorBikeParking,Paseo de la Constitucion (Zaragoza),http://es.dbpedia.org/resource/Paseo_de_la_Constitucion_(Zaragoza),2014-12-02T19:00:00Z,676449.25,4613053,http://www.zaragoza.es/contenidos/iconos/estacionamiento_motos.png,10,
aparcamiento-moto.csv,http://www.zaragoza.es/api/recurso/urbanismo-infraestructuras/equipamiento/aparcamiento-moto/41,MotorBikeParking,Iglesia de San Miguel de los Navarros,http://es.dbpedia.org/resource/Iglesia_de_San_Miguel_de_los_Navarros,2014-12-02T19:00:00Z,676982.2,4613322,http://www.zaragoza.es/contenidos/iconos/estacionamiento_motos.png,4,
aparcamiento-moto.csv,http://www.zaragoza.es/api/recurso/urbanismo-infraestructuras/equipamiento/aparcamiento-moto/42,MotorBikeParking,Iglesia de San Miguel de los Navarros,http://es.dbpedia.org/resource/Iglesia_de_San_Miguel_de_los_Navarros,2014-12-02T19:00:00Z,676989.06,4613301,http://www.zaragoza.es/contenidos/iconos/estacionamiento_motos.png,23,
aparcamiento-moto.csv,http://www.zaragoza.es/api/recurso/urbanismo-infraestructuras/equipamiento/aparcamiento-moto/43,MotorBikeParking,Calle-Calle,http://es.dbpedia.org/resource/Calle-Calle,2014-12-02T19:00:00Z,676990.8,4613265.5,http://www.zaragoza.es/contenidos/iconos/estacionamiento_motos.png,14,
aparcamiento-moto.csv,http://www.zaragoza.es/api/recurso/urbanismo-infraestructuras/equipamiento/aparcamiento-moto/44,MotorBikeParking,Alto Aragon,http://es.dbpedia.org/resource/Alto_Aragon,2014-12-02T19:00:00Z,677503.06,4613484,http://www.zaragoza.es/contenidos/iconos/estacionamiento_motos.png,50,
aparcamiento-moto.csv,http://www.zaragoza.es/api/recurso/urbanismo-infraestructuras/equipamiento/aparcamiento-moto/45,MotorBikeParking,Calle-Calle,http://es.dbpedia.org/resource/Calle-Calle,2014-12-02T19:00:00Z,677029.5,4613236,http://www.zaragoza.es/contenidos/iconos/estacionamiento_motos.png,10,
aparcamiento-moto.csv,http://www.zaragoza.es/api/recurso/urbanismo-infraestructuras/equipamiento/aparcamiento-moto/46,MotorBikeParking,Matadero,http://dbpedia.org/resource/Slaughterhouse,2014-12-02T19:00:00Z,677443.7,4612696.5,http://www.zaragoza.es/contenidos/iconos/estacionamiento_motos.png,5,
aparcamiento-moto.csv,http://www.zaragoza.es/api/recurso/urbanismo-infraestructuras/equipamiento/aparcamiento-moto/47,MotorBikeParking,Monasterio de Samos,http://es.dbpedia.org/resource/Monasterio_de_Samos,2014-12-02T19:00:00Z,677359.94,4612687,http://www.zaragoza.es/contenidos/iconos/estacionamiento_motos.png,3,
aparcamiento-moto.csv,http://www.zaragoza.es/api/recurso/urbanismo-infraestructuras/equipamiento/aparcamiento-moto/48,MotorBikeParking,Monasterio de Samos,http://es.dbpedia.org/resource/Monasterio_de_Samos,2014-12-02T19:00:00Z,677349,4612671.5,http://www.zaragoza.es/contenidos/iconos/estacionamiento_motos.png,4,
aparcamiento-moto.csv,http://www.zaragoza.es/api/recurso/urbanismo-infraestructuras/equipamiento/aparcamiento-moto/49,MotorBikeParking,Paseo de la Constitucion (Zaragoza),http://es.dbpedia.org/resource/Paseo_de_la_Constitucion_(Zaragoza),2014-12-02T19:00:00Z,676426.6,4613086,http://www.zaragoza.es/contenidos/iconos/estacionamiento_motos.png,10,
aparcamiento-moto.csv,http://www.zaragoza.es/api/recurso/urbanismo-infraestructuras/equipamiento/aparcamiento-moto/50,MotorBikeParking,Manuel Lorenzo Pardo,http://es.dbpedia.org/resource/Manuel_Lorenzo_Pardo,2014-12-02T19:00:00Z,676988.06,4612695,http://www.zaragoza.es/contenidos/iconos/estacionamiento_motos.png,9,
poi.csv,http://www.zaragoza.es/api/recurso/poi/contenido-459951775,Poi,Policia Nacional de España,http://es.dbpedia.org/resource/Policia_Nacional_de_España,2007-04-23T20:00:00Z,483282,5454818,,,http://www.zaragoza.es/ciudad/policia/educavial.htm
poi.csv,http://www.zaragoza.es/api/recurso/poi/edificio-262,Poi,La Libertad (La Libertad),"http://dbpedia.org/resource/La_Libertad,_La_Libertad",2011-01-31T19:00:00Z,676605.35,4613666.03,http://www.zaragoza.es/contenidos/iconos/arte.png,,http://www.zaragoza.es/ciudad/vistasciudad/detalle_Catalogo?id=262
poi.csv,http://www.zaragoza.es/api/recurso/poi/edificio-765,Poi,Contamina (Zaragoza),http://es.dbpedia.org/resource/Contamina_(Zaragoza),2012-12-19T19:00:00Z,676524.62,4613861.48,http://www.zaragoza.es/contenidos/iconos/arte.png,,http://www.zaragoza.es/ciudad/vistasciudad/detalle_Catalogo?id=765
poi.csv,http://www.zaragoza.es/api/recurso/poi/edificio-936,Poi,Hernan Cortes,http://es.dbpedia.org/resource/Hernan_Cortes,2012-12-27T19:00:00Z,675909.71,4613148.3,http://www.zaragoza.es/contenidos/iconos/arte.png,,http://www.zaragoza.es/ciudad/vistasciudad/detalle_Catalogo?id=936
poi.csv,http://www.zaragoza.es/api/recurso/poi/edificio-1114,Poi,Josefa Amar y Borbon,http://es.dbpedia.org/resource/Josefa_Amar_y_Borbon,2011-01-31T19:00:00Z,676618.22,4613415.23,http://www.zaragoza.es/contenidos/iconos/arte.png,,http://www.zaragoza.es/ciudad/vistasciudad/detalle_Catalogo?id=1114
poi.csv,http://www.zaragoza.es/api/recurso/poi/edificio-185,Poi,Calle-Calle,http://es.dbpedia.org/resource/Calle-Calle,2013-01-20T19:00:00Z,676718.85,4613001.74,http://www.zaragoza.es/contenidos/iconos/arte.png,,http://www.zaragoza.es/ciudad/vistasciudad/detalle_Catalogo?id=185
poi.csv,http://www.zaragoza.es/api/recurso/poi/edificio-1354,Poi,Juan de Aragon,http://es.dbpedia.org/resource/Juan_de_Aragon,2013-01-03T19:00:00Z,676961.01,4613747.37,http://www.zaragoza.es/contenidos/iconos/arte.png,,http://www.zaragoza.es/ciudad/vistasciudad/detalle_Catalogo?id=1354
poi.csv,http://www.zaragoza.es/api/recurso/poi/edificio-1500,Poi,Colegiata mudejar de Santa Maria del Pilar,http://es.dbpedia.org/resource/Colegiata_mudejar_de_Santa_Maria_del_Pilar,2012-12-19T19:00:00Z,674992.73,4610490.31,http://www.zaragoza.es/contenidos/iconos/arte.png,,http://www.zaragoza.es/ciudad/vistasciudad/detalle_Catalogo?id=1500
poi.csv,http://www.zaragoza.es/api/recurso/poi/edificio-26,Poi,Conde de Aranda,"http://dbpedia.org/resource/Pedro_Pablo_Abarca_de_Bolea,_10th_Count_of_Aranda",2012-12-19T19:00:00Z,676223.98,4613750.63,http://www.zaragoza.es/contenidos/iconos/arte.png,,http://www.zaragoza.es/ciudad/vistasciudad/detalle_Catalogo?id=26
poi.csv,http://www.zaragoza.es/api/recurso/poi/edificio-1182,Poi,Colegio Militar,http://es.dbpedia.org/resource/Colegio_Militar,2013-09-05T20:00:00Z,676262.04,4613287.89,http://www.zaragoza.es/contenidos/iconos/arte.png,,http://www.zaragoza.es/ciudad/vistasciudad/detalle_Catalogo?id=1182
poi.csv,http://www.zaragoza.es/api/recurso/poi/edificio-1181,Poi,Cervantes,http://es.dbpedia.org/resource/Cervantes_(serie_de_televisión),2012-12-18T19:00:00Z,676078.97,4612614.05,http://www.zaragoza.es/contenidos/iconos/arte.png,,http://www.zaragoza.es/ciudad/vistasciudad/detalle_Catalogo?id=1181
poi.csv,http://www.zaragoza.es/api/recurso/poi/edificio-235,Poi,Martires de Zaragoza,http://es.dbpedia.org/resource/Martires_de_Zaragoza,2011-01-31T19:00:00Z,676616.4,4613589.23,http://www.zaragoza.es/contenidos/iconos/arte.png,,http://www.zaragoza.es/ciudad/vistasciudad/detalle_Catalogo?id=235
poi.csv,http://www.zaragoza.es/api/recurso/poi/edificio-720,Poi,Santa Isabel (Zaragoza),http://es.dbpedia.org/resource/Santa_Isabel_(Zaragoza),2013-02-10T19:00:00Z,676550.28,4613913.82,http://www.zaragoza.es/contenidos/iconos/arte.png,,http://www.zaragoza.es/ciudad/vistasciudad/detalle_Catalogo?id=720
poi.csv,http://www.zaragoza.es/api/recurso/poi/edificio-1037,Poi,San Blas,http://dbpedia.org/resource/San_Blas,2013-02-10T19:00:00Z,669116.28,4619073.64,http://www.zaragoza.es/contenidos/iconos/arte.png,,http://www.zaragoza.es/ciudad/vistasciudad/detalle_Catalogo?id=1037
poi.csv,http://www.zaragoza.es/api/recurso/poi/edificio-901,Poi,Pabellon de Aragon de la Expo 2008,http://es.dbpedia.org/resource/Pabellon_de_Aragon_de_la_Expo_2008,2013-01-20T19:00:00Z,681510.96,4608456.98,http://www.zaragoza.es/contenidos/iconos/arte.png,,http://www.zaragoza.es/ciudad/vistasciudad/detalle_Catalogo?id=901
poi.csv,http://www.zaragoza.es/api/recurso/poi/edificio-84,Poi,Alfonso I de Aragón,http://es.dbpedia.org/resource/Alfonso_I_de_Aragón,2011-01-31T19:00:00Z,676556.84,4613757.51,http://www.zaragoza.es/contenidos/iconos/arte.png,,http://www.zaragoza.es/ciudad/vistasciudad/detalle_Catalogo?id=84
poi.csv,http://www.zaragoza.es/api/recurso/poi/edificio-850,Poi,Casa romana de la calle Añon de Zaragoza,http://es.dbpedia.org/resource/Casa_romana_de_la_calle_Añon_de_Zaragoza,2013-01-20T19:00:00Z,677194.07,4613372.44,http://www.zaragoza.es/contenidos/iconos/arte.png,,http://www.zaragoza.es/ciudad/vistasciudad/detalle_Catalogo?id=850
poi.csv,http://www.zaragoza.es/api/recurso/poi/edificio-918,Poi,Iglesia de San Lorenzo,http://dbpedia.org/resource/St._Laurence's_Church,2012-12-27T19:00:00Z,664325.51,4616761.26,http://www.zaragoza.es/contenidos/iconos/arte.png,,http://www.zaragoza.es/ciudad/vistasciudad/detalle_Catalogo?id=918
poi.csv,http://www.zaragoza.es/api/recurso/poi/edificio-840,Poi,San Vicente de Paul,http://es.dbpedia.org/resource/San_Vicente_de_Paul,2013-02-10T19:00:00Z,676888.49,4613423.61,http://www.zaragoza.es/contenidos/iconos/arte.png,,http://www.zaragoza.es/ciudad/vistasciudad/detalle_Catalogo?id=840
poi.csv,http://www.zaragoza.es/api/recurso/poi/edificio-1186,Poi,Persona,http://dbpedia.org/resource/Person,2013-01-03T19:00:00Z,675540.79,4613615.5,http://www.zaragoza.es/contenidos/iconos/arte.png,,http://www.zaragoza.es/ciudad/vistasciudad/detalle_Catalogo?id=1186
poi.csv,http://www.zaragoza.es/api/recurso/poi/edificio-1006,Poi,Coso (Zaragoza),http://es.dbpedia.org/resource/Coso_(Zaragoza),2012-12-19T19:00:00Z,676369.91,4613700.69,http://www.zaragoza.es/contenidos/iconos/arte.png,,http://www.zaragoza.es/ciudad/vistasciudad/detalle_Catalogo?id=1006
poi.csv,http://www.zaragoza.es/api/recurso/poi/edificio-937,Poi,Santa Hermandad,http://es.dbpedia.org/resource/Santa_Hermandad,2013-02-10T19:00:00Z,675601.18,4613398.53,http://www.zaragoza.es/contenidos/iconos/arte.png,,http://www.zaragoza.es/ciudad/vistasciudad/detalle_Catalogo?id=937
poi.csv,http://www.zaragoza.es/api/recurso/poi/edificio-625,Poi,Arquitectura mudejar de Aragon,http://es.dbpedia.org/resource/Arquitectura_mudejar_de_Aragon,2011-01-31T19:00:00Z,677043,4613780.57,http://www.zaragoza.es/contenidos/iconos/arte.png,,http://www.zaragoza.es/ciudad/vistasciudad/detalle_Catalogo?id=625
poi.csv,http://www.zaragoza.es/api/recurso/poi/edificio-630,Poi,Plaza de España (Zaragoza),http://es.dbpedia.org/resource/Plaza_de_España_(Zaragoza),2013-01-22T19:00:00Z,676569.38,4613471.53,http://www.zaragoza.es/contenidos/iconos/arte.png,,http://www.zaragoza.es/ciudad/vistasciudad/detalle_Catalogo?id=630
poi.csv,http://www.zaragoza.es/api/recurso/poi/edificio-941,Poi,Baltasar Gracian,http://es.dbpedia.org/resource/Baltasar_Gracian,2011-01-31T19:00:00Z,675577.15,4612606.24,http://www.zaragoza.es/contenidos/iconos/arte.png,,http://www.zaragoza.es/ciudad/vistasciudad/detalle_Catalogo?id=941
poi.csv,http://www.zaragoza.es/api/recurso/poi/edificio-356,Poi,Lascellas-Ponzano (Huesca),http://es.dbpedia.org/resource/Lascellas-Ponzano_(Huesca),2013-01-20T19:00:00Z,676232.39,4613195.45,http://www.zaragoza.es/contenidos/iconos/arte.png,,http://www.zaragoza.es/ciudad/vistasciudad/detalle_Catalogo?id=356
poi.csv,http://www.zaragoza.es/api/recurso/poi/edificio-1285,Poi,Teniente coronel Valenzuela,http://es.dbpedia.org/resource/Teniente_coronel_Valenzuela,2013-04-24T20:00:00Z,676368.6,4613569.22,http://www.zaragoza.es/contenidos/iconos/arte.png,,http://www.zaragoza.es/ciudad/vistasciudad/detalle_Catalogo?id=1285
poi.csv,http://www.zaragoza.es/api/recurso/poi/edificio-370,Poi,Horno,http://dbpedia.org/resource/Oven,2012-12-27T19:00:00Z,677053.14,4614328.8,http://www.zaragoza.es/contenidos/iconos/arte.png,,http://www.zaragoza.es/ciudad/vistasciudad/detalle_Catalogo?id=370
poi.csv,http://www.zaragoza.es/api/recurso/poi/edificio-927,Poi,Iglesia Nuestra Señora del Rosario (Vela),http://es.dbpedia.org/resource/Iglesia_Nuestra_Señora_del_Rosario_(Vela),2012-12-27T19:00:00Z,681124.78,4617246.91,http://www.zaragoza.es/contenidos/iconos/arte.png,,http://www.zaragoza.es/ciudad/vistasciudad/detalle_Catalogo?id=927
poi.csv,http://www.zaragoza.es/api/recurso/poi/edificio-266,Poi,Calle Don Jaime I (Zaragoza),http://es.dbpedia.org/resource/Calle_Don_Jaime_I_(Zaragoza),2011-01-31T19:00:00Z,676690.36,4613587.39,http://www.zaragoza.es/contenidos/iconos/arte.png,,http://www.zaragoza.es/ciudad/vistasciudad/detalle_Catalogo?id=266
poi.csv,http://www.zaragoza.es/api/recurso/poi/edificio-490,Poi,Blason,http://es.dbpedia.org/resource/Blason,2011-01-31T19:00:00Z,676536.88,4613676.11,http://www.zaragoza.es/contenidos/iconos/arte.png,,http://www.zaragoza.es/ciudad/vistasciudad/detalle_Catalogo?id=490
poi.csv,http://www.zaragoza.es/api/recurso/poi/edificio-916,Poi,Residencia de ancianos,http://es.dbpedia.org/resource/Residencia_de_ancianos,2011-01-31T19:00:00Z,664188.52,4620650.1,http://www.zaragoza.es/contenidos/iconos/arte.png,,http://www.zaragoza.es/ciudad/vistasciudad/detalle_Catalogo?id=916
poi.csv,http://www.zaragoza.es/api/recurso/poi/edificio-1454,Poi,Prudencio,http://dbpedia.org/resource/Prudentius,2011-01-31T19:00:00Z,676514.82,4614018.16,http://www.zaragoza.es/contenidos/iconos/arte.png,,http://www.zaragoza.es/ciudad/vistasciudad/detalle_Catalogo?id=1454
poi.csv,http://www.zaragoza.es/api/recurso/poi/edificio-250,Poi,Prudencio,http://dbpedia.org/resource/Prudentius,2013-01-21T19:00:00Z,676514.82,4614018.16,http://www.zaragoza.es/contenidos/iconos/arte.png,,http://www.zaragoza.es/ciudad/vistasciudad/detalle_Catalogo?id=250
poi.csv,http://www.zaragoza.es/api/recurso/poi/edificio-308,Poi,Real Seminario de San Carlos Borromeo,http://es.dbpedia.org/resource/Real_Seminario_de_San_Carlos_Borromeo,2013-09-17T20:00:00Z,676991.17,4613464.36,http://www.zaragoza.es/contenidos/iconos/arte.png,,http://www.zaragoza.es/ciudad/vistasciudad/detalle_Catalogo?id=308
poi.csv,http://www.zaragoza.es/api/recurso/poi/edificio-309,Poi,San Jorge y el Dragón,http://dbpedia.org/resource/Saint_George_and_the_Dragon_(disambiguation),2013-02-10T19:00:00Z,676827.44,4613620.35,http://www.zaragoza.es/contenidos/iconos/arte.png,,http://www.zaragoza.es/ciudad/vistasciudad/detalle_Catalogo?id=309
poi.csv,http://www.zaragoza.es/api/recurso/poi/edificio-454,Poi,Santa Isabel (Zaragoza),http://es.dbpedia.org/resource/Santa_Isabel_(Zaragoza),2013-02-10T19:00:00Z,676544.55,4613919.83,http://www.zaragoza.es/contenidos/iconos/arte.png,,http://www.zaragoza.es/ciudad/vistasciudad/detalle_Catalogo?id=454
poi.csv,http://www.zaragoza.es/api/recurso/poi/edificio-593,Poi,Palacio Arzobispal de Zaragoza,http://es.dbpedia.org/resource/Palacio_Arzobispal_de_Zaragoza,2013-01-20T19:00:00Z,676984.82,4613895.88,http://www.zaragoza.es/contenidos/iconos/arte.png,,http://www.zaragoza.es/ciudad/vistasciudad/detalle_Catalogo?id=593
poi.csv,http://www.zaragoza.es/api/recurso/poi/edificio-544,Poi,Cadiz (Cadiz),http://es.dbpedia.org/resource/Cadiz_(Cadiz),2012-12-26T19:00:00Z,676337.59,4613384.02,http://www.zaragoza.es/contenidos/iconos/arte.png,,http://www.zaragoza.es/ciudad/vistasciudad/detalle_Catalogo?id=544
poi.csv,http://www.zaragoza.es/api/recurso/poi/edificio-41,Poi,Jose Palafox,http://es.dbpedia.org/resource/Jose_Palafox,2013-01-03T19:00:00Z,677116.5,4613742.46,http://www.zaragoza.es/contenidos/iconos/arte.png,,http://www.zaragoza.es/ciudad/vistasciudad/detalle_Catalogo?id=41
poi.csv,http://www.zaragoza.es/api/recurso/poi/edificio-1229,Poi,Francisco Caballero y Rozas,http://es.dbpedia.org/resource/Francisco_Caballero_y_Rozas,2011-01-31T19:00:00Z,675401.04,4612072.36,http://www.zaragoza.es/contenidos/iconos/arte.png,,http://www.zaragoza.es/ciudad/vistasciudad/detalle_Catalogo?id=1229
poi.csv,http://www.zaragoza.es/api/recurso/poi/edificio-254,Poi,Ramon y Cajal,http://es.dbpedia.org/resource/Ramon_y_Cajal,2013-02-10T19:00:00Z,676138.6,4613751.49,http://www.zaragoza.es/contenidos/iconos/arte.png,,http://www.zaragoza.es/ciudad/vistasciudad/detalle_Catalogo?id=254
poi.csv,http://www.zaragoza.es/api/recurso/poi/edificio-1231,Poi,Francisco Caballero y Rozas,http://es.dbpedia.org/resource/Francisco_Caballero_y_Rozas,2012-12-27T19:00:00Z,675379.24,4612039.37,http://www.zaragoza.es/contenidos/iconos/arte.png,,http://www.zaragoza.es/ciudad/vistasciudad/detalle_Catalogo?id=1231
poi.csv,http://www.zaragoza.es/api/recurso/poi/edificio-363,Poi,Calle-Calle,http://es.dbpedia.org/resource/Calle-Calle,2013-01-03T19:00:00Z,676603.94,4613306.78,http://www.zaragoza.es/contenidos/iconos/arte.png,,http://www.zaragoza.es/ciudad/vistasciudad/detalle_Catalogo?id=363
poi.csv,http://www.zaragoza.es/api/recurso/poi/edificio-1108,Poi,Alfonso I de Aragón,http://es.dbpedia.org/resource/Alfonso_I_de_Aragón,2011-01-31T19:00:00Z,676534.85,4613725.44,http://www.zaragoza.es/contenidos/iconos/arte.png,,http://www.zaragoza.es/ciudad/vistasciudad/detalle_Catalogo?id=1108
poi.csv,http://www.zaragoza.es/api/recurso/poi/edificio-1380,Poi,La Española,http://dbpedia.org/resource/Hispaniola,2012-12-27T19:00:00Z,676534.85,4613725.44,http://www.zaragoza.es/contenidos/iconos/arte.png,,http://www.zaragoza.es/ciudad/vistasciudad/detalle_Catalogo?id=1380
poi.csv,http://www.zaragoza.es/api/recurso/poi/edificio-1379,Poi,Luis Martin,http://es.dbpedia.org/resource/Luis_Martin,2011-01-31T19:00:00Z,676534.85,4613725.44,http://www.zaragoza.es/contenidos/iconos/arte.png,,http://www.zaragoza.es/ciudad/vistasciudad/detalle_Catalogo?id=1379
poi.csv,http://www.zaragoza.es/api/recurso/poi/edificio-849,Poi,Casa romana de la calle Añon de Zaragoza,http://es.dbpedia.org/resource/Casa_romana_de_la_calle_Añon_de_Zaragoza,2013-01-20T19:00:00Z,677187.74,4613376.41,http://www.zaragoza.es/contenidos/iconos/arte.png,,http://www.zaragoza.es/ciudad/vistasciudad/detalle_Catalogo?id=849
poi.csv,http://www.zaragoza.es/api/recurso/poi/edificio-574,Poi,Castejón de las Armas (Zaragoza),http://es.dbpedia.org/resource/Castejón_de_las_Armas_(Zaragoza),2011-01-31T19:00:00Z,676333.72,4613997.41,http://www.zaragoza.es/contenidos/iconos/arte.png,,http://www.zaragoza.es/ciudad/vistasciudad/detalle_Catalogo?id=574
