File,id,type,type URI from DBpedia,description,description URI from DBpedia,lastUpdated,geometry,icon,parkingBay,link
aparcamiento-accesos.csv,http://www.zaragoza.es/api/recurso/urbanismo-infraestructuras/equipamiento/aparcamiento-accesos/1,Vehículos,http://es.dbpedia.org/resource/Vehículos,Plaza del Pilar (Zaragoza),http://es.dbpedia.org/resource/Plaza_del_Pilar_(Zaragoza),2013-04-09T20:00:00Z,676551.94 4614112.0,http://www.zaragoza.es/contenidos/iconos/aparcamientos.png,,
aparcamiento-accesos.csv,http://www.zaragoza.es/api/recurso/urbanismo-infraestructuras/equipamiento/aparcamiento-accesos/2,Calle peatonal,http://es.dbpedia.org/resource/Calle_peatonal,Plaza del Pilar (Zaragoza),http://es.dbpedia.org/resource/Plaza_del_Pilar_(Zaragoza),2013-04-09T20:00:00Z,676615.8 4614043.5,http://www.zaragoza.es/contenidos/iconos/aparcamientos.png,,
aparcamiento-accesos.csv,http://www.zaragoza.es/api/recurso/urbanismo-infraestructuras/equipamiento/aparcamiento-accesos/3,Vehículos,http://es.dbpedia.org/resource/Vehículos,Ayuntamiento de Zaragoza,http://es.dbpedia.org/resource/Ayuntamiento_de_Zaragoza,2013-04-09T20:00:00Z,676815.8 4614011.0,http://www.zaragoza.es/contenidos/iconos/aparcamientos.png,,
aparcamiento-accesos.csv,http://www.zaragoza.es/api/recurso/urbanismo-infraestructuras/equipamiento/aparcamiento-accesos/4,Calle peatonal,http://es.dbpedia.org/resource/Calle_peatonal,Ayuntamiento de Zaragoza,http://es.dbpedia.org/resource/Ayuntamiento_de_Zaragoza,2013-04-09T20:00:00Z,676844.1 4613934.5,http://www.zaragoza.es/contenidos/iconos/aparcamientos.png,,
aparcamiento-accesos.csv,http://www.zaragoza.es/api/recurso/urbanismo-infraestructuras/equipamiento/aparcamiento-accesos/5,Calle peatonal,http://es.dbpedia.org/resource/Calle_peatonal,Ayuntamiento de Zaragoza,http://es.dbpedia.org/resource/Ayuntamiento_de_Zaragoza,2013-04-09T20:00:00Z,676784.1 4613940.5,http://www.zaragoza.es/contenidos/iconos/aparcamientos.png,,
aparcamiento-accesos.csv,http://www.zaragoza.es/api/recurso/urbanismo-infraestructuras/equipamiento/aparcamiento-accesos/6,Vehículos,http://es.dbpedia.org/resource/Vehículos,Avenida de César Augusto (Zaragoza),http://es.dbpedia.org/resource/Avenida_de_César_Augusto_(Zaragoza),2013-04-09T20:00:00Z,676293.0 4613774.0,http://www.zaragoza.es/contenidos/iconos/aparcamientos.png,,
aparcamiento-accesos.csv,http://www.zaragoza.es/api/recurso/urbanismo-infraestructuras/equipamiento/aparcamiento-accesos/7,Calle peatonal,http://es.dbpedia.org/resource/Calle_peatonal,Avenida de César Augusto (Zaragoza),http://es.dbpedia.org/resource/Avenida_de_César_Augusto_(Zaragoza),2013-04-09T20:00:00Z,676269.5 4613820.0,http://www.zaragoza.es/contenidos/iconos/aparcamientos.png,,
aparcamiento-accesos.csv,http://www.zaragoza.es/api/recurso/urbanismo-infraestructuras/equipamiento/aparcamiento-accesos/8,Calle peatonal,http://es.dbpedia.org/resource/Calle_peatonal,Avenida de César Augusto (Zaragoza),http://es.dbpedia.org/resource/Avenida_de_César_Augusto_(Zaragoza),2013-04-09T20:00:00Z,676330.3 4613892.5,http://www.zaragoza.es/contenidos/iconos/aparcamientos.png,,
aparcamiento-accesos.csv,http://www.zaragoza.es/api/recurso/urbanismo-infraestructuras/equipamiento/aparcamiento-accesos/9,Vehículos,http://es.dbpedia.org/resource/Vehículos,Calle-Calle,http://es.dbpedia.org/resource/Calle-Calle,2013-04-09T20:00:00Z,676348.94 4613579.0,http://www.zaragoza.es/contenidos/iconos/aparcamientos.png,,
aparcamiento-accesos.csv,http://www.zaragoza.es/api/recurso/urbanismo-infraestructuras/equipamiento/aparcamiento-accesos/10,Vehículos,http://es.dbpedia.org/resource/Vehículos,Calle-Calle,http://es.dbpedia.org/resource/Calle-Calle,2013-04-09T20:00:00Z,676255.7 4613541.0,http://www.zaragoza.es/contenidos/iconos/aparcamientos.png,,
aparcamiento-accesos.csv,http://www.zaragoza.es/api/recurso/urbanismo-infraestructuras/equipamiento/aparcamiento-accesos/11,Calle peatonal,http://es.dbpedia.org/resource/Calle_peatonal,Calle-Calle,http://es.dbpedia.org/resource/Calle-Calle,2013-04-09T20:00:00Z,676336.44 4613567.5,http://www.zaragoza.es/contenidos/iconos/aparcamientos.png,,
aparcamiento-accesos.csv,http://www.zaragoza.es/api/recurso/urbanismo-infraestructuras/equipamiento/aparcamiento-accesos/12,Calle peatonal,http://es.dbpedia.org/resource/Calle_peatonal,Calle-Calle,http://es.dbpedia.org/resource/Calle-Calle,2013-04-09T20:00:00Z,676260.0 4613560.5,http://www.zaragoza.es/contenidos/iconos/aparcamientos.png,,
aparcamiento-accesos.csv,http://www.zaragoza.es/api/recurso/urbanismo-infraestructuras/equipamiento/aparcamiento-accesos/13,Calle peatonal,http://es.dbpedia.org/resource/Calle_peatonal,Calle-Calle,http://es.dbpedia.org/resource/Calle-Calle,2013-04-09T20:00:00Z,676270.1 4613529.0,http://www.zaragoza.es/contenidos/iconos/aparcamientos.png,,
aparcamiento-accesos.csv,http://www.zaragoza.es/api/recurso/urbanismo-infraestructuras/equipamiento/aparcamiento-accesos/14,Vehículos,http://es.dbpedia.org/resource/Vehículos,Calle-Calle,http://es.dbpedia.org/resource/Calle-Calle,2013-04-09T20:00:00Z,674994.9 4611819.5,http://www.zaragoza.es/contenidos/iconos/aparcamientos.png,,
aparcamiento-accesos.csv,http://www.zaragoza.es/api/recurso/urbanismo-infraestructuras/equipamiento/aparcamiento-accesos/15,Vehículos,http://es.dbpedia.org/resource/Vehículos,Calle-Calle,http://es.dbpedia.org/resource/Calle-Calle,2013-04-09T20:00:00Z,675043.94 4611929.5,http://www.zaragoza.es/contenidos/iconos/aparcamientos.png,,
aparcamiento-accesos.csv,http://www.zaragoza.es/api/recurso/urbanismo-infraestructuras/equipamiento/aparcamiento-accesos/16,Calle peatonal,http://es.dbpedia.org/resource/Calle_peatonal,Calle-Calle,http://es.dbpedia.org/resource/Calle-Calle,2013-04-09T20:00:00Z,675041.44 4611848.0,http://www.zaragoza.es/contenidos/iconos/aparcamientos.png,,
aparcamiento-accesos.csv,http://www.zaragoza.es/api/recurso/urbanismo-infraestructuras/equipamiento/aparcamiento-accesos/17,Calle peatonal,http://es.dbpedia.org/resource/Calle_peatonal,Calle-Calle,http://es.dbpedia.org/resource/Calle-Calle,2013-04-09T20:00:00Z,675035.44 4611923.5,http://www.zaragoza.es/contenidos/iconos/aparcamientos.png,,
aparcamiento-accesos.csv,http://www.zaragoza.es/api/recurso/urbanismo-infraestructuras/equipamiento/aparcamiento-accesos/18,Vehículos,http://es.dbpedia.org/resource/Vehículos,Palacio de Villahermosa (Zaragoza),http://es.dbpedia.org/resource/Palacio_de_Villahermosa_(Zaragoza),2013-04-09T20:00:00Z,674424.5 4612885.5,http://www.zaragoza.es/contenidos/iconos/aparcamientos.png,,
aparcamiento-accesos.csv,http://www.zaragoza.es/api/recurso/urbanismo-infraestructuras/equipamiento/aparcamiento-accesos/19,Calle peatonal,http://es.dbpedia.org/resource/Calle_peatonal,Palacio de Villahermosa (Zaragoza),http://es.dbpedia.org/resource/Palacio_de_Villahermosa_(Zaragoza),2013-04-09T20:00:00Z,674362.44 4612976.5,http://www.zaragoza.es/contenidos/iconos/aparcamientos.png,,
aparcamiento-accesos.csv,http://www.zaragoza.es/api/recurso/urbanismo-infraestructuras/equipamiento/aparcamiento-accesos/20,Vehículos,http://es.dbpedia.org/resource/Vehículos,Seminario,http://es.dbpedia.org/resource/Seminario,2013-04-09T20:00:00Z,674101.7 4611590.0,http://www.zaragoza.es/contenidos/iconos/aparcamientos.png,,
aparcamiento-accesos.csv,http://www.zaragoza.es/api/recurso/urbanismo-infraestructuras/equipamiento/aparcamiento-accesos/21,Calle peatonal,http://es.dbpedia.org/resource/Calle_peatonal,Seminario,http://es.dbpedia.org/resource/Seminario,2013-04-09T20:00:00Z,674106.6 4611597.0,http://www.zaragoza.es/contenidos/iconos/aparcamientos.png,,
aparcamiento-accesos.csv,http://www.zaragoza.es/api/recurso/urbanismo-infraestructuras/equipamiento/aparcamiento-accesos/22,Vehículos,http://es.dbpedia.org/resource/Vehículos,Hospital Clínico (Zaragoza),http://es.dbpedia.org/resource/Hospital_Clínico_(Zaragoza),2013-04-09T20:00:00Z,674782.44 4612593.5,http://www.zaragoza.es/contenidos/iconos/aparcamientos.png,,
aparcamiento-accesos.csv,http://www.zaragoza.es/api/recurso/urbanismo-infraestructuras/equipamiento/aparcamiento-accesos/23,Calle peatonal,http://es.dbpedia.org/resource/Calle_peatonal,Hospital Clínico (Zaragoza),http://es.dbpedia.org/resource/Hospital_Clínico_(Zaragoza),2013-04-09T20:00:00Z,674785.4 4612588.0,http://www.zaragoza.es/contenidos/iconos/aparcamientos.png,,
aparcamiento-accesos.csv,http://www.zaragoza.es/api/recurso/urbanismo-infraestructuras/equipamiento/aparcamiento-accesos/24,Vehículos,http://es.dbpedia.org/resource/Vehículos,Hospital Clínico (Zaragoza),http://es.dbpedia.org/resource/Hospital_Clínico_(Zaragoza),2013-04-09T20:00:00Z,674750.0 4612437.5,http://www.zaragoza.es/contenidos/iconos/aparcamientos.png,,
aparcamiento-accesos.csv,http://www.zaragoza.es/api/recurso/urbanismo-infraestructuras/equipamiento/aparcamiento-accesos/25,Calle peatonal,http://es.dbpedia.org/resource/Calle_peatonal,Hospital Clínico (Zaragoza),http://es.dbpedia.org/resource/Hospital_Clínico_(Zaragoza),2013-04-09T20:00:00Z,674755.94 4612424.5,http://www.zaragoza.es/contenidos/iconos/aparcamientos.png,,
aparcamiento-moto.csv,http://www.zaragoza.es/api/recurso/urbanismo-infraestructuras/equipamiento/aparcamiento-moto/1,Motocicleta,http://dbpedia.org/resource/Motorcycle,Bilbao,http://dbpedia.org/resource/Bilbao,2014-12-02T19:00:00Z,676200.75 4613253.5,http://www.zaragoza.es/contenidos/iconos/estacionamiento_motos.png,15,
aparcamiento-moto.csv,http://www.zaragoza.es/api/recurso/urbanismo-infraestructuras/equipamiento/aparcamiento-moto/2,Motocicleta,http://dbpedia.org/resource/Motorcycle,Calle-Calle,http://es.dbpedia.org/resource/Calle-Calle,2014-12-02T19:00:00Z,676310.9 4613259.5,http://www.zaragoza.es/contenidos/iconos/estacionamiento_motos.png,18,
aparcamiento-moto.csv,http://www.zaragoza.es/api/recurso/urbanismo-infraestructuras/equipamiento/aparcamiento-moto/3,Motocicleta,http://dbpedia.org/resource/Motorcycle,San Pedro Nolasco,http://es.dbpedia.org/resource/San_Pedro_Nolasco,2014-12-02T19:00:00Z,676907.94 4613590.0,http://www.zaragoza.es/contenidos/iconos/estacionamiento_motos.png,23,
aparcamiento-moto.csv,http://www.zaragoza.es/api/recurso/urbanismo-infraestructuras/equipamiento/aparcamiento-moto/4,Motocicleta,http://dbpedia.org/resource/Motorcycle,Teatro romano de Zaragoza,http://es.dbpedia.org/resource/Teatro_romano_de_Zaragoza,2014-12-02T19:00:00Z,676846.7 4613489.5,http://www.zaragoza.es/contenidos/iconos/estacionamiento_motos.png,11,
aparcamiento-moto.csv,http://www.zaragoza.es/api/recurso/urbanismo-infraestructuras/equipamiento/aparcamiento-moto/5,Motocicleta,http://dbpedia.org/resource/Motorcycle,Teatro romano de Zaragoza,http://es.dbpedia.org/resource/Teatro_romano_de_Zaragoza,2014-12-02T19:00:00Z,676840.56 4613469.0,http://www.zaragoza.es/contenidos/iconos/estacionamiento_motos.png,2,
aparcamiento-moto.csv,http://www.zaragoza.es/api/recurso/urbanismo-infraestructuras/equipamiento/aparcamiento-moto/6,Motocicleta,http://dbpedia.org/resource/Motorcycle,Coso (Zaragoza),http://es.dbpedia.org/resource/Coso_(Zaragoza),2014-12-02T19:00:00Z,676951.0 4613389.0,http://www.zaragoza.es/contenidos/iconos/estacionamiento_motos.png,15,
aparcamiento-moto.csv,http://www.zaragoza.es/api/recurso/urbanismo-infraestructuras/equipamiento/aparcamiento-moto/7,Motocicleta,http://dbpedia.org/resource/Motorcycle,Basílica de Santa Engracia (Zaragoza),http://es.dbpedia.org/resource/Basílica_de_Santa_Engracia_(Zaragoza),2014-12-02T19:00:00Z,676374.94 4613215.5,http://www.zaragoza.es/contenidos/iconos/estacionamiento_motos.png,10,
aparcamiento-moto.csv,http://www.zaragoza.es/api/recurso/urbanismo-infraestructuras/equipamiento/aparcamiento-moto/8,Motocicleta,http://dbpedia.org/resource/Motorcycle,Calle-Calle,http://es.dbpedia.org/resource/Calle-Calle,2014-12-02T19:00:00Z,676503.6 4613185.5,http://www.zaragoza.es/contenidos/iconos/estacionamiento_motos.png,11,
aparcamiento-moto.csv,http://www.zaragoza.es/api/recurso/urbanismo-infraestructuras/equipamiento/aparcamiento-moto/9,Motocicleta,http://dbpedia.org/resource/Motorcycle,Calle-Calle,http://es.dbpedia.org/resource/Calle-Calle,2014-12-02T19:00:00Z,676495.44 4613170.0,http://www.zaragoza.es/contenidos/iconos/estacionamiento_motos.png,9,
aparcamiento-moto.csv,http://www.zaragoza.es/api/recurso/urbanismo-infraestructuras/equipamiento/aparcamiento-moto/10,Motocicleta,http://dbpedia.org/resource/Motorcycle,Calle-Calle,http://es.dbpedia.org/resource/Calle-Calle,2014-12-02T19:00:00Z,676510.5 4613161.5,http://www.zaragoza.es/contenidos/iconos/estacionamiento_motos.png,10,
aparcamiento-moto.csv,http://www.zaragoza.es/api/recurso/urbanismo-infraestructuras/equipamiento/aparcamiento-moto/11,Motocicleta,http://dbpedia.org/resource/Motorcycle,Calle-Calle,http://es.dbpedia.org/resource/Calle-Calle,2014-12-02T19:00:00Z,676534.44 4613257.0,http://www.zaragoza.es/contenidos/iconos/estacionamiento_motos.png,5,
aparcamiento-moto.csv,http://www.zaragoza.es/api/recurso/urbanismo-infraestructuras/equipamiento/aparcamiento-moto/12,Motocicleta,http://dbpedia.org/resource/Motorcycle,Calle-Calle,http://es.dbpedia.org/resource/Calle-Calle,2014-12-02T19:00:00Z,676425.4 4613285.5,http://www.zaragoza.es/contenidos/iconos/estacionamiento_motos.png,15,
aparcamiento-moto.csv,http://www.zaragoza.es/api/recurso/urbanismo-infraestructuras/equipamiento/aparcamiento-moto/13,Motocicleta,http://dbpedia.org/resource/Motorcycle,Calle-Calle,http://es.dbpedia.org/resource/Calle-Calle,2014-12-02T19:00:00Z,676461.7 4613337.0,http://www.zaragoza.es/contenidos/iconos/estacionamiento_motos.png,7,
aparcamiento-moto.csv,http://www.zaragoza.es/api/recurso/urbanismo-infraestructuras/equipamiento/aparcamiento-moto/14,Motocicleta,http://dbpedia.org/resource/Motorcycle,Calle-Calle,http://es.dbpedia.org/resource/Calle-Calle,2014-12-02T19:00:00Z,676459.44 4613331.5,http://www.zaragoza.es/contenidos/iconos/estacionamiento_motos.png,16,
aparcamiento-moto.csv,http://www.zaragoza.es/api/recurso/urbanismo-infraestructuras/equipamiento/aparcamiento-moto/15,Motocicleta,http://dbpedia.org/resource/Motorcycle,Calle-Calle,http://es.dbpedia.org/resource/Calle-Calle,2014-12-02T19:00:00Z,676569.6 4613303.5,http://www.zaragoza.es/contenidos/iconos/estacionamiento_motos.png,6,
aparcamiento-moto.csv,http://www.zaragoza.es/api/recurso/urbanismo-infraestructuras/equipamiento/aparcamiento-moto/16,Motocicleta,http://dbpedia.org/resource/Motorcycle,Calle-Calle,http://es.dbpedia.org/resource/Calle-Calle,2014-12-02T19:00:00Z,676555.56 4613308.0,http://www.zaragoza.es/contenidos/iconos/estacionamiento_motos.png,5,
aparcamiento-moto.csv,http://www.zaragoza.es/api/recurso/urbanismo-infraestructuras/equipamiento/aparcamiento-moto/17,Motocicleta,http://dbpedia.org/resource/Motorcycle,Calle-Calle,http://es.dbpedia.org/resource/Calle-Calle,2014-12-02T19:00:00Z,676575.7 4613317.5,http://www.zaragoza.es/contenidos/iconos/estacionamiento_motos.png,5,
aparcamiento-moto.csv,http://www.zaragoza.es/api/recurso/urbanismo-infraestructuras/equipamiento/aparcamiento-moto/18,Motocicleta,http://dbpedia.org/resource/Motorcycle,Calle-Calle,http://es.dbpedia.org/resource/Calle-Calle,2014-12-02T19:00:00Z,676565.44 4613320.0,http://www.zaragoza.es/contenidos/iconos/estacionamiento_motos.png,11,
aparcamiento-moto.csv,http://www.zaragoza.es/api/recurso/urbanismo-infraestructuras/equipamiento/aparcamiento-moto/19,Motocicleta,http://dbpedia.org/resource/Motorcycle,Plaza de los Sitios,http://es.dbpedia.org/resource/Plaza_de_los_Sitios,2014-12-02T19:00:00Z,676687.3 4613270.5,http://www.zaragoza.es/contenidos/iconos/estacionamiento_motos.png,11,
aparcamiento-moto.csv,http://www.zaragoza.es/api/recurso/urbanismo-infraestructuras/equipamiento/aparcamiento-moto/20,Motocicleta,http://dbpedia.org/resource/Motorcycle,Plaza de los Sitios,http://es.dbpedia.org/resource/Plaza_de_los_Sitios,2014-12-02T19:00:00Z,676680.44 4613258.5,http://www.zaragoza.es/contenidos/iconos/estacionamiento_motos.png,6,
aparcamiento-moto.csv,http://www.zaragoza.es/api/recurso/urbanismo-infraestructuras/equipamiento/aparcamiento-moto/21,Motocicleta,http://dbpedia.org/resource/Motorcycle,Plaza de los Sitios,http://es.dbpedia.org/resource/Plaza_de_los_Sitios,2014-12-02T19:00:00Z,676693.2 4613250.5,http://www.zaragoza.es/contenidos/iconos/estacionamiento_motos.png,6,
aparcamiento-moto.csv,http://www.zaragoza.es/api/recurso/urbanismo-infraestructuras/equipamiento/aparcamiento-moto/22,Motocicleta,http://dbpedia.org/resource/Motorcycle,Plaza de los Sitios,http://es.dbpedia.org/resource/Plaza_de_los_Sitios,2014-12-02T19:00:00Z,676700.25 4613266.0,http://www.zaragoza.es/contenidos/iconos/estacionamiento_motos.png,11,
aparcamiento-moto.csv,http://www.zaragoza.es/api/recurso/urbanismo-infraestructuras/equipamiento/aparcamiento-moto/23,Motocicleta,http://dbpedia.org/resource/Motorcycle,Calle-Calle,http://es.dbpedia.org/resource/Calle-Calle,2014-12-02T19:00:00Z,676784.0 4613231.0,http://www.zaragoza.es/contenidos/iconos/estacionamiento_motos.png,6,
aparcamiento-moto.csv,http://www.zaragoza.es/api/recurso/urbanismo-infraestructuras/equipamiento/aparcamiento-moto/24,Motocicleta,http://dbpedia.org/resource/Motorcycle,Plaza de los Sitios,http://es.dbpedia.org/resource/Plaza_de_los_Sitios,2014-12-02T19:00:00Z,676766.3 4613221.0,http://www.zaragoza.es/contenidos/iconos/estacionamiento_motos.png,8,
aparcamiento-moto.csv,http://www.zaragoza.es/api/recurso/urbanismo-infraestructuras/equipamiento/aparcamiento-moto/25,Motocicleta,http://dbpedia.org/resource/Motorcycle,Calle-Calle,http://es.dbpedia.org/resource/Calle-Calle,2014-12-02T19:00:00Z,676778.44 4613216.5,http://www.zaragoza.es/contenidos/iconos/estacionamiento_motos.png,8,
aparcamiento-moto.csv,http://www.zaragoza.es/api/recurso/urbanismo-infraestructuras/equipamiento/aparcamiento-moto/26,Motocicleta,http://dbpedia.org/resource/Motorcycle,Calle-Calle,http://es.dbpedia.org/resource/Calle-Calle,2014-12-02T19:00:00Z,676628.5 4613131.5,http://www.zaragoza.es/contenidos/iconos/estacionamiento_motos.png,5,
aparcamiento-moto.csv,http://www.zaragoza.es/api/recurso/urbanismo-infraestructuras/equipamiento/aparcamiento-moto/27,Motocicleta,http://dbpedia.org/resource/Motorcycle,Calle-Calle,http://es.dbpedia.org/resource/Calle-Calle,2014-12-02T19:00:00Z,676620.3 4613115.5,http://www.zaragoza.es/contenidos/iconos/estacionamiento_motos.png,5,
aparcamiento-moto.csv,http://www.zaragoza.es/api/recurso/urbanismo-infraestructuras/equipamiento/aparcamiento-moto/28,Motocicleta,http://dbpedia.org/resource/Motorcycle,Calle-Calle,http://es.dbpedia.org/resource/Calle-Calle,2014-12-02T19:00:00Z,676635.1 4613109.5,http://www.zaragoza.es/contenidos/iconos/estacionamiento_motos.png,11,
aparcamiento-moto.csv,http://www.zaragoza.es/api/recurso/urbanismo-infraestructuras/equipamiento/aparcamiento-moto/29,Motocicleta,http://dbpedia.org/resource/Motorcycle,Plaza de los Sitios,http://es.dbpedia.org/resource/Plaza_de_los_Sitios,2014-12-02T19:00:00Z,676641.06 4613123.0,http://www.zaragoza.es/contenidos/iconos/estacionamiento_motos.png,13,
aparcamiento-moto.csv,http://www.zaragoza.es/api/recurso/urbanismo-infraestructuras/equipamiento/aparcamiento-moto/30,Motocicleta,http://dbpedia.org/resource/Motorcycle,Calle-Calle,http://es.dbpedia.org/resource/Calle-Calle,2014-12-02T19:00:00Z,676658.1 4613205.5,http://www.zaragoza.es/contenidos/iconos/estacionamiento_motos.png,6,
aparcamiento-moto.csv,http://www.zaragoza.es/api/recurso/urbanismo-infraestructuras/equipamiento/aparcamiento-moto/31,Motocicleta,http://dbpedia.org/resource/Motorcycle,Calle-Calle,http://es.dbpedia.org/resource/Calle-Calle,2014-12-02T19:00:00Z,676649.75 4613188.5,http://www.zaragoza.es/contenidos/iconos/estacionamiento_motos.png,4,
aparcamiento-moto.csv,http://www.zaragoza.es/api/recurso/urbanismo-infraestructuras/equipamiento/aparcamiento-moto/32,Motocicleta,http://dbpedia.org/resource/Motorcycle,Calle-Calle,http://es.dbpedia.org/resource/Calle-Calle,2014-12-02T19:00:00Z,676388.8 4613104.0,http://www.zaragoza.es/contenidos/iconos/estacionamiento_motos.png,15,
aparcamiento-moto.csv,http://www.zaragoza.es/api/recurso/urbanismo-infraestructuras/equipamiento/aparcamiento-moto/33,Motocicleta,http://dbpedia.org/resource/Motorcycle,Calle-Calle,http://es.dbpedia.org/resource/Calle-Calle,2014-12-02T19:00:00Z,676677.6 4613456.5,http://www.zaragoza.es/contenidos/iconos/estacionamiento_motos.png,26,
aparcamiento-moto.csv,http://www.zaragoza.es/api/recurso/urbanismo-infraestructuras/equipamiento/aparcamiento-moto/34,Motocicleta,http://dbpedia.org/resource/Motorcycle,Calle-Calle,http://es.dbpedia.org/resource/Calle-Calle,2014-12-02T19:00:00Z,676761.5 4613442.0,http://www.zaragoza.es/contenidos/iconos/estacionamiento_motos.png,3,
aparcamiento-moto.csv,http://www.zaragoza.es/api/recurso/urbanismo-infraestructuras/equipamiento/aparcamiento-moto/35,Motocicleta,http://dbpedia.org/resource/Motorcycle,Calle-Calle,http://es.dbpedia.org/resource/Calle-Calle,2014-12-02T19:00:00Z,676726.1 4613358.5,http://www.zaragoza.es/contenidos/iconos/estacionamiento_motos.png,4,
aparcamiento-moto.csv,http://www.zaragoza.es/api/recurso/urbanismo-infraestructuras/equipamiento/aparcamiento-moto/36,Motocicleta,http://dbpedia.org/resource/Motorcycle,Calle-Calle,http://es.dbpedia.org/resource/Calle-Calle,2014-12-02T19:00:00Z,676481.6 4612503.5,http://www.zaragoza.es/contenidos/iconos/estacionamiento_motos.png,18,
aparcamiento-moto.csv,http://www.zaragoza.es/api/recurso/urbanismo-infraestructuras/equipamiento/aparcamiento-moto/37,Motocicleta,http://dbpedia.org/resource/Motorcycle,Paseo de la Constitucion (Zaragoza),http://es.dbpedia.org/resource/Paseo_de_la_Constitucion_(Zaragoza),2014-12-02T19:00:00Z,676339.25 4613040.5,http://www.zaragoza.es/contenidos/iconos/estacionamiento_motos.png,8,
aparcamiento-moto.csv,http://www.zaragoza.es/api/recurso/urbanismo-infraestructuras/equipamiento/aparcamiento-moto/38,Motocicleta,http://dbpedia.org/resource/Motorcycle,Paseo de la Constitucion (Zaragoza),http://es.dbpedia.org/resource/Paseo_de_la_Constitucion_(Zaragoza),2014-12-02T19:00:00Z,676330.25 4613037.5,http://www.zaragoza.es/contenidos/iconos/estacionamiento_motos.png,0,
aparcamiento-moto.csv,http://www.zaragoza.es/api/recurso/urbanismo-infraestructuras/equipamiento/aparcamiento-moto/39,Motocicleta,http://dbpedia.org/resource/Motorcycle,Calle-Calle,http://es.dbpedia.org/resource/Calle-Calle,2014-12-02T19:00:00Z,676520.94 4612503.0,http://www.zaragoza.es/contenidos/iconos/estacionamiento_motos.png,5,
aparcamiento-moto.csv,http://www.zaragoza.es/api/recurso/urbanismo-infraestructuras/equipamiento/aparcamiento-moto/40,Motocicleta,http://dbpedia.org/resource/Motorcycle,Paseo de la Constitucion (Zaragoza),http://es.dbpedia.org/resource/Paseo_de_la_Constitucion_(Zaragoza),2014-12-02T19:00:00Z,676449.25 4613053.0,http://www.zaragoza.es/contenidos/iconos/estacionamiento_motos.png,10,
aparcamiento-moto.csv,http://www.zaragoza.es/api/recurso/urbanismo-infraestructuras/equipamiento/aparcamiento-moto/41,Motocicleta,http://dbpedia.org/resource/Motorcycle,Iglesia de San Miguel de los Navarros,http://es.dbpedia.org/resource/Iglesia_de_San_Miguel_de_los_Navarros,2014-12-02T19:00:00Z,676982.2 4613322.0,http://www.zaragoza.es/contenidos/iconos/estacionamiento_motos.png,4,
aparcamiento-moto.csv,http://www.zaragoza.es/api/recurso/urbanismo-infraestructuras/equipamiento/aparcamiento-moto/42,Motocicleta,http://dbpedia.org/resource/Motorcycle,Iglesia de San Miguel de los Navarros,http://es.dbpedia.org/resource/Iglesia_de_San_Miguel_de_los_Navarros,2014-12-02T19:00:00Z,676989.06 4613301.0,http://www.zaragoza.es/contenidos/iconos/estacionamiento_motos.png,23,
aparcamiento-moto.csv,http://www.zaragoza.es/api/recurso/urbanismo-infraestructuras/equipamiento/aparcamiento-moto/43,Motocicleta,http://dbpedia.org/resource/Motorcycle,Calle-Calle,http://es.dbpedia.org/resource/Calle-Calle,2014-12-02T19:00:00Z,676990.8 4613265.5,http://www.zaragoza.es/contenidos/iconos/estacionamiento_motos.png,14,
aparcamiento-moto.csv,http://www.zaragoza.es/api/recurso/urbanismo-infraestructuras/equipamiento/aparcamiento-moto/44,Motocicleta,http://dbpedia.org/resource/Motorcycle,Alto Aragon,http://es.dbpedia.org/resource/Alto_Aragon,2014-12-02T19:00:00Z,677503.06 4613484.0,http://www.zaragoza.es/contenidos/iconos/estacionamiento_motos.png,50,
aparcamiento-moto.csv,http://www.zaragoza.es/api/recurso/urbanismo-infraestructuras/equipamiento/aparcamiento-moto/45,Motocicleta,http://dbpedia.org/resource/Motorcycle,Calle-Calle,http://es.dbpedia.org/resource/Calle-Calle,2014-12-02T19:00:00Z,677029.5 4613236.0,http://www.zaragoza.es/contenidos/iconos/estacionamiento_motos.png,10,
aparcamiento-moto.csv,http://www.zaragoza.es/api/recurso/urbanismo-infraestructuras/equipamiento/aparcamiento-moto/46,Motocicleta,http://dbpedia.org/resource/Motorcycle,Matadero,http://dbpedia.org/resource/Slaughterhouse,2014-12-02T19:00:00Z,677443.7 4612696.5,http://www.zaragoza.es/contenidos/iconos/estacionamiento_motos.png,5,
aparcamiento-moto.csv,http://www.zaragoza.es/api/recurso/urbanismo-infraestructuras/equipamiento/aparcamiento-moto/47,Motocicleta,http://dbpedia.org/resource/Motorcycle,Monasterio de Samos,http://es.dbpedia.org/resource/Monasterio_de_Samos,2014-12-02T19:00:00Z,677359.94 4612687.0,http://www.zaragoza.es/contenidos/iconos/estacionamiento_motos.png,3,
aparcamiento-moto.csv,http://www.zaragoza.es/api/recurso/urbanismo-infraestructuras/equipamiento/aparcamiento-moto/48,Motocicleta,http://dbpedia.org/resource/Motorcycle,Monasterio de Samos,http://es.dbpedia.org/resource/Monasterio_de_Samos,2014-12-02T19:00:00Z,677349.0 4612671.5,http://www.zaragoza.es/contenidos/iconos/estacionamiento_motos.png,4,
aparcamiento-moto.csv,http://www.zaragoza.es/api/recurso/urbanismo-infraestructuras/equipamiento/aparcamiento-moto/49,Motocicleta,http://dbpedia.org/resource/Motorcycle,Paseo de la Constitucion (Zaragoza),http://es.dbpedia.org/resource/Paseo_de_la_Constitucion_(Zaragoza),2014-12-02T19:00:00Z,676426.6 4613086.0,http://www.zaragoza.es/contenidos/iconos/estacionamiento_motos.png,10,
aparcamiento-moto.csv,http://www.zaragoza.es/api/recurso/urbanismo-infraestructuras/equipamiento/aparcamiento-moto/50,Motocicleta,http://dbpedia.org/resource/Motorcycle,Manuel Lorenzo Pardo,http://es.dbpedia.org/resource/Manuel_Lorenzo_Pardo,2014-12-02T19:00:00Z,676988.06 4612695.0,http://www.zaragoza.es/contenidos/iconos/estacionamiento_motos.png,9,
poi.csv,http://www.zaragoza.es/api/recurso/poi/contenido-459951775,Policia,,Policia Nacional de España,http://es.dbpedia.org/resource/Policia_Nacional_de_España,2007-04-23T20:00:00Z,483282.0 5454818.0,,,http://www.zaragoza.es/ciudad/policia/educavial.htm
poi.csv,http://www.zaragoza.es/api/recurso/poi/edificio-262,Monumento Histórico Artístico,http://es.dbpedia.org/resource/Monumento_Histórico_Artístico,La Libertad (La Libertad),"http://dbpedia.org/resource/La_Libertad,_La_Libertad",2011-01-31T19:00:00Z,676605.35 4613666.03,http://www.zaragoza.es/contenidos/iconos/arte.png,,http://www.zaragoza.es/ciudad/vistasciudad/detalle_Catalogo?id=262
poi.csv,http://www.zaragoza.es/api/recurso/poi/edificio-765,Monumento Histórico Artístico,http://es.dbpedia.org/resource/Monumento_Histórico_Artístico,Contamina (Zaragoza),http://es.dbpedia.org/resource/Contamina_(Zaragoza),2012-12-19T19:00:00Z,676524.62 4613861.48,http://www.zaragoza.es/contenidos/iconos/arte.png,,http://www.zaragoza.es/ciudad/vistasciudad/detalle_Catalogo?id=765
poi.csv,http://www.zaragoza.es/api/recurso/poi/edificio-936,Monumento Histórico Artístico,http://es.dbpedia.org/resource/Monumento_Histórico_Artístico,Hernan Cortes,http://es.dbpedia.org/resource/Hernan_Cortes,2012-12-27T19:00:00Z,675909.71 4613148.3,http://www.zaragoza.es/contenidos/iconos/arte.png,,http://www.zaragoza.es/ciudad/vistasciudad/detalle_Catalogo?id=936
poi.csv,http://www.zaragoza.es/api/recurso/poi/edificio-1114,Monumento Histórico Artístico,http://es.dbpedia.org/resource/Monumento_Histórico_Artístico,Josefa Amar y Borbon,http://es.dbpedia.org/resource/Josefa_Amar_y_Borbon,2011-01-31T19:00:00Z,676618.22 4613415.23,http://www.zaragoza.es/contenidos/iconos/arte.png,,http://www.zaragoza.es/ciudad/vistasciudad/detalle_Catalogo?id=1114
poi.csv,http://www.zaragoza.es/api/recurso/poi/edificio-185,Monumento Histórico Artístico,http://es.dbpedia.org/resource/Monumento_Histórico_Artístico,Calle-Calle,http://es.dbpedia.org/resource/Calle-Calle,2013-01-20T19:00:00Z,676718.85 4613001.74,http://www.zaragoza.es/contenidos/iconos/arte.png,,http://www.zaragoza.es/ciudad/vistasciudad/detalle_Catalogo?id=185
poi.csv,http://www.zaragoza.es/api/recurso/poi/edificio-1354,Monumento Histórico Artístico,http://es.dbpedia.org/resource/Monumento_Histórico_Artístico,Juan de Aragon,http://es.dbpedia.org/resource/Juan_de_Aragon,2013-01-03T19:00:00Z,676961.01 4613747.37,http://www.zaragoza.es/contenidos/iconos/arte.png,,http://www.zaragoza.es/ciudad/vistasciudad/detalle_Catalogo?id=1354
poi.csv,http://www.zaragoza.es/api/recurso/poi/edificio-1500,Monumento Histórico Artístico,http://es.dbpedia.org/resource/Monumento_Histórico_Artístico,Colegiata mudejar de Santa Maria del Pilar,http://es.dbpedia.org/resource/Colegiata_mudejar_de_Santa_Maria_del_Pilar,2012-12-19T19:00:00Z,674992.73 4610490.31,http://www.zaragoza.es/contenidos/iconos/arte.png,,http://www.zaragoza.es/ciudad/vistasciudad/detalle_Catalogo?id=1500
poi.csv,http://www.zaragoza.es/api/recurso/poi/edificio-26,Monumento Histórico Artístico,http://es.dbpedia.org/resource/Monumento_Histórico_Artístico,Conde de Aranda,"http://dbpedia.org/resource/Pedro_Pablo_Abarca_de_Bolea,_10th_Count_of_Aranda",2012-12-19T19:00:00Z,676223.98 4613750.63,http://www.zaragoza.es/contenidos/iconos/arte.png,,http://www.zaragoza.es/ciudad/vistasciudad/detalle_Catalogo?id=26
poi.csv,http://www.zaragoza.es/api/recurso/poi/edificio-1182,Monumento Histórico Artístico,http://es.dbpedia.org/resource/Monumento_Histórico_Artístico,Colegio Militar,http://es.dbpedia.org/resource/Colegio_Militar,2013-09-05T20:00:00Z,676262.04 4613287.89,http://www.zaragoza.es/contenidos/iconos/arte.png,,http://www.zaragoza.es/ciudad/vistasciudad/detalle_Catalogo?id=1182
poi.csv,http://www.zaragoza.es/api/recurso/poi/edificio-1181,Monumento Histórico Artístico,http://es.dbpedia.org/resource/Monumento_Histórico_Artístico,Cervantes,http://es.dbpedia.org/resource/Cervantes_(serie_de_televisión),2012-12-18T19:00:00Z,676078.97 4612614.05,http://www.zaragoza.es/contenidos/iconos/arte.png,,http://www.zaragoza.es/ciudad/vistasciudad/detalle_Catalogo?id=1181
poi.csv,http://www.zaragoza.es/api/recurso/poi/edificio-235,Monumento Histórico Artístico,http://es.dbpedia.org/resource/Monumento_Histórico_Artístico,Martires de Zaragoza,http://es.dbpedia.org/resource/Martires_de_Zaragoza,2011-01-31T19:00:00Z,676616.4 4613589.23,http://www.zaragoza.es/contenidos/iconos/arte.png,,http://www.zaragoza.es/ciudad/vistasciudad/detalle_Catalogo?id=235
poi.csv,http://www.zaragoza.es/api/recurso/poi/edificio-720,Monumento Histórico Artístico,http://es.dbpedia.org/resource/Monumento_Histórico_Artístico,Santa Isabel (Zaragoza),http://es.dbpedia.org/resource/Santa_Isabel_(Zaragoza),2013-02-10T19:00:00Z,676550.28 4613913.82,http://www.zaragoza.es/contenidos/iconos/arte.png,,http://www.zaragoza.es/ciudad/vistasciudad/detalle_Catalogo?id=720
poi.csv,http://www.zaragoza.es/api/recurso/poi/edificio-1037,Monumento Histórico Artístico,http://es.dbpedia.org/resource/Monumento_Histórico_Artístico,San Blas,http://dbpedia.org/resource/San_Blas,2013-02-10T19:00:00Z,669116.28 4619073.64,http://www.zaragoza.es/contenidos/iconos/arte.png,,http://www.zaragoza.es/ciudad/vistasciudad/detalle_Catalogo?id=1037
poi.csv,http://www.zaragoza.es/api/recurso/poi/edificio-901,Monumento Histórico Artístico,http://es.dbpedia.org/resource/Monumento_Histórico_Artístico,Pabellon de Aragon de la Expo 2008,http://es.dbpedia.org/resource/Pabellon_de_Aragon_de_la_Expo_2008,2013-01-20T19:00:00Z,681510.96 4608456.98,http://www.zaragoza.es/contenidos/iconos/arte.png,,http://www.zaragoza.es/ciudad/vistasciudad/detalle_Catalogo?id=901
poi.csv,http://www.zaragoza.es/api/recurso/poi/edificio-84,Monumento Histórico Artístico,http://es.dbpedia.org/resource/Monumento_Histórico_Artístico,Alfonso I de Aragón,http://es.dbpedia.org/resource/Alfonso_I_de_Aragón,2011-01-31T19:00:00Z,676556.84 4613757.51,http://www.zaragoza.es/contenidos/iconos/arte.png,,http://www.zaragoza.es/ciudad/vistasciudad/detalle_Catalogo?id=84
poi.csv,http://www.zaragoza.es/api/recurso/poi/edificio-850,Monumento Histórico Artístico,http://es.dbpedia.org/resource/Monumento_Histórico_Artístico,Casa romana de la calle Añon de Zaragoza,http://es.dbpedia.org/resource/Casa_romana_de_la_calle_Añon_de_Zaragoza,2013-01-20T19:00:00Z,677194.07 4613372.44,http://www.zaragoza.es/contenidos/iconos/arte.png,,http://www.zaragoza.es/ciudad/vistasciudad/detalle_Catalogo?id=850
poi.csv,http://www.zaragoza.es/api/recurso/poi/edificio-918,Monumento Histórico Artístico,http://es.dbpedia.org/resource/Monumento_Histórico_Artístico,Iglesia de San Lorenzo,http://dbpedia.org/resource/St._Laurence's_Church,2012-12-27T19:00:00Z,664325.51 4616761.26,http://www.zaragoza.es/contenidos/iconos/arte.png,,http://www.zaragoza.es/ciudad/vistasciudad/detalle_Catalogo?id=918
poi.csv,http://www.zaragoza.es/api/recurso/poi/edificio-840,Monumento Histórico Artístico,http://es.dbpedia.org/resource/Monumento_Histórico_Artístico,San Vicente de Paul,http://es.dbpedia.org/resource/San_Vicente_de_Paul,2013-02-10T19:00:00Z,676888.49 4613423.61,http://www.zaragoza.es/contenidos/iconos/arte.png,,http://www.zaragoza.es/ciudad/vistasciudad/detalle_Catalogo?id=840
poi.csv,http://www.zaragoza.es/api/recurso/poi/edificio-1186,Monumento Histórico Artístico,http://es.dbpedia.org/resource/Monumento_Histórico_Artístico,Persona,http://dbpedia.org/resource/Person,2013-01-03T19:00:00Z,675540.79 4613615.5,http://www.zaragoza.es/contenidos/iconos/arte.png,,http://www.zaragoza.es/ciudad/vistasciudad/detalle_Catalogo?id=1186
poi.csv,http://www.zaragoza.es/api/recurso/poi/edificio-1006,Monumento Histórico Artístico,http://es.dbpedia.org/resource/Monumento_Histórico_Artístico,Coso (Zaragoza),http://es.dbpedia.org/resource/Coso_(Zaragoza),2012-12-19T19:00:00Z,676369.91 4613700.69,http://www.zaragoza.es/contenidos/iconos/arte.png,,http://www.zaragoza.es/ciudad/vistasciudad/detalle_Catalogo?id=1006
poi.csv,http://www.zaragoza.es/api/recurso/poi/edificio-937,Monumento Histórico Artístico,http://es.dbpedia.org/resource/Monumento_Histórico_Artístico,Santa Hermandad,http://es.dbpedia.org/resource/Santa_Hermandad,2013-02-10T19:00:00Z,675601.18 4613398.53,http://www.zaragoza.es/contenidos/iconos/arte.png,,http://www.zaragoza.es/ciudad/vistasciudad/detalle_Catalogo?id=937
poi.csv,http://www.zaragoza.es/api/recurso/poi/edificio-625,Monumento Histórico Artístico,http://es.dbpedia.org/resource/Monumento_Histórico_Artístico,Arquitectura mudejar de Aragon,http://es.dbpedia.org/resource/Arquitectura_mudejar_de_Aragon,2011-01-31T19:00:00Z,677043.0 4613780.57,http://www.zaragoza.es/contenidos/iconos/arte.png,,http://www.zaragoza.es/ciudad/vistasciudad/detalle_Catalogo?id=625
poi.csv,http://www.zaragoza.es/api/recurso/poi/edificio-630,Monumento Histórico Artístico,http://es.dbpedia.org/resource/Monumento_Histórico_Artístico,Plaza de España (Zaragoza),http://es.dbpedia.org/resource/Plaza_de_España_(Zaragoza),2013-01-22T19:00:00Z,676569.38 4613471.53,http://www.zaragoza.es/contenidos/iconos/arte.png,,http://www.zaragoza.es/ciudad/vistasciudad/detalle_Catalogo?id=630
poi.csv,http://www.zaragoza.es/api/recurso/poi/edificio-941,Monumento Histórico Artístico,http://es.dbpedia.org/resource/Monumento_Histórico_Artístico,Baltasar Gracian,http://es.dbpedia.org/resource/Baltasar_Gracian,2011-01-31T19:00:00Z,675577.15 4612606.24,http://www.zaragoza.es/contenidos/iconos/arte.png,,http://www.zaragoza.es/ciudad/vistasciudad/detalle_Catalogo?id=941
poi.csv,http://www.zaragoza.es/api/recurso/poi/edificio-356,Monumento Histórico Artístico,http://es.dbpedia.org/resource/Monumento_Histórico_Artístico,Lascellas-Ponzano (Huesca),http://es.dbpedia.org/resource/Lascellas-Ponzano_(Huesca),2013-01-20T19:00:00Z,676232.39 4613195.45,http://www.zaragoza.es/contenidos/iconos/arte.png,,http://www.zaragoza.es/ciudad/vistasciudad/detalle_Catalogo?id=356
poi.csv,http://www.zaragoza.es/api/recurso/poi/edificio-1285,Monumento Histórico Artístico,http://es.dbpedia.org/resource/Monumento_Histórico_Artístico,Teniente coronel Valenzuela,http://es.dbpedia.org/resource/Teniente_coronel_Valenzuela,2013-04-24T20:00:00Z,676368.6 4613569.22,http://www.zaragoza.es/contenidos/iconos/arte.png,,http://www.zaragoza.es/ciudad/vistasciudad/detalle_Catalogo?id=1285
poi.csv,http://www.zaragoza.es/api/recurso/poi/edificio-370,Monumento Histórico Artístico,http://es.dbpedia.org/resource/Monumento_Histórico_Artístico,Horno,http://dbpedia.org/resource/Oven,2012-12-27T19:00:00Z,677053.14 4614328.8,http://www.zaragoza.es/contenidos/iconos/arte.png,,http://www.zaragoza.es/ciudad/vistasciudad/detalle_Catalogo?id=370
poi.csv,http://www.zaragoza.es/api/recurso/poi/edificio-927,Monumento Histórico Artístico,http://es.dbpedia.org/resource/Monumento_Histórico_Artístico,Iglesia Nuestra Señora del Rosario (Vela),http://es.dbpedia.org/resource/Iglesia_Nuestra_Señora_del_Rosario_(Vela),2012-12-27T19:00:00Z,681124.78 4617246.91,http://www.zaragoza.es/contenidos/iconos/arte.png,,http://www.zaragoza.es/ciudad/vistasciudad/detalle_Catalogo?id=927
poi.csv,http://www.zaragoza.es/api/recurso/poi/edificio-266,Monumento Histórico Artístico,http://es.dbpedia.org/resource/Monumento_Histórico_Artístico,Calle Don Jaime I (Zaragoza),http://es.dbpedia.org/resource/Calle_Don_Jaime_I_(Zaragoza),2011-01-31T19:00:00Z,676690.36 4613587.39,http://www.zaragoza.es/contenidos/iconos/arte.png,,http://www.zaragoza.es/ciudad/vistasciudad/detalle_Catalogo?id=266
poi.csv,http://www.zaragoza.es/api/recurso/poi/edificio-490,Monumento Histórico Artístico,http://es.dbpedia.org/resource/Monumento_Histórico_Artístico,Blason,http://es.dbpedia.org/resource/Blason,2011-01-31T19:00:00Z,676536.88 4613676.11,http://www.zaragoza.es/contenidos/iconos/arte.png,,http://www.zaragoza.es/ciudad/vistasciudad/detalle_Catalogo?id=490
poi.csv,http://www.zaragoza.es/api/recurso/poi/edificio-916,Monumento Histórico Artístico,http://es.dbpedia.org/resource/Monumento_Histórico_Artístico,Residencia de ancianos,http://es.dbpedia.org/resource/Residencia_de_ancianos,2011-01-31T19:00:00Z,664188.52 4620650.1,http://www.zaragoza.es/contenidos/iconos/arte.png,,http://www.zaragoza.es/ciudad/vistasciudad/detalle_Catalogo?id=916
poi.csv,http://www.zaragoza.es/api/recurso/poi/edificio-1454,Monumento Histórico Artístico,http://es.dbpedia.org/resource/Monumento_Histórico_Artístico,Prudencio,http://dbpedia.org/resource/Prudentius,2011-01-31T19:00:00Z,676514.82 4614018.16,http://www.zaragoza.es/contenidos/iconos/arte.png,,http://www.zaragoza.es/ciudad/vistasciudad/detalle_Catalogo?id=1454
poi.csv,http://www.zaragoza.es/api/recurso/poi/edificio-250,Monumento Histórico Artístico,http://es.dbpedia.org/resource/Monumento_Histórico_Artístico,Prudencio,http://dbpedia.org/resource/Prudentius,2013-01-21T19:00:00Z,676514.82 4614018.16,http://www.zaragoza.es/contenidos/iconos/arte.png,,http://www.zaragoza.es/ciudad/vistasciudad/detalle_Catalogo?id=250
poi.csv,http://www.zaragoza.es/api/recurso/poi/edificio-308,Monumento Histórico Artístico,http://es.dbpedia.org/resource/Monumento_Histórico_Artístico,Real Seminario de San Carlos Borromeo,http://es.dbpedia.org/resource/Real_Seminario_de_San_Carlos_Borromeo,2013-09-17T20:00:00Z,676991.17 4613464.36,http://www.zaragoza.es/contenidos/iconos/arte.png,,http://www.zaragoza.es/ciudad/vistasciudad/detalle_Catalogo?id=308
poi.csv,http://www.zaragoza.es/api/recurso/poi/edificio-309,Monumento Histórico Artístico,http://es.dbpedia.org/resource/Monumento_Histórico_Artístico,San Jorge y el Dragón,http://dbpedia.org/resource/Saint_George_and_the_Dragon_(disambiguation),2013-02-10T19:00:00Z,676827.44 4613620.35,http://www.zaragoza.es/contenidos/iconos/arte.png,,http://www.zaragoza.es/ciudad/vistasciudad/detalle_Catalogo?id=309
poi.csv,http://www.zaragoza.es/api/recurso/poi/edificio-454,Monumento Histórico Artístico,http://es.dbpedia.org/resource/Monumento_Histórico_Artístico,Santa Isabel (Zaragoza),http://es.dbpedia.org/resource/Santa_Isabel_(Zaragoza),2013-02-10T19:00:00Z,676544.55 4613919.83,http://www.zaragoza.es/contenidos/iconos/arte.png,,http://www.zaragoza.es/ciudad/vistasciudad/detalle_Catalogo?id=454
poi.csv,http://www.zaragoza.es/api/recurso/poi/edificio-593,Monumento Histórico Artístico,http://es.dbpedia.org/resource/Monumento_Histórico_Artístico,Palacio Arzobispal de Zaragoza,http://es.dbpedia.org/resource/Palacio_Arzobispal_de_Zaragoza,2013-01-20T19:00:00Z,676984.82 4613895.88,http://www.zaragoza.es/contenidos/iconos/arte.png,,http://www.zaragoza.es/ciudad/vistasciudad/detalle_Catalogo?id=593
poi.csv,http://www.zaragoza.es/api/recurso/poi/edificio-544,Monumento Histórico Artístico,http://es.dbpedia.org/resource/Monumento_Histórico_Artístico,Cadiz (Cadiz),http://es.dbpedia.org/resource/Cadiz_(Cadiz),2012-12-26T19:00:00Z,676337.59 4613384.02,http://www.zaragoza.es/contenidos/iconos/arte.png,,http://www.zaragoza.es/ciudad/vistasciudad/detalle_Catalogo?id=544
poi.csv,http://www.zaragoza.es/api/recurso/poi/edificio-41,Monumento Histórico Artístico,http://es.dbpedia.org/resource/Monumento_Histórico_Artístico,Jose Palafox,http://es.dbpedia.org/resource/Jose_Palafox,2013-01-03T19:00:00Z,677116.5 4613742.46,http://www.zaragoza.es/contenidos/iconos/arte.png,,http://www.zaragoza.es/ciudad/vistasciudad/detalle_Catalogo?id=41
poi.csv,http://www.zaragoza.es/api/recurso/poi/edificio-1229,Monumento Histórico Artístico,http://es.dbpedia.org/resource/Monumento_Histórico_Artístico,Francisco Caballero y Rozas,http://es.dbpedia.org/resource/Francisco_Caballero_y_Rozas,2011-01-31T19:00:00Z,675401.04 4612072.36,http://www.zaragoza.es/contenidos/iconos/arte.png,,http://www.zaragoza.es/ciudad/vistasciudad/detalle_Catalogo?id=1229
poi.csv,http://www.zaragoza.es/api/recurso/poi/edificio-254,Monumento Histórico Artístico,http://es.dbpedia.org/resource/Monumento_Histórico_Artístico,Ramon y Cajal,http://es.dbpedia.org/resource/Ramon_y_Cajal,2013-02-10T19:00:00Z,676138.6 4613751.49,http://www.zaragoza.es/contenidos/iconos/arte.png,,http://www.zaragoza.es/ciudad/vistasciudad/detalle_Catalogo?id=254
poi.csv,http://www.zaragoza.es/api/recurso/poi/edificio-1231,Monumento Histórico Artístico,http://es.dbpedia.org/resource/Monumento_Histórico_Artístico,Francisco Caballero y Rozas,http://es.dbpedia.org/resource/Francisco_Caballero_y_Rozas,2012-12-27T19:00:00Z,675379.24 4612039.37,http://www.zaragoza.es/contenidos/iconos/arte.png,,http://www.zaragoza.es/ciudad/vistasciudad/detalle_Catalogo?id=1231
poi.csv,http://www.zaragoza.es/api/recurso/poi/edificio-363,Monumento Histórico Artístico,http://es.dbpedia.org/resource/Monumento_Histórico_Artístico,Calle-Calle,http://es.dbpedia.org/resource/Calle-Calle,2013-01-03T19:00:00Z,676603.94 4613306.78,http://www.zaragoza.es/contenidos/iconos/arte.png,,http://www.zaragoza.es/ciudad/vistasciudad/detalle_Catalogo?id=363
poi.csv,http://www.zaragoza.es/api/recurso/poi/edificio-1108,Monumento Histórico Artístico,http://es.dbpedia.org/resource/Monumento_Histórico_Artístico,Alfonso I de Aragón,http://es.dbpedia.org/resource/Alfonso_I_de_Aragón,2011-01-31T19:00:00Z,676534.85 4613725.44,http://www.zaragoza.es/contenidos/iconos/arte.png,,http://www.zaragoza.es/ciudad/vistasciudad/detalle_Catalogo?id=1108
poi.csv,http://www.zaragoza.es/api/recurso/poi/edificio-1380,Monumento Histórico Artístico,http://es.dbpedia.org/resource/Monumento_Histórico_Artístico,La Española,http://dbpedia.org/resource/Hispaniola,2012-12-27T19:00:00Z,676534.85 4613725.44,http://www.zaragoza.es/contenidos/iconos/arte.png,,http://www.zaragoza.es/ciudad/vistasciudad/detalle_Catalogo?id=1380
poi.csv,http://www.zaragoza.es/api/recurso/poi/edificio-1379,Monumento Histórico Artístico,http://es.dbpedia.org/resource/Monumento_Histórico_Artístico,Luis Martin,http://es.dbpedia.org/resource/Luis_Martin,2011-01-31T19:00:00Z,676534.85 4613725.44,http://www.zaragoza.es/contenidos/iconos/arte.png,,http://www.zaragoza.es/ciudad/vistasciudad/detalle_Catalogo?id=1379
poi.csv,http://www.zaragoza.es/api/recurso/poi/edificio-849,Monumento Histórico Artístico,http://es.dbpedia.org/resource/Monumento_Histórico_Artístico,Casa romana de la calle Añon de Zaragoza,http://es.dbpedia.org/resource/Casa_romana_de_la_calle_Añon_de_Zaragoza,2013-01-20T19:00:00Z,677187.74 4613376.41,http://www.zaragoza.es/contenidos/iconos/arte.png,,http://www.zaragoza.es/ciudad/vistasciudad/detalle_Catalogo?id=849
poi.csv,http://www.zaragoza.es/api/recurso/poi/edificio-574,Monumento Histórico Artístico,http://es.dbpedia.org/resource/Monumento_Histórico_Artístico,Castejón de las Armas (Zaragoza),http://es.dbpedia.org/resource/Castejón_de_las_Armas_(Zaragoza),2011-01-31T19:00:00Z,676333.72 4613997.41,http://www.zaragoza.es/contenidos/iconos/arte.png,,http://www.zaragoza.es/ciudad/vistasciudad/detalle_Catalogo?id=574
