Owner,Address,PrimeType,SecondType,GarOrLot,RegCap,ValetCap,MCCap,LANDUSETYP,Location 1
Private,2110 Market St,PPA, ,L,13,0,0,restaurant,"(37.767378, -122.429344)"
SFMTA,993 Potrero,PPA, ,L,34,0,0, ,"(37.757272, -122.40632)"
Port of SF,601 Terry A Francois Blvd,PPA, ,L,72,0,0, ,"(37.770135, -122.385801)"
Private,11 SOUTH VAN NESS,PHO,CPO,G,130,0,0, ,"(37.77415, -122.418402)"
Private,101 CALIFORNIA ST,PPA, ,G,250,0,0, ,"(37.793243, -122.397495)"
Private,2000 POST ST,PPA, ,G,304,0,0, ,"(37.785078, -122.434745)"
Private,600 CALIFORNIA ST,PPA, ,G,197,0,0, ,"(37.792779, -122.404392)"
Private,35 GILBERT ST,PPA, , ,80,0,0, ,"(37.774337, -122.403257)"
Private,2355 POST ST,PPA, ,L,50,0,0, ,"(37.78397, -122.440218)"
RPD,801 STANYAN ST,PPA, ,L,324,0,0, ,"(37.767202, -122.453432)"
Private,2300 STOCKTON ST,PPA, ,L,200,0,0, ,"(37.807107, -122.410072)"
Private,1 MARKET ST,PPA, ,G,160,0,0, ,"(37.794191, -122.394409)"
Port of SF,100 The Embarcadero,PPA, ,L,100,0,0, ,"(37.794444, -122.391835)"
Private,1101 California St,PPA, ,G,500,0,0, ,"(37.791355, -122.412394)"
Private,1390 Market St,PPA,PHO,G,401,0,10, ,"(37.777332, -122.417114)"
Private,150 CALIFORNIA ST,PPA, ,G,35,0,0, ,"(37.793588, -122.398056)"
Private,153 TOWNSEND ST,PPA, ,G,371,0,0, ,"(37.779602, -122.391181)"
Private,1700 California St,PPA, ,G,155,0,0, ,"(37.790504, -122.422345)"
Private,185 BERRY ST,PPA, ,G,268,0,0, ,"(37.775972, -122.392503)"
Private,199 BEALE ST,PPA, ,L,81,0,0, ,"(37.790147, -122.394056)"
Private,333 MARKET ST,PPA, ,G,120,0,0, ,"(37.791931, -122.397284)"
Private,405 HOWARD ST,PPA, ,G,160,0,0, ,"(37.788948, -122.394895)"
Private,410 Townsend St,PPA, ,G,48,0,0, ,"(37.775111, -122.397604)"
Private,500 BEACH ST,PPA, ,G,575,0,0, ,"(37.807207, -122.417277)"
Port of SF,501 The Embarcadero,PPA, ,L,77,0,0, ,"(37.79995, -122.398604)"
Private,55 FRANCISCO ST,PPA, ,G,400,0,0, ,"(37.805308, -122.406049)"
Private,580 CALIFORNIA ST,PPA, ,G,28,35,0, ,"(37.792845, -122.403885)"
Private,644 GEARY ST,PPA, ,G,95,0,0, ,"(37.786789, -122.413768)"
Private,75 HOWARD ST,PPA, ,G,515,0,0, ,"(37.791465, -122.391712)"
Private,750 KEARNY ST,PPA,CPO,G,500,0,10, ,"(37.794997, -122.404456)"
Private,900 NORTH POINT ST,PPA, ,G,280,0,0, ,"(37.806192, -122.422413)"
Private,901 ILLINOIS ST,PPA, ,L,150,0,0, ,"(37.760264, -122.387094)"
Private,5400 GEARY BLVD,PPA, ,L,18,0,0, ,"(37.780612, -122.477003)"
Private,347 18th Ave,PPA, ,L,52,0,0, ,"(37.781387, -122.47738)"
Private,1515 SCOTT ST,PPA, ,L,90,0,0, ,"(37.783953, -122.438111)"
Private,2175 MARKET ST,PPA, ,L,12,0,0, ,"(37.766205, -122.429913)"
Private,261 ELLIS ST,PPA, ,G,0,250,0, ,"(37.78493, -122.410102)"
Private,721 Filbert St,PPA, ,G,75,0,0, ,"(37.800838, -122.411435)"
Private,101 02ND ST,PPA,PHO,G,70,70,0, ,"(37.788063, -122.399371)"
Private,101 LOMBARD ST,PPA, ,G,530,0,0, ,"(37.803759, -122.403284)"
Private,120 HOWARD ST,PPA, ,G,83,0,0, ,"(37.791226, -122.39275)"
Private,123 MISSION ST,PPA, ,L,84,0,0, ,"(37.792149, -122.393933)"
Private,150 Sacramento St,PPA, ,G,676,0,10, ,"(37.794666, -122.397052)"
Private,155 Sutter St,PPA, ,G,120,30,0, ,"(37.789661, -122.402956)"
Private,1650 MISSION ST,PPA, ,G,86,0,0, ,"(37.771641, -122.419414)"
Private,201 CALIFORNIA ST,PPA, ,G,30,25,0, ,"(37.793093, -122.398668)"
Private,201 SPEAR ST,PPA, ,G,90,0,0, ,"(37.791284, -122.391995)"
Private,2186 GEARY BLVD,PPA, ,L,120,0,0, ,"(37.783669, -122.43875)"
Private,220 BUSH ST,PPA, ,G,150,0,5, ,"(37.791273, -122.401069)"
Private,235 MONTGOMERY ST,PPA, ,G,312,0,0, ,"(37.791239, -122.402519)"
Private,250 Sacramento St,PPA, ,G,664,0,10, ,"(37.794514, -122.398244)"
Port of SF,250 The Embarcadero,PPA, , ,77,31,0, ,"(37.797017, -122.396118)"
Private,255 CALIFORNIA ST,PPA, ,G,45,15,0, ,"(37.793027, -122.399187)"
Private,2550 POWELL ST,PPA, ,G,980,0,0, ,"(37.808056, -122.41172)"
Private,260 Ofarrell St,PPA, ,G,70,0,0, ,"(37.78643, -122.408961)"
Private,325 MASON ST,PPA, ,G,640,0,0, ,"(37.78635, -122.409795)"
Private,333 BUSH ST,PPA, ,G,150,0,0, ,"(37.790612, -122.402985)"
Private,333 OFARRELL ST,PPA, ,G,500,0,0, ,"(37.785877, -122.410046)"
Private,335 POWELL ST (really on Geary),PPA, ,G,250,0,0, ,"(37.787634, -122.40836)"
Private,343 SANSOME ST,PPA, ,G,76,20,0, ,"(37.793508, -122.4013)"
Private,345 CALIFORNIA ST,PPA, ,G,180,0,0, ,"(37.79289, -122.400264)"
Private,350 07TH AVE,PPA, ,L,79,0,0, ,"(37.781965, -122.464796)"
Private,350 RHODE ISLAND ST,PPA, ,G,367,0,0, ,"(37.765354, -122.402692)"
Private,350 Sacramento St,PPA, ,G,558,0,0, ,"(37.794364, -122.39942)"
Private,388 MARKET ST,PPA, ,G,50,50,0, ,"(37.791966, -122.398143)"
Private,395 03rd ST,PPA, ,L,94,100,0, ,"(37.78275, -122.397136)"
Private,400 Howard St,PPA, ,G,200,0,0, ,"(37.789263, -122.395232)"
Private,425 MARKET ST,PPA, ,G,126,0,0, ,"(37.791286, -122.398104)"
Private,439 Spear St,PPA, ,G,235,0,0, ,"(37.788556, -122.38858)"
Private,450 SUTTER ST,PPA, ,G,0,430,0, ,"(37.789484, -122.407641)"
Private,455 MARKET ST,PPA, ,G,120,0,0, ,"(37.791109, -122.398327)"
Private,475 BRANNAN ST,PPA, ,G,200,0,0, ,"(37.77872, -122.395415)"
Private,50 BEALE St,PPA, ,G,90,0,0, ,"(37.791586, -122.396592)"
Private,50 CALIFORNIA ST,PPA, ,G,78,62,11, ,"(37.793742, -122.396851)"
Private,50 FREMONT ST,PPA, ,G,230,0,0, ,"(37.790896, -122.397471)"
Private,501 POST ST,PPA, ,G,74,0,0, ,"(37.78781, -122.40999)"
Private,51 Clay St,PPA, ,G,240,0,0, ,"(37.795291, -122.395949)"
Private,55 02ND ST,PPA,PHO,G,0,110,0, ,"(37.788697, -122.400167)"
Private,555 MARKET ST,PPA, ,G,80,0,0, ,"(37.789843, -122.399941)"
Private,601 VAN NESS AVE,PPA,PHO,G,560,60,14, ,"(37.780913, -122.420523)"
Private,610 HARRISON ST,PPA, ,G,300,0,0, ,"(37.784211, -122.395405)"
Private,650 KING ST,PPA, ,G,325,0,0, ,"(37.770589, -122.401611)"
Private,75 HAWTHORNE ST,PPA, , ,125,0,0, ,"(37.78513, -122.397899)"
Private,750 BATTERY St,PPA, ,G,69,0,0, ,"(37.79811, -122.400513)"
Private,1270 MISSION ST,PPA, ,L,100,0,0, ,"(37.776761, -122.414309)"
Private,3500 19th ST,PHO, ,L,20,0,0, ,"(37.760252, -122.421627)"
Private,955 Sansome St,PPA, ,G,250,0,0, ,"(37.798865, -122.402399)"
Private,635 08th St,PPA, , ,472,0,0, ,"(37.770928, -122.404467)"
Private,100 HENRY ADAMS ST,PPA, ,L,115,0,0, ,"(37.768401, -122.403931)"
Private,40 RHODE ISLAND ST,PPA, ,L,70,0,0, ,"(37.769274, -122.40306)"
Private,55 DIVISION ST,PPA, ,L,57,0,0, ,"(37.769548, -122.403298)"
Private,400 Tunnel Ave,PPA, ,L,38,0,0, ,"(37.709423, -122.401398)"
Private,525 JONES ST,PPA, ,G,60,0,0, ,"(37.785987, -122.413093)"
Private,350 03rd ST,PPA, ,G,150,0,0, ,"(37.783063, -122.398261)"
Private,706 COLUMBUS AVE,PPA, ,L,10,0,0, ,"(37.801358, -122.411197)"
Private,60 SPEAR ST,PPA, ,G,11,0,0, ,"(37.792852, -122.394689)"
Private,50 Cosmo Place,PPA, ,L,0,90,0, ,"(37.788216, -122.412463)"
Private,2100 WEBSTER ST,PPA,PHO,G,400,100,0, ,"(37.790116, -122.431956)"
Private,2300 CALIFORNIA ST,PPA, , ,43,0,0, ,"(37.78926, -122.43213)"
Private,2405 CLAY ST,PPA,PHO,G,415,100,12, ,"(37.790643, -122.432532)"
Private,3620 CALIFORNIA ST,PPA, ,L,25,0,0, ,"(37.786576, -122.453962)"
Private,3838 CALIFORNIA ST,PPA, , ,192,0,0, ,"(37.786036, -122.457464)"
Private,3905 SACRAMENTO ST,PPA, , ,47,0,0, ,"(37.786636, -122.45696)"
Private,45 CASTRO ST,PPA, ,L,209,0,0, ,"(37.7678, -122.435021)"
Private,460 CHERRY ST,PPA, , ,275,0,0, ,"(37.786365, -122.456317)"
Private,1 FRANKLIN ST,PPA, ,L,50,0,0, ,"(37.774258, -122.420836)"
Private,110 FRANKLIN ST,PPA, ,L,43,0,0, ,"(37.77534, -122.420539)"
Private,2351 MISSION ST,PPA,RPO,L,87,0,0, ,"(37.759224, -122.418222)"
Private,24 FLORIDA ST,PPA, ,L,90,0,0, ,"(37.767881, -122.41187)"
Private,3115 MISSION St,PPA, ,L,110,0,0, ,"(37.74756, -122.4181)"
Private,39 GROVE ST,CPO,PPA,L,12,0,0, ,"(37.778488, -122.41571)"
Private,400 TAYLOR ST,PPA, ,G,96,0,0, ,"(37.786159, -122.410943)"
Private,470 BRANNAN ST,PPA, , ,117,0,0, ,"(37.778896, -122.395927)"
Private,525 MARKET ST,PPA, ,G,65,0,0, ,"(37.790276, -122.39939)"
Private,555 JACKSON ST,PPA, ,G,125,0,0, ,"(37.796016, -122.404461)"
Private,611 Green St,PPA, ,L,22,0,0, ,"(37.799204, -122.409083)"
Private,625 MINNA ST,PPA, ,L,50,0,0, ,"(37.778102, -122.410645)"
Private,655 MINNA ST,PPA, ,L,20,0,0, ,"(37.777636, -122.411232)"
Private,660 SUTTER ST,PPA, ,L,27,0,0, ,"(37.789049, -122.411063)"
Private,665 SUTTER ST,PPA, ,L,180,0,0, ,"(37.788635, -122.411034)"
Private,730 HARRISON ST,PHO, ,L,124,0,0, ,"(37.781973, -122.398239)"
Private,768 SANSOME ST,PPA, ,L,130,0,0, ,"(37.797265, -122.401547)"
Private,8 LELAND ST,PPA, , ,44,0,0, ,"(37.711395, -122.403595)"
Private,847 Front St,PPA, ,G,90,0,0, ,"(37.799102, -122.400031)"
Private,650 GILMAN AVE,PPA, , ,184,0,0, ,"(37.715708, -122.383139)"
Private,118 Hawthorne St,PPA,CPO,L,26,0,0, ,"(37.78417, -122.397422)"
Private,1 SHRADER ST,PPA, ,G,229,0,0, ,"(37.774796, -122.453051)"
Private,2235 HAYES ST,PPA, ,G,132,0,0, ,"(37.772775, -122.453021)"
Private,2250 HAYES ST,PPA, ,L,74,0,0, ,"(37.773491, -122.453826)"
Private,1 CALIFORNIA ST,PPA, ,G,160,0,0, ,"(37.793397, -122.396281)"
Private,1000 VAN NESS AVE,PPA, ,G,480,0,0, ,"(37.784997, -122.420162)"
Private,101 POLK ST,PPA,PHO,L,60,20,0, ,"(37.777618, -122.418194)"
Private,1062 Front St,PPA, ,L,150,0,0, ,"(37.801086, -122.39975)"
Private,1150 POST ST,PPA, ,G,183,0,0, ,"(37.786877, -122.420614)"
Private,1340 BUSH ST,PPA, ,G,49,0,0, ,"(37.788975, -122.419211)"
Private,1735 The Embarcadero,PPA, ,L,220,0,0, ,"(37.808636, -122.413716)"
Private,2 BAY ST,PPA, ,L,120,0,0, ,"(37.806646, -122.406227)"
Private,350 PACIFIC AVE,PPA, ,L,55,0,0, ,"(37.797734, -122.401313)"
UCSF,350 PARNASSUS AVE,PPA, ,G,210,0,0, ,"(37.764336, -122.455876)"
Private,356 HARRIET ST,PPA, ,L,70,0,0, ,"(37.774736, -122.402197)"
Private,40 Pier Fifteen,PPA, ,L,80,0,0, ,"(37.801496, -122.398232)"
Private,40 Pier Twentyseven,PPA, ,L,400,0,0, ,"(37.804874, -122.401683)"
Private,40 Pier Twentythree,PPA, ,L,140,0,0, ,"(37.803099, -122.399996)"
Port of SF,50 BROADWAY,PPA, ,L,270,0,0, ,"(37.799242, -122.398296)"
Private,550 KEARNY ST,PPA, ,G,82,0,2, ,"(37.793096, -122.404072)"
Private,555 CALIFORNIA ST,PPA, ,G,500,0,15, ,"(37.792479, -122.403491)"
Private,71 STEVENSON ST,PPA, ,G,70,0,0, ,"(37.789169, -122.399747)"
Private,825 SANSOME ST,PPA, ,G,250,0,0, ,"(37.797698, -122.402163)"
Private,850 Front St,PPA, ,L,120,0,0, ,"(37.799346, -122.399539)"
Private,99 GOLDEN GATE AVE,PPA, ,L,120,0,0, ,"(37.78186, -122.411679)"
Private,700 EDDY ST,PPA, ,L,14,0,0, ,"(37.783236, -122.419196)"
Private,215 Fremont St,PPA, ,G,40,0,0, ,"(37.789113, -122.394501)"
Private,1140 POWELL ST,PPA, ,G,40,0,0, ,"(37.795097, -122.409351)"
Private,1140 FOLSOM ST,PPA, ,L,47,0,0, ,"(37.776088, -122.408792)"
Private,1 Front St,PPA, ,G,340,0,0, ,"(37.791578, -122.398327)"
Private,100 Bush St,PPA, ,G,130,0,0, ,"(37.791467, -122.39954)"
Private,1199 BUSH ST,PPA, , ,50,0,0, ,"(37.78888, -122.416621)"
Private,1220 BUSH ST,PPA, , ,100,0,0, ,"(37.789213, -122.417298)"
Private,1234 Pine St,PPA, ,G,100,0,0, ,"(37.790331, -122.416032)"
Private,125 03rd ST, , ,G,200,0,0, ,"(37.786037, -122.401257)"
Private,25 10th St,PPA, ,G,291,96,7, ,"(37.776378, -122.416676)"
Private,147 MINNA ST,PPA, ,G,410,0,0, ,"(37.786521, -122.399982)"
Private,199 FREMONT ST,PPA, ,G,118,0,0, ,"(37.789375, -122.39483)"
Private,22 04th ST,PPA, ,G,82,0,0, ,"(37.785264, -122.405469)"
SFRA,223 STEVENSON ST,PPA, ,G,350,0,0, ,"(37.786138, -122.40344)"
Private,225 BUSH ST,PPA, , ,86,0,3, ,"(37.790866, -122.400986)"
Private,240 PACIFIC AVE,PPA, ,L,29,0,0, ,"(37.797852, -122.400267)"
Private,25 BEACH ST,PPA, ,L,65,0,0, ,"(37.807787, -122.409301)"
Private,29 BRADY ST,PPA, , ,268,0,0, ,"(37.773165, -122.420277)"
Private,303 02ND ST,PPA, ,G,358,0,0, ,"(37.785555, -122.396225)"
Private,333 03rd St,PPA, ,G,363,0,0, ,"(37.783516, -122.398097)"
Private,3490 CALIFORNIA ST,PPA, , ,80,0,0, ,"(37.786809, -122.451339)"
Private,350 SANSOME ST,PPA, ,G,0,201,0, ,"(37.793662, -122.400805)"
Private,450 NORTH POINT ST,PPA, ,L,66,0,0, ,"(37.806589, -122.414807)"
Private,475 SANSOME ST,PPA, ,G,210,0,0, ,"(37.794553, -122.401512)"
Private,500 HOWARD ST,PPA, ,L,110,0,0, ,"(37.788484, -122.396218)"
Private,505 MONTGOMERY ST,PHO, ,G,50,0,0, ,"(37.793772, -122.403039)"
Private,55 HAWTHORNE ST,PPA, ,G,280,0,0, ,"(37.785331, -122.398154)"
Private,550 CALIFORNIA ST,PPA, ,G,200,0,0, ,"(37.792917, -122.40333)"
Private,580 BRANNAN ST,PPA, ,L,146,0,0, ,"(37.777101, -122.398199)"
Private,600 MONTGOMERY ST,PHO, ,G,318,0,0, ,"(37.794692, -122.402701)"
Private,601 MONTGOMERY ST,PPA, ,G,0,65,0, ,"(37.794626, -122.403214)"
Private,750 BUSH ST,PPA, ,G,0,250,0, ,"(37.790209, -122.409474)"
Private,750 Front St,PPA, ,G,200,0,0, ,"(37.798261, -122.399335)"
Private,795 FOLSOM ST,PPA,PHO,G,120,0,0, ,"(37.781951, -122.400634)"
Private,80 Francisco St,PPA, ,G,526,0,0, ,"(37.80574, -122.406466)"
Private,999 CALIFORNIA ST,PPA, ,G,80,0,0, ,"(37.791604, -122.410422)"
Private,160 JEFFERSON ST,PPA, ,L,250,0,0, ,"(37.808429, -122.415214)"
Private,1230 Carroll Ave,PPA, ,L,150,0,0, ,"(37.720762, -122.385344)"
Private,25 Arelious Walker Dr,PPA, ,L,180,0,0, ,"(37.718656, -122.385272)"
Private,528 Gilman Ave,PPA, ,L,815,0,0, ,"(37.715523, -122.382802)"
Private,690 Egbert Ave,PPA, ,L,1125,0,0, ,"(37.717289, -122.382635)"
Private,76 Arelious Walker Dr,PPA, ,L,900,0,0, ,"(37.717781, -122.385961)"
Private,626 GREEN ST,PPA, ,L,18,0,0, ,"(37.799588, -122.409371)"
Private,455 North Point St,PPA, ,G,110,0,0, ,"(37.806189, -122.414445)"
Private,450 10th St,PPA, ,G,500,0,0, ,"(37.770591, -122.411002)"
Private,5200 GEARY BLVD,PPA, ,G,150,0,0, ,"(37.780701, -122.474839)"
Private,600 The EMBARCADERO,PPA, , ,50,0,0, ,"(37.782798, -122.388456)"
Private,1021 MISSION ST,PPA, ,G,60,0,0, ,"(37.780314, -122.408922)"
Private,1310 Fillmore Street,PPA, ,G,112,0,0, ,"(37.78158, -122.431917)"
Private,160 SPEAR ST,PPA, ,G,37,0,0, ,"(37.791621, -122.393148)"
Private,606 CAPP ST,PPA, ,L,30,0,0, ,"(37.756711, -122.417908)"
Private,1231 MARKET ST,PPA, ,L,0,45,0, ,"(37.778157, -122.414288)"
Private,818 LEAVENWORTH ST,PPA, , ,90,0,0, ,"(37.788603, -122.414785)"
Private,210 TAYLOR ST,PPA, ,L,129,0,0, ,"(37.784339, -122.410454)"
Private,25 Mason St,PPA, ,GL,140,0,0, ,"(37.783573, -122.409206)"
Private,530 TURK ST,PPA, ,L,0,70,0, ,"(37.782479, -122.417626)"
Private,1375 FILLMORE ST,PPA,PHO,G,200,0,10, ,"(37.781996, -122.432527)"
Private,51 Hagiwara Tea Garden Dr,PPA, ,G,800,0,0, ,"(37.770372, -122.467449)"
Private,833 BRYANT ST,PPA, ,L,90,0,0, ,"(37.775276, -122.402871)"
Private,622 WASHINGTON ST,PPA, ,G,60,0,10, ,"(37.795597, -122.403894)"
GGNRA,3698 Laguna St,PPA, ,L,437,0,0, ,"(37.805093, -122.4316)"
Private,760 BRYANT ST,PPA, ,L,35,0,0, ,"(37.776908, -122.401542)"
GG Bridge Authority,3 Transit Facility,PPA, ,L,81,0,0, ,"(37.807699, -122.474081)"
GG Bridge Authority,25 Battery Cranston,PPA, ,L,164,0,0, ,"(37.806308, -122.475697)"
Private,1051 TAYLOR ST,PPA, ,G,132,0,0, ,"(37.792017, -122.412623)"
Private,325 GROVE ST,PHO, , ,25,0,0, ,"(37.777708, -122.421777)"
Private,550 OFARRELL ST,PPA, ,G,40,0,0, ,"(37.78584, -122.413658)"
Private,433 MASON ST,PPA, ,G,110,0,0, ,"(37.787537, -122.410033)"
Private,155 STEUART ST,PPA, ,G,15,0,0, ,"(37.792666, -122.391977)"
Private,40 Pier Three,PPA, ,L,180,0,0, ,"(37.797931, -122.394909)"
Private,770 BROADWAY,PPA, ,L,40,0,0, ,"(37.797642, -122.409598)"
Presidio,1115 Gorgas Ave,PPA, ,G,419,0,0, ,"(37.801439, -122.450057)"
Private,100 FOLSOM ST,PPA, ,L,48,0,0, ,"(37.790098, -122.391053)"
Private,1050 03rd St,PPA, ,L,150,0,0, ,"(37.775349, -122.390012)"
Private,1099 03rd St,PPA, ,L,2501,0,0, ,"(37.775409, -122.388605)"
Private,1537 MISSION ST,PPA, ,L,25,0,0, ,"(37.77355, -122.417375)"
Private,179 EDDY ST,PPA, ,L,40,0,0, ,"(37.783985, -122.409967)"
Private,1750 FULTON ST,PPA, ,G,240,0,0, ,"(37.776062, -122.445491)"
Private,2210 STOCKTON ST,PPA, ,G,150,0,0, ,"(37.806182, -122.409899)"
Private,2291 STOCKTON ST,PPA, ,G,200,0,0, ,"(37.806728, -122.410533)"
Private,350 BAY ST,PPA, ,G,353,0,0, ,"(37.805876, -122.412641)"
Private,350 BEACH ST,PPA, ,G,241,0,0, ,"(37.807533, -122.41466)"
Private,40 Pier Thirty,PPA, ,L,998,0,0, ,"(37.786579, -122.386544)"
Private,425 BROADWAY,PPA, ,L,70,0,0, ,"(37.797916, -122.40407)"
Private,55 BRYANT ST,PPA, ,L,293,0,0, ,"(37.786554, -122.388448)"
Private,788 HARRISON ST,CPO, ,G,180,0,0, ,"(37.781113, -122.399327)"
Private,1898 VAN NESS AVE,PPA, ,L,50,0,0, ,"(37.7931, -122.422423)"
Private,2190 OFARRELL ST,PPA, ,G,410,0,0, ,"(37.782429, -122.440539)"
Private,2238 GEARY BLVD,PPA, ,G,366,0,0, ,"(37.783447, -122.440014)"
Private,4141 GEARY BLVD,PPA, ,G,328,0,0, ,"(37.780234, -122.463375)"
Private,3657 SACRAMENTO ST,PPA, , ,40,0,0, ,"(37.787184, -122.452633)"
Private,125 STEVENSON ST,PPA, ,G,180,175,0, ,"(37.788339, -122.400801)"
Private,111 Woodside Ave,PPA, ,L,206,0,0, ,"(37.746855, -122.456691)"
Private,728 PACIFIC AVE,PPA, ,G,60,0,0, ,"(37.797002, -122.407127)"
Private,1080 SUTTER ST,PPA, ,L,55,0,0, ,"(37.788174, -122.417912)"
Private,11 Oak St,PPA,PHO,L,30,10,0, ,"(37.775135, -122.419451)"
Private,1333 CASTRO ST,PPA, ,L,21,0,0, ,"(37.75098, -122.433611)"
Private,1636 Powell St,PPA, ,G,70,0,0, ,"(37.799657, -122.410273)"
Private,2238 CLEMENT ST,PPA, ,L,25,0,0, ,"(37.78226, -122.482998)"
Private,301 06TH ST,PPA, ,L,54,0,0, ,"(37.778559, -122.405187)"
Private,400 03rd ST,PPA, ,L,60,0,0, ,"(37.782317, -122.397325)"
Private,450 05th ST,PPA, ,L,140,0,0, ,"(37.778334, -122.401205)"
Private,725 HARRISON ST,PPA, ,L,60,0,0, ,"(37.781832, -122.397681)"
Private,75 NATOMA ST,PPA, ,L,32,0,0, ,"(37.787622, -122.397654)"
Private,900 SANSOME ST,PPA, ,G,100,0,0, ,"(37.79851, -122.401802)"
Private,2300 SUTTER ST,PPA, ,G,50,0,0, ,"(37.785593, -122.438224)"
Private,401 MAIN ST,PPA, ,G,300,0,0, ,"(37.788108, -122.389791)"
Private,204 02ND ST,PPA, ,L,0,110,0, ,"(37.786478, -122.398115)"
Private,1401 MISSION ST,PPA, ,L,50,0,0, ,"(37.774961, -122.415697)"
Private,541 ELLIS ST,PPA, ,G,25,0,0, ,"(37.784305, -122.414997)"
Private,681 Green St,PPA, ,L,22,0,0, ,"(37.799097, -122.410015)"
Private,2299 POST ST,PPA, , ,24,0,0, ,"(37.784126, -122.439158)"
Private,178 Townsend ST,PPA, ,G,80,0,0, ,"(37.779466, -122.392089)"
Private,655 MONTGOMERY ST,PPA,PHO,G,75,0,0, ,"(37.795063, -122.403304)"
Private,443 DIVISADERO ST,PPA, ,L,10,0,0, ,"(37.773457, -122.437617)"
Private,2601 MARIPOSA ST,PPA, ,G,100,0,0, ,"(37.762792, -122.409462)"
Private,1650 WEBSTER ST,PPA, ,L,51,0,0, ,"(37.785845, -122.430932)"
Private,1391 Sutter St,PPA, ,G,68,0,0, ,"(37.787122, -122.422901)"
Private,200 13th St,PPA, ,L,34,0,0, ,"(37.77007, -122.417702)"
Private,2927 Larkin ST,PPA, ,G,94,0,0, ,"(37.804892, -122.421925)"
Private,425 Divisadero St,PPA, ,L,38,0,0, ,"(37.773319, -122.43759)"
Private,680 Stanyan St,CPO, ,L,38,0,0,grocery,"(37.769407, -122.453164)"
Private,3865 24TH ST,PPA, ,L,29,0,0, ,"(37.751362, -122.428709)"
Private,560 Mission St,PPA, ,G,210,0,0, ,"(37.788878, -122.398813)"
Private,2310 POWELL ST,PPA, ,G,284,0,0, ,"(37.80598, -122.411539)"
Private,423 BEACH ST,PPA, ,L,23,0,0, ,"(37.806968, -122.415846)"
Private,1800 HAIGHT ST,PPA, ,L,17,0,0, ,"(37.76951, -122.451988)"
Private,189 Hubbell St,PPA, ,L,500,0,0, ,"(37.76642, -122.397815)"
Private,2055 CHESTNUT ST,PPA, ,L,34,0,0, ,"(37.800467, -122.436798)"
Private,90 BROADWAY,PPA, ,L,160,0,0, ,"(37.79892, -122.39945)"
Private,1910 Union st,PPA, ,G,70,0,0, ,"(37.797843, -122.430633)"
Private,150 SPEAR ST,PPA, ,G,15,0,0, ,"(37.791721, -122.393274)"
Private,2144 Market St,PPA, ,L,19,0,0, ,"(37.767008, -122.429754)"
Private,1603 MONTGOMERY ST,PPA, ,G,60,0,0, ,"(37.803861, -122.405075)"
Private,345 BRANNAN ST,PPA, ,L,99,0,0, ,"(37.780942, -122.392604)"
Private,1635 DIVISADERO ST,PPA, ,G,538,0,0, ,"(37.784581, -122.439868)"
Private,675 TOWNSEND ST,PPA, ,G,266,0,0, ,"(37.770388, -122.402847)"
Private,599 02nd ST,PPA, ,L,40,0,0, ,"(37.781986, -122.391757)"
Private,191 BEALE ST,PPA, ,L,230,0,0, ,"(37.790227, -122.394156)"
Private,235 MAIN ST,PPA, ,L,260,0,0, ,"(37.790241, -122.392448)"
Private,69 POLK ST,PPA, ,L,53,20,0, ,"(37.777129, -122.418203)"
Private,750 GOLDEN GATE AVE,PPA, ,L,50,25,0, ,"(37.78087, -122.422774)"
Private,970 HOWARD ST,PPA, ,L,40,10,0, ,"(37.780389, -122.406444)"
Private,98 FRANKLIN ST,PPA, ,L,74,0,0, ,"(37.775171, -122.420504)"
Port of SF,40 Pier Fortyeight,PPA, ,G,400,0,0, ,"(37.775266, -122.38686)"
Presidio,10 Edie Rd,PPA, ,L,29,0,0, ,"(37.801334, -122.450645)"
Presidio,1060 Torney Ave,PPA, ,L,26,0,0, ,"(37.800181, -122.452067)"
Presidio,10 P-Funston Ave,PPA, ,L,301,0,0, ,"(37.80005, -122.454433)"
Presidio,10 French Ct,PPA, ,L,60,0,0, ,"(37.802095, -122.455226)"
Private,1040 MISSION ST,PPA, ,L,60,0,0, ,"(37.780402, -122.409571)"
Private,1040 SACRAMENTO ST,PPA, ,G,250,0,0, ,"(37.793037, -122.409914)"
Private,1045 CALIFORNIA ST,PPA, ,G,225,0,0, ,"(37.791489, -122.411332)"
Private,148 Townsend St,PPA, ,G,75,0,0, ,"(37.779919, -122.391516)"
Private,1550 BRYANT ST,PPA, ,L,45,0,0, ,"(37.767874, -122.411236)"
Private,1650 JACKSON ST,PPA, ,G,111,0,0, ,"(37.794193, -122.422091)"
Private,201 02ND ST,PPA, ,L,21,15,0, ,"(37.786833, -122.397828)"
Private,222 02ND ST,PPA, ,L,120,0,0, ,"(37.78619, -122.397754)"
Private,222 KEARNY ST,PPA, ,G,65,0,0, ,"(37.790096, -122.403453)"
Private,350 02nd ST,PPA, ,L,150,0,0, ,"(37.784593, -122.395751)"
Private,41 TEHAMA ST,PPA, ,L,120,0,0, ,"(37.786975, -122.396277)"
Private,486 JESSIE ST,PPA, ,L,140,0,0, ,"(37.781798, -122.40883)"
Private,528 JACKSON ST,PPA, ,L,80,0,0, ,"(37.796517, -122.403793)"
Private,569 POST ST,PPA, ,G,100,0,0, ,"(37.787693, -122.410902)"
Private,401 Jackson St,PPA, ,L,22,0,0, ,"(37.795894, -122.401792)"
Private,655 SACRAMENTO ST,PPA, ,L,20,0,0, ,"(37.793443, -122.403404)"
Private,680 02nd ST,PPA, ,G,50,0,0, ,"(37.78072, -122.390904)"
Private,699 COLUMBUS AVE,PPA, ,L,23,0,0, ,"(37.800893, -122.411315)"
Private,777 HARRISON ST,PPA, ,G,120,0,0, ,"(37.780976, -122.398765)"
Private,85 02ND ST,PPA, ,G,60,45,0, ,"(37.788311, -122.399682)"
Private,345 SPEAR ST,PPA, ,G,400,0,0, ,"(37.789602, -122.389889)"
Private,415 TAYLOR ST,PPA, ,L,110,0,0, ,"(37.786327, -122.411404)"
Private,490 POST ST,PPA, ,G,126,45,0, ,"(37.788273, -122.409635)"
Private,500 POST ST,PPA, ,G,160,0,0, ,"(37.788217, -122.410073)"
Private,542 GEARY ST,PPA, ,L,40,0,0, ,"(37.787008, -122.412052)"
Private,655 BEACH ST,PPA, ,G,120,0,0, ,"(37.806493, -122.419635)"
Private,80 HEMLOCK ALLEY,PPA, , ,75,0,0, ,"(37.787487, -122.419457)"
Private,875 CALIFORNIA ST,PPA, ,G,0,100,0, ,"(37.791835, -122.408584)"
Private,600 STOCKTON ST,CPO, ,G,83,0,0, ,"(37.791379, -122.406896)"
Private,661 BROADWAY,PPA, ,G,50,0,0, ,"(37.797456, -122.407732)"
Private,642 HARRISON ST,PPA, ,G,60,0,0, ,"(37.783647, -122.396118)"
RPD,600 Jamestown Ave,PPA, ,L,9000,0,0, ,"(37.712639, -122.387363)"
Private,15 08TH ST,PPA,PHO,GL,80,0,0, ,"(37.778656, -122.413863)"
Private,1550 BAY ST,PPA, ,G,176,0,0, ,"(37.803316, -122.432369)"
Private,170 COLUMBUS AVE,PPA, ,G,110,0,0, ,"(37.796956, -122.40484)"
Private,2720 TAYLOR ST,PPA, ,G,50,0,0, ,"(37.807507, -122.415219)"
Private,555 SELBY ST,PPA, , ,150,0,0, ,"(37.743769, -122.395643)"
SFRA,644 BRANNAN ST,PPA, ,L,120,0,0, ,"(37.775859, -122.399771)"
Port of SF,40 Pier Forty,PPA, ,L,280,0,0, ,"(37.781444, -122.387314)"
RPD,1 ZOO RD,PPA, ,L,483,0,0, ,"(37.730072, -122.502666)"
Private,205 13th ST,PPA, ,L,69,0,0, ,"(37.769385, -122.417333)"
SFMTA,1000 Ocean Avenue,PPA, ,L,20,0,0, ,"(37.72344, -122.452933)"
SFMTA,123 OFarrell Street,PPA, ,G,925,0,0, ,"(37.786027, -122.406906)"
SFMTA,1275 20th Avenue,PPA, ,L,24,0,0, ,"(37.764012, -122.4783)"
SFMTA,1325 08th Avenue,PPA, ,L,41,0,0, ,"(37.763473, -122.465276)"
SFMTA,1340 07th Avenue,PPA, ,L,36,0,0, ,"(37.763299, -122.463668)"
SFMTA,1399 Bush Street,PPA, ,G,129,0,0, ,"(37.788469, -122.419911)"
SFMTA,1610 Geary Blvd,PPA, ,G,747,0,0, ,"(37.785053, -122.430324)"
SFMTA,1660 Mission Street,PHO, ,G,59,0,0, ,"(37.771391, -122.419536)"
SFMTA,1680 Fillmore St,PPA, ,G,177,0,0, ,"(37.784865, -122.432591)"
SFMTA,174 West Portal Avenue,PPA, ,L,19,0,0, ,"(37.739141, -122.467847)"
SFMTA,20 Norton Street,PPA, ,L,28,0,0, ,"(37.724924, -122.434984)"
SFMTA,2055 Lombard Street,PPA, ,G,205,0,0, ,"(37.799625, -122.435051)"
SFMTA,2450 California Street,PPA, ,L,48,0,0, ,"(37.788955, -122.434528)"
SFMTA,25 Felton Street,PPA, ,L,10,0,0, ,"(37.729716, -122.404616)"
SFMTA,250 Clay Street,PPA, ,G,1095,0,0, ,"(37.795394, -122.398413)"
SFMTA,2500 24th St,PPA, ,G,807,0,0, ,"(37.753235, -122.404721)"
SFMTA,2500 Ocean Avenue,PPA, ,L,20,0,0, ,"(37.731462, -122.472183)"
SFMTA,2501รก23rd St,PPA, ,G,850,0,0, ,"(37.754172, -122.40475)"
SFMTA,255 03rd Street,PPA, ,G,752,0,0, ,"(37.784476, -122.399289)"
SFMTA,3000 19th Avenue,PPA, ,L,20,0,0, ,"(37.732067, -122.474469)"
SFMTA,324 08th Avenue,PPA, ,L,28,0,0, ,"(37.782328, -122.466071)"
SFMTA,3252 Pierce Street,PPA, ,G,116,0,0, ,"(37.799922, -122.438994)"
SFMTA,3255 21st Street,PPA, ,G,350,0,0, ,"(37.756703, -122.420134)"
SFMTA,3255 24th Street,PPA, ,L,19,0,0, ,"(37.752041, -122.417317)"
SFMTA,330 09th Avenue,PPA, ,L,23,0,0, ,"(37.782074, -122.46711)"
SFMTA,333 Post Street,PPA, ,G,985,0,0, ,"(37.787732, -122.407341)"
SFMTA,355 McAllister Street,PPA, ,G,843,0,0, ,"(37.779843, -122.417484)"
SFMTA,360 Grove Street,PPA, ,G,618,0,0, ,"(37.778055, -122.422341)"
SFMTA,4061 24th Street,PPA, ,L,17,0,0, ,"(37.751105, -122.432972)"
SFMTA,4116 18th St,PPA, ,L,28,0,0, ,"(37.761063, -122.435652)"
SFMTA,415 07th Street,PPA, ,L,105,0,0, ,"(37.775198, -122.405403)"
SFMTA,421 18th Ave,PPA, ,L,34,0,0, ,"(37.77987, -122.477273)"
SFMTA,433 Kearny Street,PPA, ,G,700,0,0, ,"(37.791952, -122.404358)"
SFMTA,44 Hoff Street,PPA, ,G,98,0,0, ,"(37.764204, -122.420583)"
SFMTA,444 Stockton Street,PPA, ,G,1865,0,0, ,"(37.789845, -122.406591)"
SFMTA,457 Castro St,PPA, ,L,20,0,0, ,"(37.761655, -122.434434)"
SFMTA,5732 Geary Blvd,PPA, ,L,21,0,0, ,"(37.780493, -122.480659)"
SFMTA,733 Kearny Street,PPA, ,G,600,0,0, ,"(37.794631, -122.404913)"
SFMTA,735 Vallejo Street,PPA, ,G,162,0,0, ,"(37.798242, -122.409227)"
SFMTA,766 Vallejo Street,PPA, ,G,163,0,0, ,"(37.798624, -122.409512)"
SFMTA,807 Ulloa St,PPA, ,L,23,0,0, ,"(37.74039, -122.464976)"
SFMTA,833 Mission Street,PPA, ,G,2585,0,47, ,"(37.783152, -122.405154)"
Private,469 EDDY ST,PPA, ,G,30,0,0, ,"(37.783336, -122.415086)"
Private,1567 CALIFORNIA ST,PPA, ,L,22,0,0, ,"(37.790403, -122.41986)"
Private,2500 MASON ST,PPA, ,G,256,0,0, ,"(37.806632, -122.413359)"
Private,1127 Mission St,PPA, ,G,40,0,0, ,"(37.778522, -122.411191)"
Private,801 BRYANT ST,PPA, ,L,150,0,0, ,"(37.775802, -122.402206)"
Private,1162 Mission St,PPA, ,G,166,0,0, ,"(37.778491, -122.41222)"
Private,925 POWELL ST,PPA, ,G,30,0,0, ,"(37.793148, -122.409484)"
Private,3555 CESAR CHAVEZ ST,PPA, ,G,214,0,0, ,"(37.747799, -122.420673)"
Private,1 BUSH ST,PPA, ,G,260,0,0, ,"(37.790868, -122.399192)"
Private,100 PINE ST,PPA, ,G,150,0,0, ,"(37.792549, -122.398557)"
Private,121 SPEAR ST,PPA, ,G,450,0,0, ,"(37.792312, -122.393281)"
Private,55 11th St,PHO, ,G,127,0,0, ,"(37.775084, -122.41757)"
Private,215 Townsend St,PPA, ,G,750,0,0, ,"(37.777397, -122.393619)"
Private,235 PINE ST,PPA, ,G,60,40,0, ,"(37.79195, -122.399974)"
Private,255 12th ST,PPA, ,G,856,0,0, ,"(37.771601, -122.415998)"
Private,300 CALIFORNIA ST,PPA, ,G,60,0,0, ,"(37.79335, -122.399927)"
Private,505 BRANNAN ST,PPA, ,L,72,0,0, ,"(37.7779, -122.396453)"
Private,521 Mission St,PPA, ,G,180,0,0, ,"(37.788964, -122.397968)"
Private,650 TOWNSEND ST,PPA, ,G,526,0,0, ,"(37.771024, -122.402778)"
Private,1266 09TH AVE,PPA, ,L,30,0,0, ,"(37.764681, -122.46591)"
Private,144 KING ST,PPA, ,L,30,0,0, ,"(37.779247, -122.390677)"
Private,1 MISSION ST,PPA, , ,270,0,0, ,"(37.793409, -122.392392)"
Private,2254 MARKET ST,PPA, ,L,30,0,0, ,"(37.765254, -122.432035)"
Private,1101 SUTTER ST,PPA, ,G,80,0,0, ,"(37.787694, -122.418399)"
Private,1725 SACRAMENTO ST,PPA, ,G,68,0,0, ,"(37.791183, -122.421129)"
Private,64 Golden Gate Ave,PPA, ,G,70,0,0, ,"(37.782323, -122.411334)"
Private,1480 Sutter St,PPA, ,G,38,0,0, ,"(37.787337, -122.424492)"
Private,1388 Sutter St,PPA, ,G,225,0,0, ,"(37.787533, -122.422956)"
Private,1776 SACRAMENTO ST,PPA, ,G,70,0,0, ,"(37.791502, -122.421907)"
Private,732 WASHINGTON ST,PPA, ,L,35,0,0, ,"(37.795406, -122.405462)"
Private,45 03RD ST,PPA, ,G,798,0,0, ,"(37.787017, -122.402516)"
Private,1600 JACKSON ST,PPA, ,G,74,0,0, ,"(37.794279, -122.42142)"
Private,77 Post St,PHO, ,G,12,0,0, ,"(37.788701, -122.402965)"
Private,265 EDDY ST,PPA, ,G,40,0,0, ,"(37.78376, -122.411744)"
Private,565 GEARY ST,PPA, ,G,30,0,0, ,"(37.786546, -122.412402)"
Private,600 TOWNSEND ST,PPA, ,G,163,0,0, ,"(37.77174, -122.401872)"
Private,250 BRANNAN ST,PPA, ,G,170,0,0, ,"(37.782932, -122.390821)"
Private,400 GROVE ST,PPA,PHO,L,46,12,0, ,"(37.777949, -122.423182)"
Private,401 Grove St,PPA,PHO,L,70,0,0, ,"(37.777543, -122.423098)"
Private,470 BROADWAY,PPA, ,L,21,0,0, ,"(37.798234, -122.404849)"
Private,515 HOWARD ST,PPA, ,L,150,0,0, ,"(37.788001, -122.396093)"
Private,524 HOWARD ST,PPA, ,L,70,0,0, ,"(37.788084, -122.396724)"
Private,530 BROADWAY,PPA, ,L,38,0,0, ,"(37.79811, -122.405814)"
Private,680 MISSION ST,PPA, ,G,240,0,0, ,"(37.786678, -122.401598)"
Private,701 LOMBARD ST,PPA, ,L,40,0,0, ,"(37.802569, -122.412863)"
Private,65 Fresno St,PPA, ,L,30,0,0, ,"(37.798295, -122.406478)"
Private,75 MOSS ST,PPA, ,L,18,0,0, ,"(37.777642, -122.407375)"
Private,840 SUTTER ST,PPA, ,G,150,0,0, ,"(37.788664, -122.414094)"
Private,85 05TH ST,PPA, ,G,0,60,0, ,"(37.783019, -122.406129)"
Private,901 HOWARD ST,PPA, ,L,0,85,0, ,"(37.781244, -122.404639)"
Private,345 06th ST,PPA, , ,25,0,0, ,"(37.778, -122.404486)"
Private,425 NORTH POINT ST,PPA, ,G,64,0,0, ,"(37.806241, -122.414042)"
UCSF,1625 Owens St,PPA, ,G,516,0,0, ,"(37.768128, -122.393504)"
UCSF,1650 03RD ST,PPA, ,G,720,0,0, ,"(37.768365, -122.389408)"
UCSF,1855 Folsom St,PPA, ,L,200,0,0, ,"(37.767406, -122.413806)"
UCSF,3111 17th St,PPA, ,L,180,0,0, ,"(37.764027, -122.415587)"
UCSF,3333 California St,PPA, ,L,57,0,0, ,"(37.786721, -122.448834)"
UCSF,500 PARNASSUS AVE,PPA, ,G,990,0,0, ,"(37.763756, -122.458208)"
UCSF,533 Laurel St,PPA, ,G,84,0,0, ,"(37.785836, -122.449486)"
UCSF,568 Laurel St,PPA, ,G,89,0,0, ,"(37.785487, -122.448926)"
UCSF,6 Kirkham St,PPA, ,L,16,0,0, ,"(37.760703, -122.460519)"
UCSF,64 Kirkham St,PPA, ,L,149,0,0, ,"(37.760677, -122.461122)"
UCSF,83 Channel St,PPA, ,L,287,0,0, ,"(37.772656, -122.393194)"
Private,2001 UNION ST,PPA,PHO,G,200,0,0, ,"(37.797235, -122.432138)"
Private,1550 Union St,PPA, ,G,40,0,0, ,"(37.798602, -122.424669)"
Private,909 MONTGOMERY ST,PPA, ,G,65,0,0, ,"(37.797357, -122.403771)"
Private,200 KANSAS ST,PPA, ,L,49,0,0, ,"(37.767124, -122.403817)"
Private,2130 FULTON ST,PPA, ,G,770,0,0, ,"(37.775351, -122.451045)"
Private,998 Sansome St,PPA, , ,24,0,0, ,"(37.798976, -122.401896)"
Private,3151 22nd St,PHO, ,L,103,0,0, ,"(37.755233, -122.417708)"
Private,10 NATOMA ST,PPA, ,G,110,0,0, ,"(37.78941, -122.396121)"
Private,136 TOWNSEND ST,PPA, ,G,110,0,0, ,"(37.7801, -122.391287)"
Private,1375 Sutter St,PPA, ,G,167,0,0, ,"(37.78715, -122.422686)"
Private,1398 STEVENSON ST,PPA, ,L,65,0,0, ,"(37.770026, -122.421668)"
Private,1399 STEVENSON ST,PPA, ,L,87,0,0, ,"(37.770058, -122.42115)"
Private,150 01ST ST,PPA, ,G,180,0,0, ,"(37.788955, -122.396797)"
Private,250 MAIN ST,PPA, ,L,440,0,0, ,"(37.789788, -122.392615)"
Private,270 BRANNAN ST,PPA, ,L,70,0,0, ,"(37.782668, -122.391155)"
Private,38 08th St,PPA, ,L,0,50,0, ,"(37.777949, -122.414013)"
Private,535 MISSION ST,PPA, ,G,100,0,0, ,"(37.788854, -122.398107)"
Private,546 HOWARD ST,PPA,PHO,L,60,70,0, ,"(37.787717, -122.397188)"
Private,601 Bay St,PPA, ,L,29,0,0, ,"(37.804956, -122.416691)"
Private,67 Turk St,PPA, ,GL,115,0,0, ,"(37.783027, -122.410031)"
Private,81 MINNA ST,PPA, ,L,100,0,0, ,"(37.787777, -122.398388)"
Private,855 GEARY ST,PPA, ,G,100,0,0, ,"(37.785946, -122.417104)"
Private,900 FOLSOM ST,PPA, ,L,250,0,0, ,"(37.780281, -122.403485)"
Private,923 Brannan St,PPA, ,L,280,0,0, ,"(37.770754, -122.405492)"
Private,942 Jessie St,PPA, ,L,105,40,0, ,"(37.775481, -122.416587)"
Private,910 Brannan St,PPA, ,L,115,0,0, ,"(37.771168, -122.405704)"
Private,1945 HYDE ST,PPA, ,G,20,0,0, ,"(37.798693, -122.419029)"
Private,1625 POWELL ST,PPA, ,G,65,0,0, ,"(37.7995, -122.410767)"
Private,229 07th ST,PPA, ,L,110,0,0, ,"(37.77767, -122.408506)"
Private,735 DAVIS ST,PPA, , ,60,0,0, ,"(37.799159, -122.398833)"
Private,1280 Laguna St,PHO, ,L,49,0,0, ,"(37.782785, -122.427101)"
Private,273 JEFFERSON ST,PPA, ,L,210,0,0, ,"(37.807694, -122.416627)"
Private,223 SUTTER ST,PPA, ,G,650,0,0, ,"(37.789557, -122.403782)"
Private,999 POLK ST,PPA, ,L,20,0,0, ,"(37.785636, -122.419715)"
Private,2420 SUTTER ST,PPA, , ,80,0,0, ,"(37.785347, -122.440162)"
Private,1014 MISSION ST,PPA, ,L,18,0,0, ,"(37.780716, -122.409153)"
Private,299 Valencia St,PPA, ,L,30,0,0, ,"(37.768277, -122.421766)"
Private,2020 Alameda St,PPA, ,L,100,0,0, ,"(37.768673, -122.404955)"
Private,30 Division St,PPA, ,L,60,0,0, ,"(37.768805, -122.410083)"
Private,344 14TH ST,PPA, ,L,74,0,0, ,"(37.76837, -122.420812)"
Private,501 08th St,PPA, ,L,62,0,0, ,"(37.772501, -122.40644)"
Private,899 VALENCIA ST, , ,L,31,0,0, ,"(37.758662, -122.420841)"
Private,450 South St,PPA, ,G,1400,0,0, ,"(37.769331, -122.388117)"
UCSF,1590 Owens St,PPA, ,L,60,0,0, ,"(37.768434, -122.39583)"
Private,1670 Owens St,PPA, ,G,500,0,0, ,"(37.76755, -122.394847)"
Private,409 Illinois St,PPA, ,G,400,0,0, ,"(37.766705, -122.387222)"
UC,376 Larkin St,PPA,PHO,G,400,0,8, ,"(37.781169, -122.416635)"
Private,488 South Van Ness Ave,PPA, ,L,40,0,0, ,"(37.76538, -122.417594)"
Private,150 Hayes St,PPA,PHO,G,64,20,0, ,"(37.777549, -122.418755)"
Private,100 Van Ness Ave,PPA,PHO,G,130,40,0, ,"(37.776794, -122.419053)"
Private,175 Turk St,PPA, ,G,100,0,0, ,"(37.782824, -122.411753)"
Private,191 Turk St,PPA, ,L,25,0,0, ,"(37.782794, -122.411963)"
Private,150 Turk St,PPA, ,G,50,0,0, ,"(37.783237, -122.411494)"
SFSU,450 Winston Dr,PPA, ,L,311,0,0, ,"(37.728299, -122.481975)"
SFSU,98 N State Dr,PPA, ,G,1572,0,0, ,"(37.725227, -122.480268)"
Private,3399 16th St,PHO, ,L,21,0,0,religious,"(37.764288, -122.428004)"
BART,540 Bosworth St,PHO, ,L,53,0,0, ,"(37.733636, -122.433202)"
Private,150 Paul Ave,CGO, ,L,10,0,0, ,"(37.722912, -122.396935)"
Caltrans,30 Rickard,CGO, ,L,200,0,0, ,"(37.733592, -122.408264)"
Private,1460 Marin St,CGO, ,L,240,0,0, ,"(37.748669, -122.393815)"
Private,121 Napoleon St,CGO, ,L,36,0,0, ,"(37.746807, -122.39818)"
Customs,1 Custom House Pl,CGO, ,L,18,0,0, ,"(37.795803, -122.401195)"
Private,98 Napoleon St,CGO, ,L,205,0,0, ,"(37.747381, -122.395533)"
Private,2270 Jerrold Ave,CGO, ,L,350,0,0, ,"(37.745647, -122.400932)"
RPD,100 Martin Luther King Jr Dr,CGO, ,L,105,0,0, ,"(37.76738, -122.46095)"
Private,3550 03rd St,CGO, ,L,120,0,0, ,"(37.744672, -122.387358)"
SFPUC,3500 Great Hwy,CGO, ,L,32,0,0, ,"(37.726604, -122.505057)"
Private,2180 HARRISON ST,CGO, ,L,150,0,0, ,"(37.76308, -122.413383)"
Private,429 Folsom St,CGO, ,L,25,0,0, ,"(37.787448, -122.393674)"
Private,50 Main St,CGO, ,G,285,0,0, ,"(37.792277, -122.395717)"
RPD,798 Frederick St,CGO, ,L,16,0,0, ,"(37.766083, -122.45724)"
RPD,1220 Martin Luther King Jr Dr,CGO, ,L,40,0,0, ,"(37.767215, -122.483563)"
Private,2121 Evans Ave,CGO, ,L,62,0,0, ,"(37.748581, -122.396868)"
SFPD,751 Stanyan St,CGO, ,L,45,0,0, ,"(37.767873, -122.453457)"
SFPD,970 Ocean Ave,CGO, ,L,15,0,0, ,"(37.723341, -122.452464)"
SFPD,201 Williams Ave,CGO, ,L,60,0,0, ,"(37.729699, -122.397314)"
SFPD,375 Woodside Ave,CGO, ,L,8,0,0, ,"(37.745849, -122.452067)"
SFPD,99 Seargeant John Young St,CGO, ,L,22,0,0, ,"(37.724716, -122.445775)"
SFPUC,1198 Phelps St,CGO, ,L,35,0,0, ,"(37.738096, -122.392929)"
SFPUC,1200 Phelps St,CGO, ,L,40,0,0, ,"(37.737973, -122.39304)"
SFPUC,1700 Jerrold Ave,CGO, ,L,16,0,0, ,"(37.740078, -122.391112)"
SFPUC,1750 Jerrold Ave,CGO, ,L,166,0,0, ,"(37.740505, -122.391865)"
Private,1575 Bayshore Blvd,CGO, ,L,290,0,0, ,"(37.724188, -122.400575)"
USPS,180 Napoleon St,CGO, ,L,130,0,0, ,"(37.747201, -122.39849)"
USPS,320 Main St,CGO, ,L,103,0,0, ,"(37.788852, -122.391448)"
USPS,333 Beale St,CGO, ,L,200,0,0, ,"(37.78834, -122.391791)"
USPS,25 Napoleon St,CGO, ,L,270,0,0, ,"(37.746915, -122.396414)"
Private,444 DEHARO ST,PHO, ,G,67,0,0, ,"(37.764189, -122.401613)"
Private,51 Zoe St,PHO, ,L,80,0,0, ,"(37.779976, -122.395659)"
Private,179 Hayes St,PHO, ,G,40,0,0, ,"(37.777104, -122.419028)"
Private,601 Brannan St,PHO, ,L,18,0,0, ,"(37.776199, -122.398605)"
Private,180 Fair Oaks St,PHO, ,L,14,0,0, ,"(37.753835, -122.424243)"
Private,1034 Page St,PHO, ,L,14,0,0, ,"(37.772278, -122.437715)"
Private,1826 Haight St,PHO, ,L,17,0,0, ,"(37.769086, -122.452354)"
Private,40 Folsom St,PHO, ,G,366,0,0, ,"(37.790374, -122.390052)"
Private,3001 Ortega St,PHO, ,L,42,0,0, ,"(37.751267, -122.495533)"
Private,3109 Ortega St,PHO, ,L,32,0,0, ,"(37.751213, -122.496675)"
Private,350 Paul Ave,PHO, ,L,59,0,0, ,"(37.723218, -122.398223)"
Private,1515 19th Ave,PHO, ,L,23,0,0, ,"(37.759379, -122.476931)"
Private,379 09th Ave,PHO, ,L,32,0,0, ,"(37.781439, -122.467653)"
Private,610 Brannan St,PHO, ,L,100,0,0, ,"(37.776347, -122.399153)"
Private,400 North Point St,PHO, ,L,109,0,0, ,"(37.806689, -122.413803)"
Private,7 LOMBARD ST,PHO, ,G,300,0,0, ,"(37.803832, -122.402348)"
Private,371 12th St,PHO, ,L,84,0,0, ,"(37.770418, -122.413294)"
Private,655 Brotherhood Way,PHO, ,L,120,0,0, ,"(37.712568, -122.472875)"
Private,66 Potrero St,PHO, ,L,137,0,0, ,"(37.76863, -122.407905)"
Private,915 Minna St,PHO, ,L,47,0,0, ,"(37.774197, -122.4156)"
Private,971 Minna St,PHO, ,L,9,0,0, ,"(37.774318, -122.416078)"
Private,2015 STEINER ST,PHO, ,L,20,0,0, ,"(37.787865, -122.435401)"
Private,2323 SACRAMENTO ST,PHO, ,G,10,0,0, ,"(37.789942, -122.430967)"
Private,2349 Sacramento St,PHO, ,G,10,0,0, ,"(37.789898, -122.431317)"
Private,2085 03rd St,PHO, ,L,10,0,0, ,"(37.763284, -122.388246)"
City College,101 Phelan Ave,PHO, ,L,1681,0,0, ,"(37.725635, -122.453036)"
City College,1125 Valencia St,PHO, ,G,38,0,0, ,"(37.754791, -122.420471)"
City College,45 Gough St,PHO, ,L,36,0,0, ,"(37.772321, -122.421278)"
City College,50 Science Cir,PHO, ,L,766,0,0, ,"(37.725677, -122.450833)"
City College,750 Eddy St,PHO, ,L,21,0,0, ,"(37.783151, -122.419864)"
Private,138 05th St,PHO, ,L,19,0,0, ,"(37.781832, -122.405576)"
Private,174 05th St,PHO, ,L,40,0,0, ,"(37.781621, -122.405302)"
Private,3850 17th St,PHO, ,L,7,0,0, ,"(37.762817, -122.431796)"
City College,1800 Hayes St,PHO, ,L,67,0,0, ,"(37.774038, -122.446352)"
City College,1860 Hayes St,PHO, ,L,54,0,0, ,"(37.773959, -122.44709)"
Private,398 Jefferson St,PHO, ,L,15,0,0, ,"(37.808045, -122.418807)"
Private,599 Cambridge St,PHO, ,L,134,0,0, ,"(37.724152, -122.417022)"
Private,115 08th St,PHO, ,L,40,0,0, ,"(37.77703, -122.413038)"
Private,200 Paul Ave,PHO, ,L,235,0,0, ,"(37.723039, -122.397471)"
Private,100 Potrero Ave,PHO, ,L,100,0,0, ,"(37.767745, -122.40888)"
Private,201 08th St,PHO, ,L,20,0,0, ,"(37.776276, -122.411179)"
Private,101 Market St,PHO, ,L,87,0,0, ,"(37.793506, -122.39528)"
Private,1160 Bay St,PHO, ,L,101,0,0, ,"(37.804562, -122.42605)"
Private,985 North Point St,PHO, ,G,60,0,0, ,"(37.805081, -122.423071)"
Private,33 New Montgomery St,PHO, ,L,12,0,0, ,"(37.788451, -122.401239)"
Private,645 14th Ave,PHO, ,G,16,0,0, ,"(37.775927, -122.472579)"
Private,2290 14th Ave,PHO, ,L,10,0,0, ,"(37.745429, -122.469938)"
Private,1 Welsh St,PHO, ,L,28,0,0, ,"(37.779806, -122.396057)"
Private,821 02nd St,PHO, ,L,32,0,0, ,"(37.779815, -122.38879)"
Private,1717 44th Ave,PHO, ,L,8,0,0, ,"(37.754435, -122.503432)"
Private,333 Main St,PHO, ,G,400,0,0, ,"(37.789021, -122.390928)"
Private,4398 Mission St,PHO, ,L,5,0,0, ,"(37.727285, -122.432905)"
Private,1835 Ellis St,PHO, ,G,106,0,0, ,"(37.781608, -122.436198)"
Private,401 Newhall St,PHO, ,L,20,0,0, ,"(37.741717, -122.386212)"
Private,2130 OFARRELL ST,PHO, ,G,663,0,0, ,"(37.782519, -122.439953)"
Private,2350 GEARY BLVD,PHO, ,L,18,0,0, ,"(37.783215, -122.44182)"
RPD,759 Stanyan St,PHO, ,L,44,0,0, ,"(37.767969, -122.454502)"
Private,825 Brotherhood Way,PHO, ,L,58,0,0, ,"(37.714226, -122.47691)"
LHH,128 Delbrook Ave,PHO, ,L,224,0,0, ,"(37.749142, -122.454234)"
LHH,173 Woodside Ave,PHO, ,L,23,0,0, ,"(37.746627, -122.455626)"
LHH,181 Woodside Ave,PHO, ,L,14,0,0, ,"(37.746598, -122.455503)"
LHH,185 Woodside Ave,PHO, ,L,27,0,0, ,"(37.746583, -122.455441)"
LHH,281 Laguna Honda Blvd,PHO, ,L,244,0,0, ,"(37.749616, -122.459782)"
Private,321 Florida St,PHO, ,L,60,0,0, ,"(37.764936, -122.410946)"
Private,3251 18th St,PHO, ,L,23,0,0, ,"(37.761571, -122.416201)"
Private,1101 Eucalyptus Dr,PHO, ,L,50,0,0, ,"(37.730819, -122.483418)"
Private,1201 Ortega St,PHO, ,L,14,0,0, ,"(37.752119, -122.476201)"
Private,1268 Missouri St,PHO, ,L,45,0,0, ,"(37.7504, -122.395438)"
Private,200 Bacon St,PHO, ,L,45,0,0, ,"(37.727496, -122.404584)"
Private,3250 19th Ave,PHO, ,L,36,0,0, ,"(37.729387, -122.474217)"
SFMTA,1849 Harrison St,PHO, ,G,227,0,0, ,"(37.767634, -122.412831)"
SFMTA,1001 Minnesota St,PHO, ,L,55,0,0, ,"(37.757507, -122.390459)"
SFMTA,949 Presidio Ave,PHO, ,L,100,0,0, ,"(37.782636, -122.446318)"
SFMTA,1210 15th St,PHO, ,L,38,0,0, ,"(37.766382, -122.412549)"
Private,616 HEMLOCK ST,PHO, ,L,38,0,0, ,"(37.786385, -122.428228)"
Private,602 Potrero Ave,PHO, ,L,17,0,0, ,"(37.761729, -122.407303)"
Private,1 Mendell St,PHO, ,L,140,0,0, ,"(37.743143, -122.383019)"
Private,10 Clyde St,PHO, ,L,40,0,0, ,"(37.77854, -122.394158)"
Private,10 Silliman St,PHO, ,L,14,0,0, ,"(37.731341, -122.405143)"
Private,1002 Bryant St,PHO, ,L,14,0,0, ,"(37.772554, -122.40705)"
Private,101 10th St,PHO, ,L,26,0,0, ,"(37.775227, -122.41536)"
Private,1010 03rd St,PHO, ,L,200,0,0, ,"(37.77592, -122.390065)"
Private,1150 25th St,PHO, ,L,30,0,0, ,"(37.752849, -122.390043)"
Private,1164 Evans Ave,PHO, ,L,36,0,0, ,"(37.7385, -122.379847)"
Private,1212 24th St,PHO, ,L,12,0,0, ,"(37.764799, -122.48214)"
Private,1255 Columbus Ave,PHO, ,L,21,0,0, ,"(37.805419, -122.417854)"
Private,1413 Folsom St,PHO, ,L,27,0,0, ,"(37.772469, -122.412641)"
Private,1501 15th St,PHO, ,L,36,0,0, ,"(37.766546, -122.417782)"
Private,159 Erie St,PHO, ,L,23,0,0, ,"(37.768839, -122.419127)"
Private,1619 Franklin St,PHO, ,L,17,0,0, ,"(37.789359, -122.423895)"
Private,1875 Alemany Blvd,PHO, ,L,21,0,0, ,"(37.722132, -122.437732)"
Private,191 Jennings St,PHO, ,L,30,0,0, ,"(37.739176, -122.37721)"
Private,200 Vallejo St,PHO, ,G,25,0,0, ,"(37.79968, -122.401151)"
Private,201 Jennings St,PHO, ,L,24,0,0, ,"(37.738899, -122.377459)"
Private,235 Kansas St,PHO, ,L,76,0,0, ,"(37.766793, -122.403267)"
Private,2372 Green St,PHO, ,L,25,0,0, ,"(37.795961, -122.43793)"
Private,240 05th St,PHO, ,L,60,0,0, ,"(37.780788, -122.404275)"
Private,251 Cargo Way,PHO, ,L,290,0,0, ,"(37.745231, -122.384721)"
Private,253 Cargo Way,PHO, ,L,297,0,0, ,"(37.745404, -122.385074)"
Private,2540 Lombard St,PHO, ,L,22,0,0, ,"(37.799118, -122.443218)"
Private,2699 03rd St,PHO, ,L,146,0,0, ,"(37.755609, -122.387523)"
Private,2822 Pine St,PHO, ,L,29,0,0, ,"(37.786997, -122.442227)"
Private,2850 Alemany Blvd,PHO, ,L,85,0,0, ,"(37.712698, -122.451332)"
Private,314 Randolph St,PHO, ,L,13,0,0, ,"(37.714442, -122.465304)"
Private,3236 24th St,PHO, ,L,14,0,0, ,"(37.75248, -122.416902)"
Private,3244 24th St,PHO, ,L,18,0,0, ,"(37.752471, -122.417056)"
Private,3250 Mission St,PHO, ,L,26,0,0, ,"(37.744748, -122.420504)"
Private,3270 17th St,PHO, ,L,9,0,0, ,"(37.763624, -122.418761)"
Private,34 Mary St,PHO, ,L,20,0,0, ,"(37.781367, -122.406557)"
Private,340 05th St,PHO, ,L,50,0,0, ,"(37.779566, -122.402748)"
Private,340 Townsend St,PHO, ,G,140,0,0, ,"(37.776438, -122.395923)"
Private,3435 Cesar Chavez St,PHO, ,L,89,0,0, ,"(37.747838, -122.418798)"
Private,355 Brannan St,PHO, ,L,8,0,0, ,"(37.780687, -122.392926)"
Private,360 Spear St,PHO, ,G,17,0,0, ,"(37.78915, -122.390056)"
Private,380 Fremont St,PHO, ,L,16,0,0, ,"(37.786877, -122.392428)"
Private,385 Brannan St,PHO, ,L,26,0,0, ,"(37.780208, -122.393532)"
Private,390 Turk St,PHO, ,L,27,0,0, ,"(37.782775, -122.415274)"
Private,40 Zeno St,PHO, ,L,12,0,0, ,"(37.787837, -122.393052)"
Private,420 Harrison St,PHO, ,L,8,0,0, ,"(37.78668, -122.392279)"
Private,440 Spear St,PHO, ,L,15,0,0, ,"(37.788251, -122.388929)"
Private,501 02nd St,PHO, ,L,15,0,0, ,"(37.78315, -122.393212)"
Private,511 Harrison St,PHO, ,L,25,0,0, ,"(37.785629, -122.392874)"
Private,515 Folsom St,PHO, ,L,15,0,0, ,"(37.786657, -122.394675)"
Private,528 03rd St,PHO, ,L,40,0,0, ,"(37.780688, -122.395285)"
Private,57 Zoe St,PHO, ,L,13,0,0, ,"(37.779916, -122.395584)"
Private,5315 Mission St,PHO, ,L,3,0,0, ,"(37.714248, -122.44242)"
Private,540 Eddy St,PHO, ,L,43,0,0, ,"(37.783584, -122.416435)"
Private,577 02nd St,PHO, ,L,5,0,0, ,"(37.782329, -122.392185)"
Private,581 McAllister St,PHO, ,L,36,0,0, ,"(37.779689, -122.421256)"
Private,585 Harrison St,PHO, ,L,28,0,0, ,"(37.784397, -122.394434)"
Private,590 15th St,PHO, ,L,14,0,0, ,"(37.767309, -122.406346)"
Private,594 Hayes St,PHO, ,L,20,0,0, ,"(37.776649, -122.425883)"
Private,600 Bryant St,PHO, ,L,9,0,0, ,"(37.779488, -122.398277)"
Private,6215 03rd St,PHO, ,L,21,0,0, ,"(37.72206, -122.395235)"
Private,624 04th St,PHO, ,L,11,0,0, ,"(37.77782, -122.396131)"
Private,625 Harrison St,PHO, ,L,20,0,0, ,"(37.783612, -122.395427)"
Private,640 03rd St,PHO, ,L,12,0,0, ,"(37.779369, -122.393633)"
Private,640 Bryant St,PHO, ,L,8,0,0, ,"(37.778911, -122.399007)"
Private,660 03rd St,PHO, ,L,13,0,0, ,"(37.779167, -122.39338)"
Private,719 Taylor St,PHO, ,L,9,0,0, ,"(37.788957, -122.411999)"
Private,732 Geary St,PHO, ,L,8,0,0, ,"(37.7866, -122.415251)"
Private,751 Valencia St,PHO, ,L,14,0,0, ,"(37.760748, -122.421045)"
Private,764 Bryant St,PHO, ,L,35,0,0, ,"(37.776843, -122.401625)"
Private,801 23rd St,PHO, ,L,36,0,0, ,"(37.754892, -122.388135)"
Private,809 Franklin St,PHO, ,L,15,0,0, ,"(37.78177, -122.422361)"
Private,828 Brannan St,PHO, ,L,64,0,0, ,"(37.772573, -122.403927)"
Private,910 Minna St,PHO, ,L,16,0,0, ,"(37.774641, -122.415736)"
Private,920 Howard St,PHO, ,L,56,0,0, ,"(37.781204, -122.405424)"
Private,931 Mission St,PHO, ,L,63,0,0, ,"(37.781791, -122.407054)"
Private,937 Ofarrell St,PHO, ,L,9,0,0, ,"(37.784627, -122.419965)"
Private,942 Avalon Ave,PHO, ,L,16,0,0, ,"(37.724432, -122.424151)"
Private,45 HARRIET ST,PHO, ,L,18,0,0, ,"(37.778848, -122.406609)"
Private,702 York St,PHO, ,L,10,0,0, ,"(37.760328, -122.409086)"
Private,100 North Point St,PHO, ,L,37,0,0, ,"(37.807264, -122.409032)"
Port of SF,2899 Taylor St,PHO, ,L,79,0,0, ,"(37.809485, -122.416793)"
Private,2277 Shafter Ave,PHO, ,L,24,0,0, ,"(37.738034, -122.4034)"
Private,1943 Carroll Ave,PHO, ,L,16,0,0, ,"(37.728547, -122.399517)"
Private,2755 14th Ave,PHO, ,L,8,0,0, ,"(37.738028, -122.46934)"
Private,500 WASHINGTON ST,PHO, ,G,17,0,0, ,"(37.795863, -122.40163)"
Private,230 Beach St,PHO, ,G,34,0,0, ,"(37.807679, -122.413526)"
Private,599 Judson Ave,PHO, ,L,101,0,0, ,"(37.728256, -122.453647)"
Private,1 Peter York Way,PHO, ,G,70,0,0, ,"(37.785531, -122.424618)"
Private,333 12th St,PHO, ,L,25,0,0, ,"(37.770716, -122.413969)"
SFPD,2520 Irving St,CGO, ,L,15,0,0, ,"(37.763375, -122.484734)"
Private,832 Folsom St,PHO, ,G,160,0,0, ,"(37.781487, -122.401957)"
Private,650 MCALLISTER ST,PHO, ,L,75,0,0, ,"(37.779935, -122.422582)"
SFPD,350 Amber Dr,PHO, ,L,265,0,0, ,"(37.744401, -122.44139)"
Private,301 Grove St,PHO, ,G,15,0,0, ,"(37.777749, -122.421455)"
Private,1901 Cesar Chavez St,PHO, ,L,115,0,0, ,"(37.749514, -122.395695)"
Private,350 Masonic Ave,PHO, ,L,9,0,0, ,"(37.778122, -122.446496)"
Private,860 02nd St,PHO, ,L,38,0,0, ,"(37.779334, -122.388372)"
Private,368 FULTON ST,PHO, ,L,100,0,0, ,"(37.778975, -122.422638)"
SFPD,3431 17th St,PHO, ,L,24,0,0, ,"(37.763012, -122.422103)"
SFPD,455 06th Ave,PHO, ,L,40,0,0, ,"(37.77996, -122.464631)"
Private,440 Hayes St,PHO, ,L,50,0,0, ,"(37.776955, -122.423485)"
Private,645 05th St,PHO, ,G,120,0,0, ,"(37.776143, -122.397726)"
SFGH,1001 Potrero Ave,PHO, ,L,202,0,0, ,"(37.755988, -122.406109)"
SFGH,2401 22nd St,PHO, ,L,20,0,0, ,"(37.7567, -122.404475)"
SFGH,2498 22nd St,PHO, ,L,102,0,0, ,"(37.757202, -122.40541)"
Private,151 03rd St,PHO, ,G,18,0,0, ,"(37.785674, -122.400793)"
SFUSD,1512 Golden Gate Ave,PHO, ,L,26,0,0, ,"(37.779259, -122.435417)"
SFUSD,541 McAllister St,PHO, ,L,96,0,0, ,"(37.779756, -122.42072)"
SFUSD,3630 Divisadero St,PHO, ,L,20,0,0, ,"(37.80308, -122.443033)"
SFUSD,430 Texas St,PHO, ,L,6,0,0, ,"(37.760855, -122.395464)"
SFUSD,3772 17th St,PHO, ,L,85,0,0, ,"(37.762968, -122.429559)"
Private,3205 16th St,PHO, ,L,12,0,0, ,"(37.764441, -122.424178)"
Private,431 Capitol Ave,PHO, ,L,30,0,0, ,"(37.714298, -122.459108)"
Private,1651 Union St,PHO, ,L,17,0,0, ,"(37.797986, -122.42623)"
Private,1080 Valencia St,PHO, ,G,25,0,0, ,"(37.755554, -122.421064)"
Private,1 Berry St,PHO, ,L,166,0,0, ,"(37.779722, -122.387722)"
Private,2401 Keith,PHO, ,L,28,0,0, ,"(37.725993, -122.391889)"
Private,1280 05th Ave,PHO, ,L,7,0,0, ,"(37.764562, -122.461608)"
Private,2 27TH ST,PHO, ,L,100,0,0, ,"(37.747382, -122.421333)"
Private,4186 24th St,PHO, ,L,12,0,0, ,"(37.75134, -122.435694)"
Private,2001 37th Ave,PHO, ,L,17,0,0, ,"(37.749414, -122.495557)"
Private,2790 Rivera St,PHO, ,G,90,0,0, ,"(37.746045, -122.495958)"
Private,25 9th St,PHO, ,G,134,0,0, ,"(37.777335, -122.41544)"
State of CA,301 Elm St,PHO, ,L,30,0,0, ,"(37.781014, -122.42212)"
Private,3301 Ortega St,PHO, ,L,58,0,0, ,"(37.751121, -122.498746)"
Private,505 Tunnel Ave,PHO, ,L,18,0,0, ,"(37.708475, -122.400881)"
Private,13 Christmas Tree Point Rd,PHO, ,L,10,0,0, ,"(37.754477, -122.446512)"
Private,50 Lusk St,PHO, ,G,80,0,0, ,"(37.778503, -122.394018)"
Private,5301 03rd St,PHO, ,L,19,0,0, ,"(37.729205, -122.392171)"
UCSF,1701 Divisadero St,PHO, ,G,80,0,0, ,"(37.785248, -122.44)"
UCSF,2300 Harrison St,PHO, ,L,56,0,0, ,"(37.760145, -122.412785)"
UCSF,2325 Post St,PHO, ,G,65,0,0, ,"(37.784034, -122.439714)"
UCSF,533 Laurel St,PHO, ,G,128,0,0, ,"(37.785836, -122.449486)"
UCSF,80 Upper Service Rd,PHO, ,L,122,0,0, ,"(37.761215, -122.456275)"
UCSF,1930 Market St,PHO, ,L,8,0,0, ,"(37.770527, -122.425638)"
UCSF,60 Upper Service Rd,PHO, ,L,33,0,0, ,"(37.760455, -122.455416)"
Private,1939 Market St,PHO, ,L,20,0,0, ,"(37.76984, -122.425299)"
Private,48 Julian St,PHO, ,L,18,0,0, ,"(37.767362, -122.421205)"
Private,55 Fillmore St,PHO, ,L,15,0,0, ,"(37.769891, -122.430241)"
Private,2130 POST ST,PHO, ,G,63,0,0, ,"(37.784821, -122.436788)"
Private,2474 Sacramento St,PHO, ,L,153,0,0, ,"(37.790041, -122.433489)"
Private,2157 17th St,PHO, ,L,63,0,0, ,"(37.765023, -122.405759)"
Private,155 Hermann St,PHO, ,L,96,0,0, ,"(37.77012, -122.427703)"
Private,2450 Turk Blvd,PHO, ,G,72,0,0, ,"(37.778599, -122.448297)"
Private,2632 Turk Blvd,PHO, ,G,23,0,0, ,"(37.778391, -122.449939)"
Private,2901 Turk Blvd,PHO, ,G,218,0,0, ,"(37.777563, -122.453251)"
Private,15 Onondaga Ave,PHO, ,L,2,0,0, ,"(37.721065, -122.437731)"
Private,4840 Mission St,PHO, ,L,92,0,0, ,"(37.720746, -122.437892)"
Private,1580 15th St,PHO, ,L,14,0,0, ,"(37.766861, -122.419162)"
Private,2632 Pine St,PHO, ,L,25,0,0, ,"(37.787403, -122.439036)"
Private,81 Yacht Rd,PHO, ,L,150,0,0, ,"(37.807288, -122.445262)"
Private,588 Portola Dr,PHO, ,L,84,0,0, ,"(37.745797, -122.451477)"
Private,2435 Van Ness Ave,PHO, ,L,14,0,0, ,"(37.797869, -122.424032)"
Port of SF,Pier 50,CGO, ,L,45,0,0, ,"(37.773118, -122.382127)"
Private,Pier 50,PHO, , ,101,0,0, ,"(37.773849, -122.383233)"
Presidio, ,PHO, ,L,20,0,0, ,"(37.789375, -122.460664)"
Presidio,99 Howard Rd,CGO, , ,30,0,0, ,"(37.788269, -122.480081)"
Presidio, ,CGO, ,L,101,0,0, ,"(37.801365, -122.473048)"
RPD,1398 Bosworth St,CGO, ,L,10,0,0, ,"(37.736906, -122.440899)"
Private,925 Chenery St,PHO, ,L,48,0,0, ,"(37.734833, -122.4373)"
Private,715 Chenery St,PHO, ,L,12,0,0, ,"(37.734394, -122.434123)"
UCSF,55 Laguna St,PHO, ,L,160,0,0, ,"(37.771663, -122.425703)"
Private,1940 Market St,PHO, ,L,25,0,0, ,"(37.770135, -122.425853)"
SFMTA,601 25th St,PHO, ,L,150,0,0, ,"(37.752573, -122.384896)"
Private,840 Cesar Chavez St,CGO, ,L,35,0,0, ,"(37.750647, -122.385202)"
Private,700 Cesar Chavez St,CGO, ,L,50,0,0, ,"(37.750778, -122.383093)"
Port of SF,721 Cesar Chavez St,PHO, ,L,50,0,0, ,"(37.750085, -122.383136)"
Private,151 Maryland St,PHO, ,L,40,0,0, ,"(37.751043, -122.380732)"
Private,999 Pennsylvania St,PHO, ,L,150,0,0, ,"(37.753591, -122.392231)"
Private,751 23rd St,PHO, ,L,60,0,0, ,"(37.75494, -122.387446)"
Private,791 24th St,PHO, ,L,30,0,0, ,"(37.753802, -122.387418)"
SFMTA,901 Rankin St,PHO, ,L,75,0,0, ,"(37.740516, -122.395615)"
SFMTA,1399 Marin St,PHO, ,L,51,0,0, ,"(37.748548, -122.389063)"
SFMTA,80 Charter Oak St,PHO, ,L,20,0,0, ,"(37.737053, -122.404927)"
SFMTA,290 North Point St,PHO, ,L,100,0,0, ,"(37.806931, -122.41166)"
SFMTA,1879 Bryant St,PHO, ,L,140,0,0, ,"(37.763773, -122.408762)"
SFMTA,1201 Mason St,PHO, ,G,20,0,0, ,"(37.794662, -122.411538)"
SFMTA,2350 San Jose Ave,PHO, ,L,40,0,0, ,"(37.72025, -122.447141)"
SFMTA,2250 San Jose Ave,PHO, ,L,135,0,0, ,"(37.721287, -122.446368)"
Private,Terry Francois Blvd,PHO, ,L,40,0,0, ,"(37.772948, -122.386775)"
Private,407 South Van Ness,PHO, ,L,25,0,0, ,"(37.7666, -122.417156)"
Private,372 Shotwell St,PHO, ,L,10,0,0, ,"(37.762411, -122.416166)"
Private,3254 19th St,PHO, ,L,40,0,0, ,"(37.76059, -122.416603)"
Private,3380 20th St,PHO, ,L,20,0,0, ,"(37.758909, -122.416244)"
Private,2320 Folsom St,CGO, ,L,60,0,0, ,"(37.759939, -122.415125)"
Private,2226 Folsom St,PHO, ,L,105,0,0, ,"(37.761708, -122.41536)"
Private,2256 Folsom St,CGO, ,L,60,0,0, ,"(37.761268, -122.415059)"
Private,3148 19th St,CGO, ,L,180,0,0, ,"(37.760919, -122.413616)"
Private,500 Treat Ave,PHO, ,L,41,0,0, ,"(37.761893, -122.413718)"
Private,3120 18th St,PHO, ,L,27,0,0, ,"(37.761962, -122.413192)"
Private,3186 18th St,PHO, ,L,25,0,0, ,"(37.7623, -122.414224)"
Private,3066 17th St,CGO, ,L,220,0,0, ,"(37.764322, -122.414062)"
Private,418 Alabama St,PHO, ,L,52,0,0, ,"(37.763976, -122.411608)"
Private,1300 Bryant St,PHO, ,L,43,0,0, ,"(37.768646, -122.411169)"
Private,2431 Alameda St,CGO, ,L,120,0,0, ,"(37.767757, -122.409248)"
SF Sheriff,120 14th St,CGO, ,L,18,0,0, ,"(37.768579, -122.416155)"
Private,352 Florida St,PHO, ,L,40,0,0, ,"(37.764778, -122.411401)"
Private,2498 23rd St,PHO, ,L,150,0,0, ,"(37.754734, -122.404264)"
Private,2670 23rd St,PHO, ,L,40,0,0, ,"(37.754515, -122.405771)"
Private,1091 Potrero Ave,PHO, ,L,26,0,0, ,"(37.75488, -122.40585)"
Private,1380 14th Ave,PHO, ,L,22,0,0, ,"(37.762396, -122.471134)"
Port of SF,Pier 96,PHO, ,L,57,0,0, ,"(37.740114, -122.371834)"
Port of SF,1899 Tennessee St,PHO, ,L,15,0,0, ,"(37.747962, -122.387908)"
Port of SF,101 23rd St,CGO, ,L,30,0,0, ,"(37.755664, -122.381762)"
Private,120 23rd Street,CGO, ,L,92,0,0, ,"(37.755848, -122.383571)"
Port of SF,102 23rd Street,CGO, ,L,100,0,0, ,"(37.756475, -122.382758)"
Private,550 22nd St,CGO, ,L,50,0,0, ,"(37.758586, -122.386738)"
Port of SF,101 20th Street,CGO, ,L,2100,0,0, ,"(37.758249, -122.38345)"
Port of SF, ,PHO, ,G,9,0,0, ,"(37.788885, -122.387074)"
Port of SF, ,PHO, ,G,60,0,0, ,"(37.800217, -122.397242)"
Private,Pier Twentyseven,PHO, ,L,60,0,0, ,"(37.803972, -122.400818)"
Port of SF, ,PHO, ,L,35,0,0, ,"(37.80911, -122.41663)"
Private,93 Emerson St,PHO, ,L,40,0,0, ,"(37.783336, -122.447678)"
Private,Blake St,PHO, ,L,60,0,0, ,"(37.783333, -122.451558)"
Private,Geary,PHO, ,L,50,0,0, ,"(37.781358, -122.453223)"
Private,Geary,PHO, ,L,42,0,0, ,"(37.781321, -122.462539)"
Private,Geary,PHO, ,L,36,0,0, ,"(37.780754, -122.462168)"
Private,Geary,PHO, ,L,70,0,0, ,"(37.780789, -122.461166)"
Private,Geary,PHO, ,L,40,0,0, ,"(37.781434, -122.460263)"
Private,09th Ave,PHO, ,L,12,0,0, ,"(37.782278, -122.46698)"
Private,08th Ave,PHO, ,L,30,0,0, ,"(37.781916, -122.466616)"
Private,1064 Mission St,PHO, ,L,100,0,0, ,"(37.780199, -122.409833)"
Private,450 Jessie St,CGO, ,L,15,0,0, ,"(37.782453, -122.40811)"
Private,971 Mission St,PHO, ,L,38,0,0, ,"(37.781337, -122.407627)"
Private,467 Minna St,PHO, ,L,22,0,0, ,"(37.780934, -122.407166)"
Private,109 Turk St,PHO, ,L,25,0,0, ,"(37.782899, -122.411053)"
Private,2550 41st Ave,PHO, ,L,30,0,0, ,"(37.739683, -122.498264)"
SFSU,20 N State Dr,PHO, ,L,420,0,0, ,"(37.726324, -122.481526)"
SFSU,3659 19th Ave,PHO, ,L,17,0,0, ,"(37.721634, -122.475679)"
SFSU,99 S State Dr,PHO, ,G,524,0,0, ,"(37.724063, -122.481184)"
SFSU,SFSU,PHO, ,L,111,0,0, ,"(37.724246, -122.478782)"
SFSU,32 S State Dr,PHO, ,L,163,0,0, ,"(37.724095, -122.4829)"
SFSU,1584 Holloway Ave,PHO, ,L,54,0,0, ,"(37.721178, -122.476832)"
Private,69 Page St,CPO, ,L,10,0,0,religious,"(37.773951, -122.421251)"
Private,2521 San Bruno Ave,CPO, ,L,5,0,0,service,"(37.729864, -122.404078)"
Private,5190 03rd St,CPO, ,L,10,0,0,medical,"(37.730826, -122.392162)"
Private,1401 19th Ave,CPO, ,L,11,0,0,automotive,"(37.761452, -122.477135)"
Private,961 Ocean Ave,CPO, ,L,12,0,0,automotive,"(37.722866, -122.452504)"
Private,4870 Geary Blvd,CPO, ,L,13,0,0,automotive,"(37.780922, -122.471269)"
Private,2290 Jennings St,CPO, ,L,8,0,0,office,"(37.725965, -122.389728)"
Private,762 FULTON ST,CPO, ,L,120,0,0,entertainment,"(37.778175, -122.428913)"
Private,5201 03rd St,CPO, ,L,22,0,0,restaurant,"(37.730897, -122.391647)"
Private,1798 Alemany Blvd,CPO, ,L,13,0,0,automotive,"(37.723782, -122.437406)"
Private,2901 Bryant St,CPO, ,L,3,0,0,automotive,"(37.748282, -122.408253)"
Private,2505 Lombard St,CPO, ,L,18,0,0,hotel,"(37.798676, -122.442611)"
Private,2322 Lombard St,CPO, ,L,18,0,0,hotel,"(37.799586, -122.43965)"
Private,1298 Howard St,CPO, ,L,21,0,0,retail,"(37.775213, -122.412999)"
Private,1200 Irving St,CPO, ,L,112,0,0,grocery,"(37.764001, -122.470527)"
Private,5894 Mission St,CPO, ,L,12,0,0,automotive,"(37.709027, -122.45234)"
Private,50 03RD ST,CPO, ,G,85,0,0,hotel,"(37.786664, -122.402804)"
Private,2831 Cesar Chavez St,CPO, ,L,6,0,0,automotive,"(37.748504, -122.406392)"
Private,1850 Mission St,CPO, ,L,28,0,0,entertainment,"(37.767397, -122.419971)"
Private,1251 Ocean Ave,CPO, ,L,40,0,0,automotive,"(37.723506, -122.455536)"
Private,701 Phelps St,CPO, ,L,8,0,0,office,"(37.740875, -122.389797)"
Private,1890 19th Ave,CPO, ,L,5,0,0,automotive,"(37.752644, -122.475802)"
Private,6202 03rd St,CPO, ,L,20,0,0,restaurant,"(37.72244, -122.39572)"
Private,47 Duboce Ave,CPO, ,L,24,0,0,retail,"(37.769658, -122.420855)"
Private,1450 Noriega St,CPO, ,L,7,0,0,service,"(37.754278, -122.478985)"
Private,2720 14th Ave,CPO, ,G,15,0,0,service,"(37.738453, -122.469124)"
Private,2835 Geary Blvd,CPO, ,L,39,0,0,service,"(37.781874, -122.44922)"
Private,3279 23rd St,CPO, ,L,12,0,0,service,"(37.753611, -122.417913)"
Private,2645 San Bruno Ave,CPO, ,L,26,0,0,service,"(37.728301, -122.40343)"
Private,1201 Columbus Ave,CPO, ,L,16,0,0,hotel,"(37.805048, -122.417324)"
Private,1300 Carroll,CPO, ,L,10,0,0,office,"(37.72202, -122.387604)"
Private,1326 Grove St,CPO, ,L,23,0,0,restaurant,"(37.776014, -122.438362)"
Private,2222 MARKET ST,CPO, ,L,33,0,0,hotel,"(37.765493, -122.431649)"
Private,280 Lee Ave,CPO, ,L,11,0,0,restaurant,"(37.723012, -122.453664)"
Private,3950 24th St,CPO, ,L,37,0,0,grocery,"(37.75166, -122.430616)"
Private,1504 Bryant St,CPO, ,L,41,0,0,retail,"(37.768139, -122.410956)"
Private,1717 Harrison St,CPO, ,L,178,0,0,retail,"(37.76899, -122.412576)"
Private,625 Bay Shore Blvd,CPO, ,L,36,0,0,retail,"(37.737456, -122.40634)"
Private,364 09th St,CPO, ,L,40,0,0,hotel,"(37.772783, -122.410626)"
Private,121 07th ST,CPO, ,L,110,0,0,hotel,"(37.778846, -122.409981)"
Private,140 07th St,CPO, ,G,70,0,0,hotel,"(37.778468, -122.41024)"
Private,112 07TH ST,CPO, ,L,15,0,0,hotel,"(37.77883, -122.410694)"
Private,20 Orange St,CPO, ,G,24,0,0,religious,"(37.752255, -122.420172)"
Private,1301 Van Ness Ave,CPO, ,G,44,0,0,retail,"(37.787374, -122.421783)"
Private,160 Church St,CPO, ,L,26,0,0,retail,"(37.768382, -122.429399)"
Private,2460 Lombard St,CPO, ,L,24,0,0,retail,"(37.799293, -122.441833)"
Private,2400 Irving St,CPO, ,L,26,0,0,retail,"(37.76343, -122.483486)"
Private,1675 Howard St,CPO, ,L,9,0,0,retail,"(37.77068, -122.416985)"
Private,220 San Bruno St,CPO, ,L,70,0,0,retail,"(37.766215, -122.406036)"
Private,350 Broderick St,CPO, ,G,80,0,0,retail,"(37.773377, -122.438738)"
Private,1533 Bush St,CPO, ,G,27,0,0,retail,"(37.788162, -122.422312)"
Private,1599 Lombard St,CPO, ,G,30,0,0,hotel,"(37.800592, -122.427436)"
Private,40 Pier Seven,CPO, ,L,12,0,0,restaurant,"(37.799695, -122.397496)"
Private,245 Bay Shore Blvd,CPO, ,L,29,0,0,restaurant,"(37.744091, -122.403945)"
Private,4780 Mission St,CPO, ,L,18,0,0,restaurant,"(37.721722, -122.437112)"
Private,830 Eddy St,CPO, ,G,25,0,0,restaurant,"(37.782978, -122.421236)"
Private,1485 Bayshore Blvd,CPO, ,L,302,0,0,office,"(37.725829, -122.401116)"
Private,1555 Burke Ave,CPO, ,L,62,0,0,office,"(37.744255, -122.386035)"
Private,1750 Cesar Chavez St,CPO, ,L,590,0,0,office,"(37.750016, -122.394168)"
Private,1799 Egbert Ave,CPO, ,L,150,0,0,office,"(37.726489, -122.398957)"
Private,1945 Carroll Ave,CPO, ,L,55,0,0,office,"(37.728556, -122.399554)"
Private,2177 Jerrold Ave,CPO, ,L,18,0,0,office,"(37.744519, -122.399834)"
Private,222 Napoleon St,CPO, ,L,24,0,0,office,"(37.746896, -122.399572)"
Private,3450 03rd St,CPO, ,L,50,0,0,office,"(37.745545, -122.387265)"
Private,50 Mendell St,CPO, ,L,128,0,0,office,"(37.743536, -122.383473)"
Private,175 Mendell St,CPO, ,L,48,0,0,office,"(37.742001, -122.383408)"
Private,1095 Hyde St,CPO, ,G,50,0,0,grocery,"(37.79077, -122.417433)"
Private,200 Industrial Ave,CPO, ,L,35,0,0,retail,"(37.738879, -122.404108)"
Private,359 08th St,CPO, ,L,28,0,0,retail,"(37.774495, -122.408948)"
Private,118 Hawthorne St,CPO, ,L,26,0,0,restaurant,"(37.78417, -122.397422)"
Private,2015 GREENWICH ST,CPO, ,L,40,0,0,hotel,"(37.799074, -122.432702)"
Presidio,2311 Taraval St,CPO, ,L,10,0,0,service,"(37.742127, -122.490684)"
Private,1101 VAN NESS AVE,CPO, ,G,420,0,0,hotel,"(37.78574, -122.422046)"
Private,186 Sanchez St,CPO, ,L,20,0,0,retail,"(37.766157, -122.431112)"
Private,727 VALENCIA ST,CPO, ,L,30,0,0,retail,"(37.761502, -122.421137)"
Private,101 Bayshore,CPO, ,L,4,0,0,automotive,"(37.749738, -122.40509)"
Private,3675 Geary Blvd,CPO, ,L,6,0,0,automotive,"(37.780955, -122.45832)"
Private,6002 Geary Blvd,CPO, ,L,15,0,0,automotive,"(37.780324, -122.483447)"
Private,784 Ulloa St,CPO, ,L,9,0,0,automotive,"(37.740834, -122.464376)"
Private,3750 03rd St,CPO, ,L,3,0,0,automotive,"(37.743117, -122.387839)"
Private,1929 Market St,CPO, ,L,7,0,0,service,"(37.770109, -122.424905)"
Private,838 Oak St,CPO, ,L,14,0,0,religious,"(37.773827, -122.432992)"
Private,1201 19th Ave,CPO, ,L,24,0,0,religious,"(37.765204, -122.477432)"
Private,701 Rutland St,CPO, ,L,14,0,0,religious,"(37.713043, -122.406649)"
Private,1900 Noriega St,CPO, ,L,14,0,0,service,"(37.754062, -122.483906)"
Private,4481 Geary Blvd,CPO, ,L,24,0,0,service,"(37.780578, -122.466841)"
Private,2675 Geary Blvd,CPO, ,L,550,0,0,retail,"(37.781559, -122.445957)"
Private,3003 03rd St,CPO, ,L,11,0,0,retail,"(37.751081, -122.387103)"
Private,1601 Folsom St,CPO, ,L,7,0,0,retail,"(37.770636, -122.414644)"
Private,1298 Valencia St,CPO, ,L,14,0,0,automotive,"(37.7522, -122.420748)"
Private,388 32nd Ave,CPO, ,L,19,0,0,automotive,"(37.781904, -122.491946)"
Private,888 Tennessee St,CPO, ,L,18,0,0,retail,"(37.760604, -122.389576)"
Private,1075 Columbus Ave,CPO, ,G,16,0,0,hotel,"(37.803936, -122.415719)"
Private,2775 Van Ness Ave,CPO, ,G,80,0,0,hotel,"(37.80096, -122.424657)"
Private,601 Bay Shore Blvd,CPO, ,L,18,0,0,automotive,"(37.737784, -122.406381)"
Private,355 Ocean Ave,CPO, ,L,65,0,0,religious,"(37.722705, -122.443992)"
Private,450 Connecticut St,CPO, ,L,22,0,0,medical,"(37.760531, -122.397378)"
Private,275 Taraval St,CPO, ,L,39,0,0,religious,"(37.743097, -122.468614)"
Private,625 Brotherhood Way,CPO, ,L,58,0,0,religious,"(37.71236, -122.472341)"
Private,801 Silver Ave,CPO, ,L,139,0,0,religious,"(37.729215, -122.419226)"
Private,6190 03rd St,CPO, ,L,30,0,0,religious,"(37.722746, -122.39564)"
Private,1901 Lombard St,CPO, ,G,30,0,0,hotel,"(37.799928, -122.432663)"
Private,2190 Lombard St,CPO, ,G,94,0,0,hotel,"(37.799884, -122.437302)"
Private,1870 Cesar Chavez St,CPO, ,L,50,0,0,office,"(37.749922, -122.395786)"
Private,723 Lincoln Way,CPO, ,L,9,0,0,retail,"(37.765656, -122.465462)"
Private,2208 Alameda St,CPO, ,L,70,0,0,retail,"(37.768562, -122.406796)"
Private,2358 Lombard St,CPO, ,L,18,0,0,hotel,"(37.799523, -122.440147)"
Private,1237 South VanNess Ave,CPO, ,L,66,0,0,grocery,"(37.753306, -122.415907)"
Private,4201 18th St,CPO, ,G,18,0,0,grocery,"(37.760564, -122.436012)"
Private,3127 Mission St,CPO, ,L,20,0,0,restaurant,"(37.747282, -122.418281)"
DMV,1377 Fell St,CPO, ,L,142,0,0,government,"(37.773443, -122.440231)"
Private,2151 Oakdale Ave,CPO, ,L,26,0,0,retail,"(37.740042, -122.400273)"
Private,301 25th Ave,CPO, ,L,5,0,0,automotive,"(37.783636, -122.485067)"
Private,3434 17th St,CPO, ,L,26,0,0,religious,"(37.763413, -122.422315)"
Private,750 Bryant St,CPO, ,L,12,0,0,retail,"(37.777158, -122.401225)"
Private,678 Portola Dr,CPO, ,L,20,0,0,religious,"(37.745028, -122.452947)"
Private,430 Irwin St,CPO, ,L,15,0,0,retail,"(37.767928, -122.398186)"
Private,1801 Vicente St,CPO, ,L,15,0,0,restaurant,"(37.738602, -122.48583)"
Private,4600 Mission St,CPO, ,L,23,0,0,grocery,"(37.724587, -122.434946)"
Private,2230 Mission St,CPO, ,L,13,0,0,restaurant,"(37.76122, -122.419375)"
Private,570 Turk St,CPO, ,L,30,0,0,hotel,"(37.782394, -122.418301)"
Private,3945 Judah St,CPO, ,L,4,0,0,automotive,"(37.760242, -122.504074)"
Private,2820 Alemany Blvd,CPO, ,L,56,0,0,automotive,"(37.712964, -122.450987)"
Private,2990 San Bruno Ave,CPO, ,L,4,0,0,retail,"(37.724122, -122.402246)"
Private,2800 Geary Blvd,CPO, ,L,22,0,0,automotive,"(37.782469, -122.449191)"
Private,121 Haight St,CPO, ,L,14,0,0,religious,"(37.772619, -122.424322)"
Private,279 West Portal Ave,CPO, ,L,12,0,0,service,"(37.738076, -122.468282)"
Private,1699 Market St,CPO, ,L,28,0,0,retail,"(37.772368, -122.422134)"
Private,649 Brannan St,CPO, ,L,12,0,0,retail,"(37.775509, -122.399477)"
Private,1810 Folsom St,CPO, ,L,132,0,0,grocery,"(37.768248, -122.415933)"
Private,345 Williams Ave,CPO, ,L,107,0,0,grocery,"(37.729945, -122.399045)"
Private,242 Laguna Honda Blvd,CPO, ,L,53,0,0,religious,"(37.750171, -122.460885)"
Private,757 Market St,CPO, ,G,300,0,0,hotel,"(37.786314, -122.404414)"
Private,1210 Armstrong,CPO, ,L,20,0,0,office,"(37.722291, -122.384757)"
Private,1501 Lombard St,CPO, ,G,30,0,0,hotel,"(37.800764, -122.426082)"
GGNRA,1368 Bay St,CPO, ,L,100,0,0,entertainment,"(37.803745, -122.429329)"
Private,191 SUTTER ST,CPO, , ,40,0,0,hotel,"(37.789607, -122.403385)"
Private,4750 Geary Blvd,CPO, ,L,17,0,0,hotel,"(37.780978, -122.470009)"
Private,2558 Mission St,CPO, ,L,12,0,0,retail,"(37.755772, -122.419428)"
Private,1201 Webster St,CPO, ,L,71,0,0,religious,"(37.781533, -122.430695)"
Private,1540 PINE ST,CPO, ,G,40,0,0,retail,"(37.789687, -122.421045)"
Private,902 07th St,CPO, ,L,24,0,0,retail,"(37.770231, -122.399903)"
Private,101 Cargo Way,CPO, ,L,36,0,0,retail,"(37.740284, -122.377474)"
Private,204 Division St,CPO, ,L,150,0,0,entertainment,"(37.769499, -122.406342)"
Private,2301 Market St,CPO, ,G,23,0,0,entertainment,"(37.763548, -122.433026)"
Private,551 Nevada St,CPO, ,L,16,0,0,religious,"(37.73514, -122.411327)"
Private,600 Goettingen St,CPO, ,L,44,0,0,religious,"(37.724231, -122.405579)"
Private,750 Brannan St,CPO, ,L,23,0,0,retail,"(37.774008, -122.402112)"
Private,345 STOCKTON ST,CPO, ,G,300,0,0,hotel,"(37.788826, -122.406916)"
Private,3201 Steiner St,CPO, ,L,18,0,0,hotel,"(37.7987, -122.437589)"
Private,3865 Irving St,CPO, ,L,12,0,0,automotive,"(37.762332, -122.499019)"
Private,1123 Sutter St,CPO, ,L,30,0,0,retail,"(37.787656, -122.418696)"
Private,260 Golden Gate St,CPO, ,G,29,0,0,medical,"(37.781885, -122.41462)"
Private,99 Harding Rd,CPO, ,L,374,0,0,entertainment,"(37.724088, -122.493355)"
Private,99 Harding Rd,CPO, ,L,48,0,0,entertainment,"(37.724516, -122.494471)"
Private,1050 Marin St,CPO, ,L,30,0,0,retail,"(37.749192, -122.386779)"
Private,2550 VAN NESS AVE,CPO, ,G,85,0,0,hotel,"(37.799024, -122.423529)"
Private,180 Pennsylvania St,CPO, ,L,60,0,0,retail,"(37.764324, -122.393832)"
Private,590 BAY ST,CPO, ,G,150,0,0,hotel,"(37.805402, -122.416466)"
Private,2357 Lombard St,CPO, ,L,20,0,0,restaurant,"(37.798995, -122.440009)"
Private,2095 Van Ness Ave,CPO, ,L,35,0,0,retail,"(37.794629, -122.423377)"
Private,1300 Columbus Ave,CPO, ,G,115,0,0,hotel,"(37.806115, -122.418065)"
Private,1500 Van Ness Ave,CPO, ,G,400,0,0,hotel,"(37.789342, -122.421657)"
Private,50 08th ST,CPO, ,G,200,0,0,hotel,"(37.777681, -122.41368)"
Private,550 NORTH POINT ST,CPO, ,G,96,0,0,hotel,"(37.806397, -122.416118)"
Private,1575 South Van Ness Ave,CPO, ,L,10,0,0,retail,"(37.748464, -122.415441)"
Private,3150 California St,CPO, ,L,24,0,0,retail,"(37.787504, -122.44596)"
Private,999 Brotherhood Way,CPO, ,L,160,0,0,religious,"(37.713946, -122.482646)"
Private,1674 Lombard St,CPO, ,L,9,0,0,retail,"(37.800956, -122.428857)"
Private,480 SUTTER ST,CPO, ,G,120,0,0,hotel,"(37.789433, -122.408042)"
Private,3100 WEBSTER ST,CPO, ,L,37,0,0,hotel,"(37.799192, -122.433788)"
Private,1500 Sutter St,CPO, ,G,20,0,0,hotel,"(37.787265, -122.42506)"
Private,1800 Sutter Street,CPO, ,G,30,0,0,hotel,"(37.786639, -122.429988)"
Private,617 Bryant St,CPO, ,L,19,0,0,retail,"(37.778965, -122.398203)"
Private,555 North Point St,CPO, ,G,101,0,0,hotel,"(37.805983, -122.416092)"
Private,2626 San Bruno Ave,CPO, ,L,14,0,0,restaurant,"(37.728346, -122.403997)"
Private,2349 Taylor St,CPO, ,L,13,0,0,restaurant,"(37.804061, -122.415055)"
Private,2299 Lombard St,CPO, ,L,13,0,0,restaurant,"(37.79913, -122.438948)"
Private,4675 Geary Blvd,CPO, ,L,9,0,0,restaurant,"(37.780498, -122.469041)"
Private,2201 VAN NESS AVE,CPO, ,L,57,0,0,hotel,"(37.795617, -122.423499)"
Private,435 Valencia St,CPO, ,L,12,0,0,retail,"(37.765997, -122.421546)"
Private,660 Selby St,CPO, ,L,80,0,0,retail,"(37.743182, -122.396828)"
Private,101 Utah St,CPO, ,L,150,0,0,retail,"(37.768255, -122.406338)"
Private,302 Silver Ave,CPO, ,L,165,0,0,medical,"(37.728421, -122.430868)"
Private,300 07th ST,CPO, ,L,22,0,0,automotive,"(37.776509, -122.407781)"
Private,638 04th St,CPO, ,L,14,0,0,retail,"(37.777673, -122.395948)"
Private,401 Newhall St,CPO, ,L,8,0,0,office,"(37.741717, -122.386212)"
Private,500 Turk St,CPO, ,L,10,0,0,automotive,"(37.782513, -122.417355)"
Private,438 Taraval St,CPO, ,L,20,0,0,retail,"(37.743425, -122.47052)"
Private,565 South Van Ness,CPO, ,L,35,0,0,retail,"(37.764378, -122.416967)"
Private,1375 Howard St,CPO, ,L,19,0,0,retail,"(37.774097, -122.413681)"
Private,1610 Jerrold Ave,CPO, ,L,12,0,0,restaurant,"(37.739063, -122.389324)"
Private,200 Duboce Ave,CPO, ,L,6,0,0,restaurant,"(37.769882, -122.424584)"
Private,2101 Lombard St,CPO, ,L,4,0,0,restaurant,"(37.799511, -122.435949)"
Private,4299 Mission St,CPO, ,L,15,0,0,restaurant,"(37.728747, -122.430592)"
Private,1150 Taraval St,CPO, ,L,4,0,0,restaurant,"(37.743088, -122.478204)"
Private,1572 Steiner St,CPO, ,L,13,0,0,restaurant,"(37.783802, -122.43405)"
Private,4190 Geary Blvd,CPO, ,L,10,0,0,restaurant,"(37.781259, -122.463955)"
Private,1825 Egbert Ave,CPO, ,L,26,0,0,retail,"(37.726739, -122.400034)"
Private,1152 Ocean Ave,CPO, ,L,119,0,0,retail,"(37.723873, -122.454987)"
Private,2150 Taraval St,CPO, ,L,6,0,0,retail,"(37.742617, -122.488918)"
Private,3825 Geary Blvd,CPO, ,G,40,0,0,retail,"(37.78083, -122.46054)"
Private,7001 Geary Blvd,CPO, ,L,5,0,0,restaurant,"(37.779381, -122.494137)"
Private,2599 Lombard St,CPO, ,L,51,0,0,hotel,"(37.798508, -122.443931)"
Private,280 Brighton Ave,CPO, ,L,22,0,0,restaurant,"(37.723173, -122.454684)"
Private,1225 La Playa St,CPO, ,L,18,0,0,restaurant,"(37.763354, -122.509848)"
Private,99 Lakeshore Plz,CPO, ,L,600,0,0,retail,"(37.733436, -122.490478)"
Private,2024 Ocean Ave,CPO, ,L,22,0,0,retail,"(37.726445, -122.464619)"
Private,3545 California St,CPO, ,L,221,0,0,retail,"(37.786273, -122.452285)"
Private,4175 Mission St,CPO, ,L,67,0,0,office,"(37.73002, -122.429473)"
Private,240 Townsend St,CPO, ,L,32,0,0,retail,"(37.778193, -122.393702)"
Private,300 Lake St,CPO, ,L,59,0,0,medical,"(37.78693, -122.462264)"
Private,1475 Lombard St,CPO, ,G,38,0,0,hotel,"(37.800842, -122.425464)"
Private,1110 Valencia St,CPO, ,L,14,0,0,retail,"(37.754826, -122.421028)"
Private,2576 Lombard St,CPO, ,G,20,0,0,hotel,"(37.799054, -122.443724)"
Private,299 02ND ST,CPO, ,G,120,0,0,hotel,"(37.785682, -122.396384)"
Private,1250 COLUMBUS AVE,CPO, ,G,73,0,0,hotel,"(37.805687, -122.417451)"
Private,55 04TH ST,CPO, ,G,250,0,0,hotel,"(37.785102, -122.40454)"
Private,975 Bush St,CPO, ,G,21,0,0,hotel,"(37.78934, -122.413008)"
Private,1889 Haight St,CPO, ,L,52,0,0,restaurant,"(37.768952, -122.453003)"
Private,189 Townsend St,CPO, ,L,13,0,0,restaurant,"(37.77889, -122.392083)"
Private,2103 16th St,CPO, ,L,16,0,0,restaurant,"(37.765531, -122.407626)"
Private,2821 Oakdale Ave,CPO, ,L,43,0,0,restaurant,"(37.742442, -122.404509)"
Private,345 Bay Shore,CPO, ,L,34,0,0,restaurant,"(37.805479, -122.412479)"
Private,5413 03rd St,CPO, ,L,37,0,0,restaurant,"(37.728028, -122.392539)"
Private,5450 Mission St,CPO, ,L,16,0,0,restaurant,"(37.713157, -122.444268)"
Private,570 Golden Gate Ave,CPO, ,L,20,0,0,restaurant,"(37.781245, -122.419755)"
Private,820 Bryant St,CPO, ,L,28,0,0,restaurant,"(37.775803, -122.402941)"
Private,1201 Ocean Ave,CPO, ,L,29,0,0,restaurant,"(37.723417, -122.455112)"
Private,2161 Lombard St,CPO, ,L,22,0,0,restaurant,"(37.799405, -122.43678)"
Private,3355 Geary Blvd,CPO, ,L,49,0,0,restaurant,"(37.781195, -122.454536)"
Private,989 Post St,CPO, ,L,12,0,0,office,"(37.786819, -122.417787)"
Private,701 Portola Dr,CPO, ,L,4,0,0,automotive,"(37.744359, -122.453012)"
Private,3068 16th St,CPO, ,L,16,0,0,service,"(37.765116, -122.421036)"
Private,798 Valencia St,CPO, ,L,10,0,0,retail,"(37.760279, -122.421481)"
RPD,2450 Harrison St,CPO, ,L,13,0,0,entertainment,"(37.757945, -122.412464)"
Private,2435 California St,CPO, ,L,60,0,0,grocery,"(37.788576, -122.43423)"
Private,5750 Mission St,CPO, ,L,10,0,0,service,"(37.709806, -122.450047)"
Private,100 Diamond St,CPO, ,L,35,0,0,religious,"(37.760534, -122.437244)"
Private,895 GEARY ST,CPO, ,G,57,0,0,hotel,"(37.785877, -122.41764)"
Private,1525 Burke Ave,CPO, ,L,60,0,0,retail,"(37.743935, -122.385473)"
Private,300 Ulloa St,CPO, ,L,28,0,0,religious,"(37.742058, -122.457213)"
Private,4 Persia Ave,CPO, ,L,14,0,0,service,"(37.723548, -122.43642)"
Private,49 Kern St,CPO, ,L,26,0,0,retail,"(37.733795, -122.43426)"
Private,2785 Newhall St,CPO, ,L,62,0,0,retail,"(37.727882, -122.39839)"
Private,1215 Fairfax Ave,CPO, ,L,12,0,0,office,"(37.738133, -122.381915)"
Private,1270 La Playa St,CPO, ,L,20,0,0,retail,"(37.762703, -122.509248)"
Private,1275 Fairfax Ave,CPO, ,L,26,0,0,office,"(37.73865, -122.382823)"
Private,1575 Burke Ave,CPO, ,L,12,0,0,office,"(37.744469, -122.38641)"
Private,1759 Lincoln Way,CPO, ,L,12,0,0,retail,"(37.765163, -122.476622)"
Private,220 Newhall St,CPO, ,L,44,0,0,retail,"(37.742615, -122.384169)"
Private,2598 Taylor St,CPO, ,L,19,0,0,retail,"(37.806236, -122.414967)"
Private,2648 03rd St,CPO, ,L,24,0,0,retail,"(37.756087, -122.388218)"
Private,900 Franklin St,CPO, ,G,43,0,0,hotel,"(37.782717, -122.422027)"
Private,1490 Ocean Ave,CPO, ,L,14,0,0,automotive,"(37.724465, -122.45779)"
Private,232 Dorado Ter,CPO, ,G,20,0,0,retail,"(37.726484, -122.461442)"
Private,1750 Harrison St,CPO, ,L,75,0,0,retail,"(37.769046, -122.413492)"
Private,3300 Cesar Chavez,CPO, ,L,3,0,0,automotive,"(37.748407, -122.415909)"
Private,599 Skyline Blvd,CPO, ,L,340,0,0,entertainment,"(37.714519, -122.496399)"
Private,1050 Van Ness Ave,CPO, ,L,30,0,0,hotel,"(37.785344, -122.420829)"
Private,855 Brotherhood Way,CPO, ,L,72,0,0,religious,"(37.714206, -122.478878)"
Private,5400 Mission St,CPO, ,L,4,0,0,automotive,"(37.713653, -122.443737)"
Private,2598 Bayshore Blvd,CPO, ,L,4,0,0,automotive,"(37.709034, -122.405187)"
Private,2000 19th Ave,CPO, ,L,3,0,0,automotive,"(37.7503, -122.475639)"
Private,325 04th St,CPO, ,L,9,0,0,retail,"(37.781868, -122.400469)"
Private,1555 Union St,CPO, ,L,30,0,0,hotel,"(37.798188, -122.42464)"
Private,975 BRYANT ST,CPO, ,L,50,0,0,retail,"(37.772926, -122.405845)"
Private,2946 Alemany Blvd,CPO, ,L,98,0,0,grocery,"(37.711782, -122.452506)"
Private,1157 Capp St,CPO, ,L,11,0,0,restaurant,"(37.748242, -122.417208)"
Private,3127 22nd St,CPO, ,L,8,0,0,restaurant,"(37.755272, -122.417064)"
Private,6001 Geary Blvd,CPO, ,L,8,0,0,service,"(37.779878, -122.483393)"
Private,1960 Carroll Ave,CPO, ,L,26,0,0,retail,"(37.72902, -122.399708)"
Private,651 BRANNAN ST,CPO, ,L,6,0,0,retail,"(37.77548, -122.399514)"
Private,250 Florida St,CPO, ,L,21,0,0,retail,"(37.766047, -122.411554)"
Private,1975 Market St,CPO, ,L,10,0,0,retail,"(37.769099, -122.426187)"
Private,3701 Noriega St,CPO, ,L,4,0,0,automotive,"(37.752799, -122.503167)"
Private,601 Eddy St,CPO, ,L,29,0,0,hotel,"(37.783039, -122.417463)"
Private,3535 Geary Blvd,CPO, ,L,22,0,0,retail,"(37.781026, -122.456615)"
Private,426 33rd Ave,CPO, ,L,7,0,0,religious,"(37.780985, -122.492954)"
Private,3349 Mission St,CPO, ,L,7,0,0,restaurant,"(37.743105, -122.420984)"
Private,3349 Mission St,CPO, ,L,8,0,0,restaurant,"(37.743105, -122.420984)"
Presidio,950 p-Mason St,CPO, ,L,140,0,0,restaurant,"(37.805281, -122.468629)"
Private,659 South Van Ness,CPO, ,L,16,0,0,retail,"(37.762619, -122.416796)"
Presidio,132 Fisher Loop,CPO, ,L,38,0,0,religious,"(37.799566, -122.461759)"
Private,2264 16th St,CPO, ,G,800,0,0,retail,"(37.765947, -122.409035)"
Private,2390 Market St,CPO, ,L,12,0,0,retail,"(37.763116, -122.434808)"
Presidio,1146 Gorgas Ave,CPO, ,L,135,0,0,entertainment,"(37.802948, -122.451021)"
Presidio,51 P-Arguello Blvd,CPO, ,L,148,0,0,entertainment,"(37.790462, -122.459219)"
Private,2361 Lombard St,CPO, ,L,20,0,0,hotel,"(37.798988, -122.440064)"
Private,1500 19th Ave,CPO, ,L,6,0,0,automotive,"(37.759625, -122.476281)"
Private,210 Beach St,CPO, ,G,165,0,0,hotel,"(37.807808, -122.412479)"
Private,1748 Folsom St,CPO, ,G,42,0,0,grocery,"(37.769229, -122.414886)"
Private,1940 Lombard St,CPO, ,G,16,0,0,hotel,"(37.800389, -122.433322)"
Private,240 07th St,CPO, ,L,15,0,0,hotel,"(37.777259, -122.408722)"
Private,855 Terry A Francois Blvd,CPO, ,L,40,0,0,restaurant,"(37.764853, -122.386755)"
Private,1530 Lombard St,CPO, ,L,27,0,0,hotel,"(37.801242, -122.426604)"
Private,840 Brannan St,CPO, ,L,110,0,0,retail,"(37.772401, -122.404145)"
Private,1965 Market St,CPO, ,L,29,0,0,service,"(37.769465, -122.425868)"
Private,2045 Evans,CPO, ,L,86,0,0,retail,"(37.747613, -122.396405)"
Private,1580 Tennessee St,CPO, ,L,13,0,0,retail,"(37.751656, -122.388719)"
RPD,251 18th Ave,CPO, ,L,16,0,0,entertainment,"(37.783216, -122.477511)"
Private,231 Dorado Ter,CPO, ,G,60,0,0,retail,"(37.726079, -122.461488)"
Private,2828 Sloat Blvd,CPO, ,L,35,0,0,hotel,"(37.735717, -122.504362)"
Private,101 09th St,CPO, ,L,22,0,0,hotel,"(37.77605, -122.413914)"
Private,860 Eddy St,CPO, ,G,16,0,0,hotel,"(37.782926, -122.421639)"
Private,685 07th St,CPO, ,L,37,0,0,retail,"(37.772179, -122.401615)"
Private,6333 Geary Blvd,CPO, ,L,31,0,0,restaurant,"(37.779655, -122.487048)"
Private,211 Industrial Ave,CPO, ,L,33,0,0,office,"(37.738314, -122.404351)"
Private,5501 03rd St,CPO, ,L,7,0,0,retail,"(37.727616, -122.392777)"
Private,1391 Webster St,CPO, ,L,270,0,0,grocery,"(37.783534, -122.431445)"
Private,15 Marina Blvd,CPO, ,L,175,0,0,grocery,"(37.80492, -122.432227)"
Private,2050 Market St,CPO, ,L,223,0,0,grocery,"(37.768348, -122.428196)"
Private,215 Townsend St,CPO, ,G,250,0,0,grocery,"(37.777227, -122.3934)"
Private,2350 Noriega St,CPO, ,L,80,0,0,grocery,"(37.753854, -122.488628)"
Private,3350 Mission St,CPO, ,L,118,0,0,grocery,"(37.743086, -122.421579)"
Private,4950 Mission St,CPO, ,L,119,0,0,grocery,"(37.719447, -122.438874)"
Private,5290 Diamond Heights Blvd,CPO, ,L,142,0,0,grocery,"(37.743589, -122.438122)"
Private,631 Monterey Blvd,CPO, ,L,63,0,0,grocery,"(37.73124, -122.449455)"
Private,730 Taraval St,CPO, ,G,66,0,0,grocery,"(37.743284, -122.473747)"
Private,850 La Playa St,CPO, ,L,187,0,0,grocery,"(37.772276, -122.509516)"
Private,490 Goettingen St,CPO, ,L,15,0,0,religious,"(37.725744, -122.406209)"
Private,300 Deharo St,CPO, ,L,15,0,0,restaurant,"(37.76594, -122.401777)"
Private,2480 San Bruno Ave,CPO, ,L,21,0,0,grocery,"(37.730452, -122.404864)"
Private,3800 03rd St,CPO, ,L,4,0,0,automotive,"(37.742753, -122.387989)"
Private,146 Executive Park Blvd,CPO, ,L,436,0,0,office,"(37.711016, -122.391436)"
Private,156 Executive Park Blvd,CPO, ,L,135,0,0,office,"(37.710997, -122.393391)"
Private,1022 Peralta Ave,CPO, ,L,245,0,0,grocery,"(37.736874, -122.409199)"
Private,1828 Egbert Ave,CPO, ,L,59,0,0,retail,"(37.727157, -122.399987)"
Private,1388 46th Ave,CPO, ,L,16,0,0,retail,"(37.760724, -122.505504)"
Private,2200 Bayshore Blvd,CPO, ,L,8,0,0,retail,"(37.712345, -122.402336)"
Private,2222 Taraval St,CPO, ,L,15,0,0,retail,"(37.74258, -122.489745)"
Private,3080 San Jose Ave,CPO, ,L,12,0,0,retail,"(37.709954, -122.457329)"
SFDPH,240 Shotwell St,CPO, ,L,24,0,0,medical,"(37.764918, -122.416427)"
Private,1750 Lombard St,CPO, ,L,12,0,0,hotel,"(37.800789, -122.430171)"
Presidio,112 Fisher Loop,CPO, ,L,48,0,0,religious,"(37.79955, -122.461961)"
Private,501 Tunnel Ave,CPO, ,L,21,0,0,office,"(37.708475, -122.400881)"
SFFD,655 Presidio Ave,CPO, ,L,11,0,0,entertainment,"(37.785717, -122.446575)"
SFGH,905 Potrero,CPO, ,L,24,0,0,medical,"(37.75773, -122.406127)"
Private,2399 19th Ave,CPO, ,L,11,0,0,automotive,"(37.743169, -122.475783)"
Private,3035 Geary Blvd,CPO, ,L,5,0,0,automotive,"(37.781609, -122.451253)"
Private,319 Bay Shore Blvd,CPO, ,L,4,0,0,automotive,"(37.742603, -122.404945)"
Private,1549 Silver Ave,CPO, ,L,10,0,0,automotive,"(37.732638, -122.405418)"
Private,2501 California St,CPO, ,L,9,0,0,automotive,"(37.788425, -122.435419)"
Private,320 04th St,CPO, ,L,4,0,0,retail,"(37.781582, -122.400842)"
Private,2525 Irving St,CPO, ,L,18,0,0,retail,"(37.762963, -122.484741)"
Private,3911 03rd St,CPO, ,L,160,0,0,retail,"(37.741637, -122.387747)"
Private,2190 Carroll Ave,CPO, ,L,5,0,0,automotive,"(37.730714, -122.402945)"
Private,1548 Silver Ave,CPO, ,L,5,0,0,automotive,"(37.732297, -122.405128)"
Private,92 The Embarcadero,CPO, ,L,42,0,0,restaurant,"(37.795281, -122.392068)"
Private,2700 Sloat Blvd,CPO, ,L,35,0,0,retail,"(37.735628, -122.502821)"
Private,174 South Van Ness Ave,CPO, ,L,34,0,0,retail,"(37.770495, -122.417962)"
Private,353 Bay Shore Blvd,CPO, ,L,56,0,0,retail,"(37.741856, -122.405501)"
Private,2401 Keith St,CPO, ,L,5,0,0,medical,"(37.725993, -122.391889)"
Private,3050 23rd St,CPO, ,L,19,0,0,retail,"(37.754328, -122.412861)"
Private,1195 Evans Ave,CPO, ,L,23,0,0,retail,"(37.738359, -122.380742)"
Private,1690 Folsom St,CPO, ,L,56,0,0,retail,"(37.769819, -122.41556)"
Private,1590 Bryant St,CPO, ,L,32,0,0,retail,"(37.767192, -122.410769)"
Presidio,610 p-Mason St,CPO, ,L,400,0,0,retail,"(37.803128, -122.458125)"
Presidio,694 p-Mason ST,CPO, ,L,30,0,0,retail,"(37.803437, -122.456789)"
Private,1810 Pierce St,CPO, ,L,100,0,0,religious,"(37.786755, -122.436335)"
Private,825 Newhall St,CPO, ,L,12,0,0,religious,"(37.739161, -122.388517)"
Private,1940 Turk St,CPO, ,L,13,0,0,religious,"(37.779529, -122.440892)"
Private,245 Olympia Way,CPO, ,L,49,0,0,religious,"(37.750992, -122.451113)"
Private,1111 Gough St,CPO, ,G,200,0,0,religious,"(37.784623, -122.425286)"
Private,3281 16th St,CPO, ,L,25,0,0,religious,"(37.764423, -122.425658)"
Private,5200 Diamond Heights Blvd,CPO, ,L,14,0,0,religious,"(37.744901, -122.44005)"
Private,1248 Alabama St,CPO, ,L,48,0,0,religious,"(37.751838, -122.410957)"
Private,1025 Masonic St,CPO, ,L,55,0,0,religious,"(37.771717, -122.446149)"
Private,3215 Cesar Chavez St,CPO, ,L,48,0,0,religious,"(37.747934, -122.414239)"
Private,2250 Hayes St,CPO, ,L,111,0,0,medical,"(37.773404, -122.453119)"
Private,1300 Junipero Serra Blvd,CPO, ,L,50,0,0,religious,"(37.714094, -122.471762)"
Private,1727 Lombard St,CPO, ,L,49,0,0,hotel,"(37.8003, -122.429732)"
Private,3251 20th Avenue,CPO, ,L,3700,0,0,retail,"(37.728946, -122.47604)"
Private,65 Cambon Dr,CPO, ,L,80,0,0,retail,"(37.718091, -122.474036)"
Private,1840 POWELL ST,CPO, ,G,50,0,0,religious,"(37.801551, -122.410651)"
Private,1700 Noriega St,CPO, ,L,5,0,0,automotive,"(37.754156, -122.481764)"
Private,2801 Vicente St,CPO, ,L,11,0,0,grocery,"(37.738119, -122.496758)"
Private,2440 Lombard St,CPO, ,L,16,0,0,hotel,"(37.799329, -122.441552)"
Private,2265 Lombard St,CPO, ,L,25,0,0,hotel,"(37.79919, -122.438479)"
Private,3898 California St,CPO, ,L,11,0,0,automotive,"(37.785851, -122.458919)"
Private,7355 Geary Blvd,CPO, ,L,17,0,0,automotive,"(37.779171, -122.497966)"
Private,154 South Van Ness Ave,CPO, ,L,7,0,0,retail,"(37.771023, -122.418165)"
Private,3201 17th St,CPO, ,L,17,0,0,automotive,"(37.763349, -122.41742)"
Private,65 Beverly St,CPO, ,L,24,0,0,religious,"(37.717162, -122.471694)"
Private,2200 Market St,CPO, ,L,15,0,0,restaurant,"(37.765716, -122.431384)"
Private,1446 McAllister St,CPO, ,L,35,0,0,religious,"(37.77827, -122.435685)"
Presidio,1030 Edie Rd,CPO, ,L,160,0,0,office,"(37.801108, -122.451869)"
Private,2502 Geary St,CPO, ,L,7,0,0,restaurant,"(37.78291, -122.444477)"
Private,1650 Lombard St,CPO, ,L,22,0,0,hotel,"(37.800998, -122.428525)"
Private,3 Masonic Ave,CPO, ,L,60,0,0,grocery,"(37.783126, -122.447271)"
Private,401 Bay St,CPO, ,G,48,0,0,grocery,"(37.805347, -122.413538)"
Private,555 09th St,CPO, ,G,378,0,0,grocery,"(37.770716, -122.407328)"
Private,1450 Lombard St,CPO, ,G,50,0,0,hotel,"(37.801415, -122.425241)"
Private,1707 Market St,CPO, ,L,39,0,0,hotel,"(37.771962, -122.42213)"
Private,2230 Lombard St,CPO, ,L,25,0,0,hotel,"(37.79978, -122.438118)"
Private,130 Townsend St,CPO, ,L,7,0,0,restaurant,"(37.78019, -122.391172)"
Private,333 Bay St,CPO, ,G,5,0,0,office,"(37.805499, -122.412317)"
Private,2500 Bayshore Blvd,CPO, ,L,2,0,0,automotive,"(37.710373, -122.404443)"
Private,5301 03rd St,CPO, ,L,6,0,0,government,"(37.729205, -122.392171)"
Private,1140 Crescent Ave,CPO, ,L,25,0,0,retail,"(37.734388, -122.411714)"
Private,438 08th St,CPO, ,G,30,0,0,retail,"(37.773099, -122.407924)"
Private,901 Fillmore St,CPO, ,L,31,0,0,religious,"(37.777712, -122.43166)"
Private,889 Tennessee St,CPO, ,L,23,0,0,medical,"(37.760635, -122.389059)"
Private,4991 03rd St,CPO, ,L,18,0,0,service,"(37.733095, -122.390792)"
Private,385 09th St,CPO, ,G,16,0,0,hotel,"(37.772847, -122.409978)"
Private,301 Claremont Blvd,CPO, ,L,11,0,0,automotive,"(37.740451, -122.46463)"
Private,2991 San Bruno Ave,CPO, ,L,2,0,0,automotive,"(37.724039, -122.401666)"
VA,4150 Clement St,CPO, ,L,1214,0,0,medical,"(37.782172, -122.504587)"
Private,1 Newhall St,CPO, ,L,28,0,0,retail,"(37.739055, -122.377772)"
Private,1990 Ocean Ave,CPO, ,L,25,0,0,religious,"(37.72616, -122.46406)"
Private,181 03RD ST,CPO, ,G,400,0,0,hotel,"(37.785383, -122.400421)"
Private,2120 POLK ST,CPO, ,L,28,0,0,retail,"(37.796181, -122.421373)"
Private,5300 03rd St,CPO, ,L,44,0,0,retail,"(37.729287, -122.392705)"
Private,660 04th St,CPO, ,G,10,0,0,retail,"(37.777343, -122.395535)"
Private,1301 Franklin St,CPO, ,L,22,0,0,retail,"(37.786368, -122.42329)"
Private,1690 Ocean Ave,CPO, ,L,20,0,0,retail,"(37.724842, -122.459573)"
Private,199 Parnassus Ave,CPO, ,L,13,0,0,retail,"(37.764275, -122.452203)"
Private,2131 Ofarrell,CPO, ,L,23,0,0,retail,"(37.782131, -122.439752)"
Private,2225 Bush St,CPO, ,L,9,0,0,retail,"(37.786707, -122.433716)"
Private,270 Fell Street,CPO, ,G,15,0,0,retail,"(37.776174, -122.4221)"
Private,3001 Taraval St,CPO, ,L,21,0,0,retail,"(37.741796, -122.498093)"
Private,3201 Divisadero St,CPO, ,L,21,0,0,retail,"(37.799017, -122.442735)"
Private,70 Capp St,CPO, ,L,61,0,0,retail,"(37.765686, -122.418723)"
Private,795 Eddy St,CPO, ,L,25,0,0,retail,"(37.78267, -122.420369)"
Private,1199 Potrero Ave,CPO, ,L,24,0,0,retail,"(37.753117, -122.405563)"
Private,2145 Market St,CPO, ,G,30,0,0,retail,"(37.766552, -122.429423)"
Private,104 Vicente Ave,CPO, ,G,15,0,0,service,"(37.740035, -122.467217)"
Private,153 West Portal Ave,CPO, ,L,15,0,0,service,"(37.738973, -122.467226)"
Private,1740 Divisadero St,CPO, ,L,6,0,0,service,"(37.785635, -122.439459)"
Private,3027 16th St,CPO, ,L,10,0,0,service,"(37.764764, -122.420011)"
Private,3670 Geary Blvd,CPO, ,L,21,0,0,service,"(37.781508, -122.458328)"
Private,800 Ulloa St,CPO, ,L,5,0,0,automotive,"(37.740803, -122.464949)"
Private,2601 Mason St,CPO, ,L,38,0,0,hotel,"(37.807496, -122.414061)"
Private,200 Jennings St,CPO, ,L,42,0,0,office,"(37.739138, -122.377881)"
Private,3315 18th St,CPO, ,L,23,0,0,restaurant,"(37.761691, -122.417345)"
Private,1765 California St,CPO, ,G,90,0,0,grocery,"(37.789988, -122.423123)"
Private,450 Rhode Island St,CPO, ,G,155,0,0,grocery,"(37.764069, -122.402571)"
Private,2715 Geary Blvd,CPO, ,L,17,0,0,automotive,"(37.781992, -122.44805)"
Private,1791 Ocean Ave,CPO, ,L,15,0,0,automotive,"(37.724642, -122.460938)"
Private,1220 06th St,CPO, ,L,14,0,0,restaurant,"(37.765624, -122.462757)"
Private,354 18th Ave,CPO, ,L,11,0,0,entertainment,"(37.781284, -122.476853)"
Private,1555 Yosemite,CPO, ,L,81,0,0,office,"(37.726148, -122.390771)"
Private,3489 Mission St,CPO, ,L,9,0,0,restaurant,"(37.741053, -122.422311)"
Private,2511 California St,CPO, ,L,9,0,0,service,"(37.788407, -122.435553)"
Private,540 Ellis St,CPO, ,L,15,0,0,hotel,"(37.784726, -122.41496)"
Private,100 Buchanan St,CPO, ,L,80,0,0, ,"(37.771535, -122.42642)"
Private,281 Noe St,CPO, ,G,39,0,0, ,"(37.764887, -122.432749)"
Private,50 Trumbull St,CPO, ,L,40,0,0,grocery,"(37.730522, -122.428742)"
Private,100 Valencia St,CPO, ,L,6,0,0, ,"(37.771303, -122.422517)"
Private,1479 Illinois St,CPO, ,L,25,0,0, ,"(37.753291, -122.386322)"
Private,1490 Illinois St,CPO, ,L,20,0,0, ,"(37.753134, -122.386989)"
Private,2955 03rd St,CPO, ,L,30,0,0, ,"(37.752073, -122.387162)"
Private,898 Pennsylvania St,CPO, ,L,50,0,0, ,"(37.755154, -122.393259)"
Private,902 Pennsylvania St,CPO, ,L,40,0,0, ,"(37.754777, -122.393234)"
Private,501 23rd St,CPO, ,L,55,0,0, ,"(37.755309, -122.383242)"
Private,2201 Market St,CPO, ,L,8,0,0,retail,"(37.765395, -122.430998)"
Private,431 South Van Ness,CPO, ,L,15,0,0, ,"(37.766137, -122.417067)"
Private,392 South Van Ness Ave,CPO, ,L,12,0,0, ,"(37.766933, -122.417745)"
Private,750 South Van Ness Ave,CPO, ,L,10,0,0, ,"(37.761116, -122.416623)"
Private,451 Capp St,CPO, ,L,46,0,0, ,"(37.759525, -122.417155)"
Private,890 South Van Ness Ave,CPO, ,L,12,0,0, ,"(37.758863, -122.416937)"
Private,462 Florida St,CPO, ,L,20,0,0, ,"(37.763308, -122.411715)"
Private,2480 16th St,CPO, ,L,12,0,0, ,"(37.765714, -122.410964)"
Private,2428 16th St,CPO, ,L,18,0,0, ,"(37.765365, -122.410673)"
Private,986 South Van Ness Ave,CPO, ,L,8,0,0, ,"(37.757395, -122.416812)"
Private,966 South Van Ness Ave,CPO, ,L,28,0,0, ,"(37.758041, -122.416868)"
Private,50 14th St,CPO, ,L,13,0,0, ,"(37.768699, -122.41456)"
Private,180 14th St,CPO, ,L,20,0,0,retail,"(37.768543, -122.417383)"
Private,214 14th St,CPO, ,L,22,0,0,retail,"(37.768529, -122.417927)"
Private,215 14th St,CPO, ,L,24,0,0,retail,"(37.768172, -122.417866)"
Private,1811 Noriega Ave,CPO, ,L,27,0,0,service,"(37.753974, -122.476687)"
Private,1799 19th Ave,CPO, ,L,10,0,0,automotive,"(37.754392, -122.476623)"
SFPL,Scott St,CPO, ,L,20,0,0,retail,"(37.784331, -122.437409)"
Private,2140 Geary Blvd,CPO, ,L,30,0,0,office,"(37.783849, -122.438333)"
medical,Geary,CPO, ,L,20,0,0, ,"(37.783156, -122.442183)"
Private,Masonic,CPO, ,L,20,0,0,restaurant,"(37.782777, -122.447215)"
Private,2700 Geary,CPO, ,L,20,0,0,office,"(37.782818, -122.448166)"
Private,Lorraine Ct,CPO, ,L,42,0,0,religious,"(37.780454, -122.457133)"
Private,Stanyan St,CPO, ,L,18,0,0,retail,"(37.780696, -122.456292)"
Private,04th Ave,CPO, ,L,24,0,0,retail,"(37.780531, -122.461635)"
Private,Geary Blvd,CPO, ,L,10,0,0,automotive,"(37.780543, -122.467591)"
Private,10th Ave,CPO, ,L,20,0,0,religious,"(37.780288, -122.467985)"
Private,29 Rockaway Ave,CPO, ,L,30,0,0,religious,"(37.743506, -122.455367)"
GGNRA,99 Battery Chamberlin,FPA, ,L,100,0,0, ,"(37.792183, -122.483682)"
GGNRA,99 Gibson Rd,FPA, ,L,55,0,0, ,"(37.790062, -122.483796)"
DPW,701 Great Hwy,FPA, ,L,157,0,0, ,"(37.774667, -122.511729)"
RPD,98 Seargeant John Young St,FPA, ,L,64,0,0, ,"(37.725159, -122.444994)"
RPD,99 Havelock St,FPA, ,L,12,0,0, ,"(37.72649, -122.443216)"
Presidio,99 p-Lincoln Blvd,FPA, ,L,49,0,0, ,"(37.803197, -122.476696)"
State of CA,171 Hunters Point Expy,FPA, ,L,176,0,0, ,"(37.711055, -122.381151)"
State of CA,195 Hunters Point Expy,FPA, ,L,63,0,0, ,"(37.709499, -122.381434)"
GGNRA,340 Sea Cliff Ave,FPA, ,L,31,0,0, ,"(37.787251, -122.490992)"
Presidio,99 Zanowitz St,FPA, ,L,280,0,0, ,"(37.805732, -122.451675)"
GGNRA,50 Merrie Way,FPA, ,L,100,0,0, ,"(37.780024, -122.511658)"
RPD,1 Telegraph Hill Blvd,FPA, ,L,30,0,0, ,"(37.802799, -122.405801)"
Presidio,215 Gorgas Ave,FPA, ,L,96,0,0, ,"(37.803123, -122.452865)"
RPD,1641 Geneva Ave,FPA, ,L,110,0,0, ,"(37.711994, -122.427879)"
RPD,725 Moscow St,FPA, ,L,88,0,0, ,"(37.715979, -122.431087)"
Presidio,848 P-Mason St,FPA, ,L,26,0,0, ,"(37.803066, -122.465356)"
RPD,2500 17th St,FPA, ,L,42,0,0, ,"(37.76485, -122.408397)"
GGNRA,656 Skyline Blvd,FPA, ,L,42,0,0, ,"(37.715938, -122.499032)"
GGNRA,Fort Funston Rd,FPA, ,L,290,0,0, ,"(37.713229, -122.49992)"
RPD,50 Marina Blvd,FPA, ,L,97,0,0, ,"(37.805264, -122.432798)"
RPD,1000 Great Hwy,FPA, ,L,82,0,0, ,"(37.769001, -122.51013)"
RPD,1999 John F Kennedy Dr,FPA, ,L,70,0,0, ,"(37.767795, -122.507305)"
RPD,1820 Martin Luther King Jr Dr,FPA, ,L,22,0,0, ,"(37.765691, -122.50073)"
RPD,110 Stow Lake Dr,FPA, ,L,25,0,0, ,"(37.770482, -122.477059)"
RPD,200 Bowling Green Dr,FPA, ,L,45,0,0, ,"(37.768485, -122.458924)"
RPD,1740 Martin Luther King Jr Dr,FPA, ,L,35,0,0, ,"(37.76578, -122.499405)"
RPD,6335 Fulton St,FPA, ,L,30,0,0, ,"(37.77129, -122.498884)"
RPD,1232 John F Kennedy Dr,FPA, ,L,48,0,0, ,"(37.770067, -122.48703)"
RPD,990 47th Ave,FPA, ,L,46,0,0, ,"(37.769463, -122.507666)"
RPD,98 Metson Rd,FPA, ,L,60,0,0, ,"(37.766522, -122.495478)"
RPD,6163 Fulton St,FPA, ,L,31,0,0, ,"(37.771733, -122.496736)"
RPD,1730 Sunnydale Ave,FPA, ,L,55,0,0, ,"(37.712306, -122.416653)"
RPD,1145 Lake Merced Blvd,FPA, ,L,38,0,0, ,"(37.7131, -122.485421)"
RPD,318 John Muir Dr,FPA, ,L,170,0,0, ,"(37.711918, -122.488671)"
RPD,500 John Muir Dr,FPA, ,L,26,0,0, ,"(37.715458, -122.492842)"
Presidio,130 P-Arguello Blvd,FPA, ,L,22,0,0, ,"(37.791964, -122.458383)"
RPD,1298 El Camino Del Mar,FPA, ,L,54,0,0, ,"(37.785371, -122.499242)"
RPD,3750 Clement St,FPA, ,L,110,0,0, ,"(37.781708, -122.49489)"
RPD,1350 El Camino Del Mar,FPA, ,L,227,0,0, ,"(37.785116, -122.501319)"
RPD,370 Marina Blvd,FPA, ,L,468,0,0, ,"(37.806401, -122.439032)"
RPD,150 Marina Blvd,FPA, ,L,204,0,0, ,"(37.805768, -122.434358)"
RPD,75 John F Shelley Dr,FPA, ,L,85,0,0, ,"(37.721799, -122.418069)"
RPD,55 John F Shelley Dr,FPA, ,L,4,0,0, ,"(37.722905, -122.42152)"
RPD,1720 Sunnydale Ave,FPA, ,L,10,0,0, ,"(37.712299, -122.416622)"
DPW,1075 Great Hwy,FPA, ,L,406,0,0, ,"(37.767401, -122.511022)"
RPD,2199 Jefferson St,FPA, ,L,116,0,0, ,"(37.803842, -122.44784)"
Presidio,51 Palace of Fine Arts,FPA, ,L,276,0,0, ,"(37.803436, -122.449799)"
Presidio,104 P-Montgomery St,FPA, ,L,843,0,0, ,"(37.801249, -122.457428)"
GGNRA,2400 El Camino del Mar,FPA, ,L,150,0,0, ,"(37.782262, -122.509126)"
Presidio,11 Ralston Ave,FPA, ,L,31,0,0, ,"(37.80397, -122.475156)"
Presidio,1155 Gorgas Ave,FPA, ,L,98,0,0, ,"(37.802473, -122.451639)"
Presidio,173 Pena St,FPA, ,L,292,0,0, ,"(37.798135, -122.458082)"
Presidio,1820 Wedemeyer St,FPA, ,L,16,0,0, ,"(37.787369, -122.47364)"
Presidio,1825 Wedemeyer St,FPA, ,L,16,0,0, ,"(37.787641, -122.473168)"
Presidio,1843 Wedemeyer St,FPA, ,L,196,0,0, ,"(37.787447, -122.474618)"
Presidio,298 Gorgas Ave,FPA, ,L,44,0,0, ,"(37.803745, -122.453235)"
Presidio,51 P-Ord St,FPA, ,L,130,0,0, ,"(37.800293, -122.460526)"
Presidio,974 P-Lincoln Blvd,FPA, ,L,70,0,0, ,"(37.807104, -122.471947)"
Presidio,2 Howard Rd,FPA, ,L,130,0,0, ,"(37.788298, -122.481104)"
Private,197 Museum Way,FPA, ,L,73,0,0, ,"(37.764238, -122.438898)"
Private,2446 17th St,FPA, ,L,40,0,0, ,"(37.765017, -122.407807)"
DPW,2801 Great Hwy,FPA, ,L,85,0,0, ,"(37.734315, -122.507)"
Presidio,746 Morton St,FPA, ,L,25,0,0, ,"(37.795589, -122.453199)"
Presidio,874 P-Mason St,FPA, ,L,31,0,0, ,"(37.80337, -122.467071)"
RPD,751 Point Lobos Ave,FPA, ,L,50,0,0, ,"(37.778819, -122.511976)"
Private,50 Christmas Tree Point Rd,FPA, ,L,53,0,0, ,"(37.755034, -122.446597)"
RPD,3100 Quintara,FPA, ,L,37,0,0, ,"(37.747804, -122.498516)"
RPD,41 Yacht Rd,FPA, ,L,147,0,0, ,"(37.806726, -122.447235)"
Presidio, ,FPA, ,L,80,0,0, ,"(37.789327, -122.461089)"
Presidio,p-Hamilton St,FPA, ,L,150,0,0, ,"(37.807006, -122.469893)"
Presidio,Marine Dr,FPA, ,L,65,0,0, ,"(37.809304, -122.475508)"
Private,375 Berry St,PPA, ,L,210,0,0, ,"(37.772971, -122.397162)"
Private,560 Geary St,PPA, , ,25,0,0, ,"(37.786881, -122.412629)"
